Time,Displacement,Force,Machine Displacement,Engineering Strain,Engineering Stress,True Strain,True Stress
s,mm,kN,mm,,MPa,,MPa
0,0.0007862885978011228,0.129893,0,3.1451543912044914e-05,6.604824221529433,3.1451049322716356e-05,6.605031953448468
0.23,0.0007758009978011229,0.144038,0.00063324,3.103203991204491e-05,7.324071899337581,3.10315584281594e-05,7.3242991802290796
0.440001,0.0009756455978011229,0.144382,0.000709534,3.902582391204491e-05,7.341563677433445,3.9025062424365746e-05,7.341850188004759
0.660001,0.0008848420978011228,0.14366,0.00143433,3.5393683912044914e-05,7.304851282708985,3.539305757049236e-05,7.3051098283063105
0.870001,0.0015087345978011227,0.236466,0.00687409,6.034938391204491e-05,12.0238686023741,6.034756296116539e-05,12.02459423543649
1.08,0.002220958597801123,0.343977,0.0133438,8.883834391204493e-05,17.490608587445276,8.88343980199559e-05,17.492162424146198
1.29,0.002862958597801123,0.44916,0.0192337,0.00011451834391204492,22.83897398121654,0.00011451178718698827,22.841589462693516
1.5,0.003844268597801123,0.59106,0.026329,0.0001537707439120449,30.05433244576064,0.0001537589224031071,30.058953922818606
1.72,0.0046096985978011235,0.708164,0.0325012,0.00018438794391204493,36.00885913802259,0.00018437094654451199,36.015498737521675
1.93,0.0053527985978011235,0.829113,0.0384293,0.00021411194391204495,42.15889712905955,0.00021408902522119882,42.16792385247704
2.13,0.0060657985978011236,0.960489,0.0443802,0.00024263194391204495,48.83912921953133,0.00024260251354224082,48.85097915239283
2.33,0.0068667385978011235,1.09453,0.0509415,0.0002746695439120449,55.65487174205392,0.0002746318291387081,55.67015844029179
2.54,0.007828958597801123,1.24439,0.0572205,0.0003131583439120449,63.27498181602558,0.00031310932007235843,63.294796904542146
2.74,0.008739268597801123,1.38375,0.0634232,0.0003495707439120449,70.36118587253625,0.00034950965829497985,70.38578208462425
2.94,0.009551868597801123,1.52805,0.0697021,0.0003820747439120449,77.69857999821429,0.0003820017719436578,77.72826666326944
3.14,0.010765058597801122,1.68458,0.0763245,0.0004306023439120449,85.65784751375402,0.00043050966132799164,85.69473198366791
3.35,0.011580788597801123,1.82449,0.0817719,0.0004632315439120449,92.77201807594123,0.00046312428530294406,92.8149930011064
3.56,0.012727788597801123,2.00304,0.0882645,0.0005091115439120449,101.85096278238484,0.0005089819905994316,101.9028162832959
3.77001,0.013870888597801122,2.15518,0.094635,0.0005548355439120449,109.58700673443376,0.0005546816795819104,109.64780950092094
3.97001,0.014643988597801123,2.32751,0.100571,0.0005857595439120449,118.34967568577191,0.000585588053755133,118.41900013782374
4.18001,0.015684888597801122,2.48894,0.106178,0.0006273955439120448,126.55809934279343,0.0006271988136085844,126.63750133036707
4.38001,0.016834288597801124,2.68026,0.113121,0.0006733715439120449,136.28637546285387,0.0006731449310180059,136.37814682991348
4.60001,0.017999188597801124,2.84858,0.118713,0.0007199675439120449,144.84514316371406,0.0007197084916119129,144.9494269656852
4.80001,0.019245388597801123,3.05166,0.12571,0.0007698155439120449,155.1713940233308,0.0007695193879067383,155.29084737442045
5.00001,0.020374788597801122,3.22869,0.13195,0.0008149915439120449,164.1730494777229,0.0008146596186355869,164.3068491247855
5.20001,0.021458288597801124,3.41701,0.137817,0.0008583315439120449,173.74878102136591,0.0008579633880439585,173.89791508083283
5.40001,0.022540788597801124,3.58147,0.143867,0.0009016315439120449,182.11127470056906,0.0009012253183504564,182.27547197034113
5.62001,0.023431788597801123,3.76078,0.149788,0.0009372715439120449,191.22886403303843,0.000936832579203149,191.4080974056712
5.82001,0.024755588597801123,3.97257,0.15696,0.0009902235439120449,201.99800264618708,0.0009897335959906045,202.19802582423054
6.02001,0.025790588597801124,4.15597,0.162643,0.001031623543912045,211.32356108450554,0.0010310917860284323,211.54156744550366
6.23001,0.026936088597801125,4.33096,0.168579,0.001077443543912045,220.2214862269338,0.0010768635182094582,220.4587624454997
6.44001,0.028349088597801123,4.55115,0.174957,0.001133963543912045,231.41774965405122,0.001133321092884077,231.6801689455731
6.64001,0.029480188597801125,4.749,0.180794,0.001179207543912045,241.47806446878027,0.0011785128247880081,241.76281722409115
6.84001,0.030656888597801125,4.94008,0.186691,0.001226275543912045,251.19413702272732,0.0012255242821638344,251.5021702497324
7.06001,0.031828788597801125,5.13158,0.192657,0.0012731515439120449,260.9315658173728,0.0012723417737189706,261.2637712432486
7.25001,0.033033188597801126,5.3417,0.199631,0.0013213275439120451,271.61578794964913,0.0013204553588831672,271.9746813716284
7.45001,0.03424878859780112,5.53599,0.205688,0.0013699515439120449,281.4950832003628,0.0013690140164428516,281.8807178241968
7.66001,0.03567608859780112,5.76733,0.212738,0.001427043543912045,293.2583039698316,0.001426026284940885,293.6767963392104
7.85001,0.03668898859780113,5.94553,0.217682,0.001467559543912045,302.31945180902653,0.0014664837308224037,302.7631236058391
8.07001,0.03799408859780112,6.17198,0.224365,0.0015197635439120449,313.834024918935,0.0015186098720218488,314.310978428846
8.28001,0.03939238859780112,6.39323,0.231155,0.001575695543912045,325.0841874297199,0.0015744554382036897,325.5964211352492
8.50001,0.040616688597801126,6.60599,0.236816,0.001624667543912045,335.9026487892436,0.0016233491993191658,336.44837892064555
8.70001,0.04189888859780112,6.8063,0.243301,0.001675955543912045,346.0880501566349,0.0016745526976061533,346.6680783429766
8.91001,0.04310468859780112,7.0334,0.249893,0.001724187543912045,357.6356745914338,0.0017227028389302974,358.25230556682294
9.13001,0.044428288597801124,7.23638,0.255882,0.001777131543912045,367.9568406318366,0.0017755543140034848,368.6107483401217
9.32001,0.045689588597801124,7.43501,0.261749,0.001827583543912045,378.0568170364342,0.0018259155450693944,378.7477474539138
9.53001,0.04695218859780113,7.64678,0.267937,0.001878087543912045,388.82493868574005,0.001876326142533159,389.5551859598481
9.74001,0.04816068859780112,7.86503,0.273972,0.0019264275439120448,399.92255662010757,0.0019245743620032714,400.69297844861234
9.95001,0.049438788597801125,8.07057,0.280914,0.001977551543912045,410.3738940323866,0.0019755987629171416,411.1854295601115
10.16,0.05085948859780112,8.2982,0.287216,0.002034379543912045,421.94846800901917,0.0020323129961346436,422.8068713409217
10.38,0.051905388597801125,8.49749,0.29335,0.002076215543912045,432.0820042204287,0.002074063187075894,432.9790995938358
10.58,0.053435988597801125,8.71693,0.29998,0.002137439543912045,443.2401315034417,0.0021351584698703144,444.18753048796594
10.79,0.054572788597801125,8.91938,0.306068,0.002182911543912045,453.53434800201086,0.002180532454107084,454.52437336582506
10.99,0.05589548859780112,9.11384,0.312111,0.0022358195439120447,463.4222874453882,0.0022333238186974477,464.458416052743
11.2,0.05710148859780113,9.3175,0.318024,0.002284059543912045,473.77803025644556,0.0022814550450449625,474.8601674881486
11.4,0.058376688597801124,9.52019,0.324135,0.002335067543912045,484.084450321128,0.0023323455102927213,485.2148202095853
11.61,0.05964658859780112,9.73131,0.330254,0.002385863543912045,494.81952064554355,0.00238302189045435,496.0000925006678
11.82,0.060961788597801124,9.96693,0.337234,0.002438471543912045,506.8003716773679,0.002435503296522114,508.0361899621472
12.02,0.062309288597801125,10.1784,0.343025,0.002492371543912045,517.553238869032,0.0024892707371286073,518.8431738340487
12.23,0.06345228859780112,10.3709,0.348961,0.002538091543912045,527.3415158558167,0.002534876029267091,528.6799568979641
12.44,0.06495648859780112,10.5981,0.355804,0.0025982595439120446,538.8942251098294,0.0025948899031221027,540.2944121733801
12.65,0.06594818859780112,10.7706,0.361153,0.0026379275439120447,547.6655382538313,0.002634454319783551,549.1102402620426
12.85,0.06739558859780112,10.9906,0.366875,0.0026958235439120447,558.8521405244422,0.0026921963290472213,560.3587072824337
13.06,0.06863618859780113,11.194,0.37339,0.002745447543912045,569.1946628055435,0.0027416856865523573,570.757356894551
13.27,0.06996238859780113,11.4265,0.379868,0.002798495543912045,581.0168674778938,0.002794587045502917,582.6428405924684
13.47,0.07108588859780113,11.6076,0.385948,0.0028434355439120452,590.2254750742923,0.0028394006279384813,591.9037431690408
13.67,0.07228858859780113,11.807,0.391914,0.002891543543912045,600.3646045868369,0.0028873710731976113,602.1005849832233
13.88,0.07369818859780113,12.0238,0.398254,0.002947927543912045,611.3884926426026,0.0029435909261097174,613.1908216200947
14.08,0.07491518859780112,12.2353,0.404037,0.002996607543912045,622.142885280031,0.002992126664918006,624.0072033434524
14.28,0.07605868859780113,12.4067,0.40934,0.003042347543912045,630.8582654126798,0.0030377289697904363,632.7775555070147
14.49,0.07739528859780112,12.6037,0.415749,0.0030958115439120447,640.8753592640905,0.003091029386584288,642.8593885995092
14.71,0.07845548859780112,12.8229,0.422363,0.0031382195439120446,652.0212829809902,0.003133305610942026,654.0674689142878
14.91,0.07990328859780113,13.0324,0.429115,0.0031961315439120452,662.6739792341403,0.003191034772569171,664.7919724425002
15.11,0.08117048859780113,13.2195,0.434433,0.003246819543912045,672.1876759833735,0.0032415600067738012,674.3701480669332
15.31,0.08238748859780112,13.4298,0.440666,0.003295499543912045,682.8810507902348,0.0032900812859378435,685.1314849816602
15.52,0.08376718859780112,13.6411,0.446907,0.003350687543912045,693.6252737892353,0.0033450864984849896,695.9493953542634
15.72,0.08493888859780112,13.8423,0.452919,0.0033975555439120448,703.8559300476304,0.0033917968919486893,706.2473196648791
15.92,0.08600018859780112,14.0211,0.458542,0.003440007543912045,712.9475868021088,0.0034341042523321416,715.400131879122
16.14,0.08737598859780113,14.2222,0.464767,0.0034950395439120453,723.1731582412901,0.0034889460869929564,725.7006770264392
16.33,0.08861098859780113,14.4191,0.470268,0.003544439543912045,733.185167273487,0.003538172821718301,735.783897773381
16.54,0.09007458859780113,14.6545,0.477356,0.003602983543912045,745.1548317030407,0.0035965083473932058,747.8396122993332
16.75,0.09123618859780112,14.8417,0.483337,0.003649447543912045,754.6736132714879,0.0036428044676904284,757.4277550358967
16.96,0.09243688859780112,15.0439,0.489105,0.0036974755439120447,764.9551177220222,0.0036906566844217836,767.7835205619898
17.16,0.09363368859780112,15.2337,0.495071,0.0037453475439120447,774.6061045900311,0.0037383511935339606,777.5072736613566
17.36,0.09508398859780112,15.461,0.501396,0.003803359543912045,786.1638986632579,0.003796145059068906,789.1539626303179
17.58,0.09627288859780113,15.6587,0.507942,0.003850915543912045,796.216586249166,0.0038435197496211274,799.2827490774736
17.78,0.09748578859780112,15.8573,0.513908,0.003899431543912045,806.3150372079995,0.003891848467461671,809.4592074984189
17.98,0.09867578859780113,16.0425,0.519753,0.003947031543912045,815.7321223921683,0.003939262451433086,818.9518428106326
18.19,0.10011978859780113,16.2395,0.526085,0.004004791543912045,825.7492162435791,0.003996793712245037,829.0561697221834
18.38,0.10105028859780113,16.4196,0.531822,0.0040420115439120455,834.9069756478383,0.004033864561337885,838.2816792814997
18.59,0.10256428859780112,16.6396,0.537819,0.004102571543912045,846.0935779184495,0.004094178943607228,849.5647373547044
18.79,0.10363828859780112,16.8301,0.543793,0.004145531543912045,855.7801585209559,0.004136962502013717,859.3278221627586
19,0.10496128859780113,17.023,0.550064,0.004198451543912045,865.588774784596,0.004189662637506229,869.2229073124832
19.21,0.10634128859780112,17.2347,0.556519,0.0042536515439120445,876.3533370604522,0.004244630341171222,880.0810387856518
19.41,0.10767028859780113,17.4341,0.562531,0.004306811543912045,886.4924665729969,0.004297563773835414,890.3104225616245
19.62,0.10874728859780113,17.6256,0.569206,0.0043498915439120454,896.2298953676423,0.004340458112066883,900.128398210903
19.83,0.11022528859780112,17.8073,0.574791,0.004409011543912045,905.4690118793244,0.004399320327862079,909.4612352053549
20.03,0.11143028859780113,18.0022,0.580856,0.004457211543912046,915.3793245272426,0.004447307594963743,919.4593638195839
20.23,0.11278128859780112,18.1845,0.587059,0.004511251543912045,924.6489499542082,0.004501106348907298,928.8202739572658
20.43,0.11410828859780113,18.3778,0.593468,0.004564331543912045,934.4779054947041,0.004553946571006666,938.7431724758426
20.64,0.11559328859780113,18.5764,0.59938,0.0046237315439120455,944.5763564535374,0.0046130749334615355,948.943823948505
20.83,0.11708428859780112,18.7372,0.605034,0.004683371543912045,952.7527457495114,0.0046724386812191585,957.2148408473388
21.05,0.11869128859780112,18.9296,0.611275,0.004747651543912045,962.5359379170822,0.00473641699078369,967.1057231488049
21.26,0.12051328859780112,19.109,0.617836,0.004820531543912045,971.6581035868439,0.00480894998632507,976.3420121250821
21.46,0.12230228859780112,19.2745,0.62394,0.004892091543912045,980.0734793858718,0.004880164148198997,984.868088566788
21.67,0.12393628859780112,19.4171,0.629539,0.004957451543912045,987.3244315849134,0.0049452038425859095,992.2190446126162
21.88,0.1264732885978011,19.5919,0.636627,0.005058931543912044,996.212695570835,0.005046178144029367,1001.2524674009039
22.09,0.1288262885978011,19.731,0.642563,0.0051530515439120435,1003.2856790973897,0.005139820009524743,1008.4556619150472
22.29,0.1311582885978011,19.8662,0.648964,0.005246331543912044,1010.1603546746015,0.005232617491310319,1015.4599908077402
22.5,0.1338062885978011,19.9837,0.654999,0.0053522515439120445,1016.1350172509503,0.005337979149265233,1021.5736274658548
22.71,0.1367122885978011,20.1212,0.661263,0.005468491543912044,1023.1266436700824,0.00545359363208689,1028.7216030693435
22.91,0.1395122885978011,20.2322,0.666847,0.005580491543912044,1028.770792997527,0.005564978288609494,1034.5118397084732
23.12,0.1425242885978011,20.3396,0.673103,0.005700971543912045,1034.231888833271,0.005684782505329342,1040.1280154013157
23.32,0.1455392885978011,20.4402,0.679123,0.005821571543912044,1039.3472169624683,0.005804691676179994,1045.3978511449811
23.52,0.1487922885978011,20.5501,0.685356,0.005951691543912044,1044.9354332785601,0.0059340501904507625,1051.154566660738
23.73,0.1525692885978011,20.6513,0.691582,0.006102771543912045,1050.081270323041,0.0060842250520718255,1056.4896764183636
23.95,0.15606928859780111,20.734,0.698029,0.006242771543912045,1054.286415812948,0.006223366165988926,1060.868085048718
24.16,0.15976828859780112,20.8307,0.704521,0.006390731543912045,1059.203435992803,0.006370397406440411,1065.972520802622
24.37,0.16389528859780111,20.9241,0.711418,0.006555811543912045,1063.9526571385986,0.00653441567203904,1070.9277302504436
24.59,0.1678212885978011,20.9927,0.716698,0.006712851543912044,1067.4408431193438,0.006690420683389888,1074.6064150311122
24.79,0.1718432885978011,21.0747,0.723503,0.006873731543912044,1071.6103948747534,0.006850215153310859,1078.976357048788
25,0.17569128859780112,21.1417,0.729271,0.007027651543912045,1075.0172237480758,0.007003072688036548,1082.5720702002811
25.2,0.1793482885978011,21.2024,0.734955,0.0071739315439120445,1078.1037090109216,0.007148321308120519,1085.8379512166036
25.41,0.18388128859780112,21.2793,0.741463,0.007355251543912045,1082.0139349864214,0.007328333592888464,1089.9724196522648
25.61,0.18813128859780112,21.3389,0.747551,0.007525251543912045,1085.0444872379142,0.007497078091773504,1093.2097199407146
25.82,0.1926652885978011,21.3935,0.753448,0.007706611543912044,1087.8207985287115,0.007677067306723215,1096.2042108523603
26.03,0.19726228859780112,21.4544,0.759964,0.007890491543912045,1090.9174534299852,0.007859524406139016,1099.5253283713805
26.24,0.2013332885978011,21.5098,0.76577,0.008053331543912044,1093.7344432744935,0.00802107652727376,1102.542649367179
26.43,0.2059632885978011,21.5521,0.771568,0.008238531543912044,1095.885321801979,0.008204780091138966,1104.9138075941546
26.64,0.21124328859780112,21.6112,0.777817,0.008449731543912044,1098.8904499574023,0.008414232394341067,1108.1757792557112
26.84,0.21793928859780112,21.6465,0.783554,0.008717571543912044,1100.6853911399141,0.008679792916925463,1110.2806947845152
27.04,0.23137128859780112,21.6812,0.789513,0.009254851543912045,1102.4498234071423,0.009212287817795787,1112.6528328573875
27.25,0.2413782885978011,21.7531,0.796494,0.009655131543912045,1106.1058084219464,0.009608818627587012,1116.7854055037453
27.45,0.25058228859780113,21.7828,0.802505,0.010023291543912046,1107.6159997284792,0.009973391521835172,1118.7179578124594
27.66,0.2716922885978011,21.8225,0.807831,0.010867691543912044,1109.634672956403,0.010809062576045294,1121.6938403085228
27.85,0.2793992885978011,21.8617,0.814369,0.011175971543912044,1111.6279220882573,0.011113981810002713,1124.0514441129337
28.06,0.2848712885978011,21.8999,0.820183,0.011394851543912043,1113.5703230279723,0.011330419225549037,1126.259291542582
28.27,0.2908222885978011,21.9368,0.826668,0.011632891543912045,1115.4466213179069,0.01156574966222945,1128.4224908867213
28.48,0.2958382885978011,21.9692,0.832916,0.011833531543912043,1117.094102743215,0.01176406281274,1130.313271045545
28.69,0.3012192885978011,22.0049,0.839828,0.012048771543912045,1118.9093832025821,0.011976762929227268,1132.3908667391297
28.9,0.3061262885978011,22.0434,0.846184,0.012245051543912044,1120.867038599939,0.012170687347092314,1134.5921132614674
29.11,0.3113162885978011,22.0664,0.851952,0.012452651543912042,1122.0365470191393,0.012375754997844208,1136.008877158703
29.31,0.3164102885978011,22.0939,0.858345,0.012656411543912045,1123.434872302966,0.012576988604864775,1137.6535263896146
29.52,0.3213932885978011,22.1382,0.86483,0.012855731543912043,1125.6874472147297,0.012773798089639727,1140.1589828384738
29.73,0.32673828859780113,22.1529,0.870934,0.013069531543912044,1126.434915639175,0.012984862144853566,1141.156892301285
29.93,0.3311692885978011,22.1657,0.875954,0.013246771543912043,1127.085772498556,0.013159800282775953,1142.0160202372379
30.14,0.3360632885978011,22.2038,0.88311,0.013442531543912044,1129.0230886190575,0.013352982336197299,1144.200017101624
30.34,0.3413142885978011,22.2238,0.889145,0.013652571543912044,1130.04005246184,0.01356021484386974,1145.4680051255614
30.54,0.3459652885978011,22.2485,0.894897,0.013838611543912045,1131.2960028076768,0.013743732288556031,1146.9515687317125
30.75,0.3510332885978011,22.264,0.900635,0.014041331543912043,1132.0841497858337,0.013943665229720884,1147.9801186685843
30.96,0.35624128859780113,22.3048,0.907349,0.014249651543912046,1134.1587560251105,0.014149079544007686,1150.320123093945
31.16,0.3614062885978011,22.3248,0.913422,0.014456251543912044,1135.1757198678933,0.014352756183780454,1151.586105620845
31.37,0.3665642885978011,22.3297,0.919373,0.014662571543912045,1135.424876009375,0.014556115394058013,1152.0731244866001
31.58,0.3719702885978011,22.3647,0.925339,0.014878811543912044,1137.2045627342452,0.014769207871619746,1154.124815110045
31.79,0.3773832885978011,22.3854,0.932625,0.015095331543912046,1138.2571203115253,0.014982530786651248,1155.4394889248463
32,0.38255728859780114,22.4018,0.938881,0.015302291543912045,1139.0910306626074,0.015186392334126967,1156.5217337088618
32.2,0.3878072885978011,22.4185,0.945007,0.015512291543912045,1139.940195471331,0.015393205898001666,1157.6232801261065
32.41,0.3930922885978011,22.4287,0.951157,0.015723691543912045,1140.45884703115,0.015601355027421743,1158.3910701603934
32.62,0.3981352885978011,22.4477,0.957108,0.015925411543912044,1141.4249626817939,0.01579993262663043,1159.6026249589959
32.82,0.4029882885978011,22.4568,0.962875,0.016119531543912043,1141.8876812302601,0.015990991393564483,1160.2943757274559
33.03,0.4080102885978011,22.4878,0.969109,0.016320411543912044,1143.4639751865734,0.016188665131809245,1162.125777847256
33.23,0.4134902885978011,22.4969,0.975296,0.016539611543912047,1143.9266937350396,0.016404321889638224,1162.846796884129
33.44,0.41896728859780114,22.5141,0.981857,0.016758691543912047,1144.8012826398326,0.016619814127560233,1163.9866542146683
33.64,0.4240992885978011,22.5189,0.987488,0.016963971543912045,1145.0453539621005,0.01682169022839059,1164.4698707632024
33.84,0.42917928859780113,22.5378,0.994072,0.017167171543912046,1146.0063847935303,0.017021480690639277,1165.6800729916995
34.06,0.4348552885978011,22.5526,0.999924,0.017394211543912044,1146.7589380371899,0.017244663930849804,1166.7059055952807
34.27,0.4404582885978011,22.5669,1.00645,0.017618331543912045,1147.4860671847794,0.017464927930368936,1167.7028571584606
34.48,0.44544328859780113,22.5774,1.01229,0.017817731543912044,1148.0199732022404,0.017660856463083893,1168.475084891807
34.7,0.4510972885978011,22.6059,1.01866,0.018043891543912047,1149.4691466782058,0.017883032664418506,1170.2100432939405
34.91,0.45663028859780114,22.6059,1.02531,0.018265211543912044,1149.4691466782058,0.01810040634362659,1170.4644438054834
35.12,0.4618902885978011,22.6263,1.0312,0.018475611543912043,1150.5064497978444,0.018307010933040446,1171.7627600430746
35.32,0.4673852885978011,22.6431,1.03755,0.018695411543912042,1151.360699425782,0.018522800376697218,1172.8858615370334
35.53,0.4734522885978011,22.6452,1.04429,0.018938091543912045,1151.4674806292742,0.018760998267318706,1173.2740771872693
35.7401,0.47849828859780114,22.6633,1.05048,0.019139931543912046,1152.3878329069926,0.018959067230698203,1174.4444571408696
35.9301,0.4837552885978011,22.6747,1.05603,0.019350211543912043,1152.9675022973788,0.019165376789230037,1175.2776673700891
36.1401,0.4892262885978011,22.6924,1.06236,0.019569051543912044,1153.8675152982414,0.01938003953218609,1176.4476081799583
36.3501,0.4951962885978011,22.7072,1.06897,0.019807851543912045,1154.620068541901,0.01961422871097871,1177.4906114492005
36.5601,0.5006832885978011,22.7136,1.07516,0.020027331543912043,1154.9454969715912,0.01982942256846959,1178.0759733545897
36.7601,0.5063412885978011,22.72,1.08127,0.020253651543912045,1155.2709254012818,0.020051274365162443,1178.6693801631723
36.9601,0.5117502885978011,22.7233,1.08646,0.020470011543912047,1155.438724435341,0.02026331679376183,1179.0905684628156
37.1701,0.5182262885978012,22.7465,1.09343,0.020729051543912046,1156.6184024929692,0.02051712839506518,1180.594004974883
37.3701,0.5248972885978012,22.7613,1.09914,0.020995891543912047,1157.3709557366283,0.02077851522135905,1181.6709907993484
37.5801,0.5345162885978012,22.765,1.10531,0.021380651543912048,1157.559094047543,0.021155291977686272,1182.30846167886
37.7901,0.5470782885978012,22.7758,1.11153,0.021883131543912047,1158.108254522646,0.02164713254598536,1183.4512897984553
38.0001,0.5546582885978012,22.7752,1.11769,0.022186331543912047,1158.0777456073624,0.021943795656216195,1183.7712424250337
38.2001,0.5617782885978012,22.8044,1.12437,0.02247113154391205,1159.5625128178253,0.02222237532736731,1185.619194576744
38.4101,0.5681552885978012,22.799,1.13046,0.022726211543912047,1159.287932580274,0.022471818250011988,1185.6341553763975
38.6201,0.5741362885978012,22.8183,1.13705,0.02296545154391205,1160.2693026885593,0.022705714692381553,1186.9154111373418
38.8301,0.5803162885978012,22.823,1.14225,0.023212651543912045,1160.5082891916134,0.02294733588931412,1187.4467637224398
39.0401,0.5865992885978012,22.8349,1.14862,0.023463971543912047,1161.1133826780692,0.023192924272381746,1188.3577140484829
39.2501,0.5941542885978012,22.8488,1.15542,0.023766171543912046,1161.8201725488032,0.02348815244027039,1189.4321900727757
39.4401,0.6002952885978011,22.8618,1.16137,0.024011811543912045,1162.4811990466121,0.023728061261643413,1190.3944785214603
39.6601,0.6075942885978012,22.8617,1.16776,0.024303771543912046,1162.476114227398,0.024013134523193348,1190.7286681328353
39.8701,0.6148522885978012,22.886,1.17448,0.024594091543912046,1163.7117252963792,0.02429652590855543,1192.3321579990422
40.0801,0.6203312885978012,22.8836,1.18029,0.02481325154391205,1163.5896896352453,0.024510402375402987,1192.4621332980673
40.2901,0.6263312885978012,22.8982,1.18605,0.025053251543912046,1164.3320732404768,0.02474456396664332,1193.502377552015
40.5001,0.6318442885978012,22.9077,1.193,0.025273771543912048,1164.8151310657984,0.02495967111625113,1194.2544025792472
40.7101,0.6374562885978011,22.9135,1.19903,0.025498251543912043,1165.1100505802056,0.025178593549724286,1194.8183197262397
40.9201,0.6429952885978012,22.9379,1.20576,0.02571981154391205,1166.3507464684005,0.025394621289386732,1196.349067861669
41.1101,0.6485132885978012,22.9235,1.21172,0.02594053154391205,1165.618532501597,0.025609783610572194,1195.8552968121232
41.3201,0.6534962885978012,22.9322,1.21787,0.026139851543912046,1166.0609117732076,0.025804045007220593,1196.541570898118
41.5201,0.6588852885978012,22.9475,1.22359,0.026355411543912046,1166.8388891129364,0.026014091777772693,1197.5914082409488
41.7201,0.6638082885978012,22.9565,1.2298,0.026552331543912046,1167.2965228421888,0.02620593673648264,1198.2909671267503
41.9301,0.6691072885978012,22.9727,1.23571,0.02676429154391205,1168.1202635548427,0.026412392962833407,1199.384174846976
42.1301,0.6743692885978012,22.9642,1.24188,0.02697477154391205,1167.6880539216602,0.026617365448890592,1199.1861724107523
42.3401,0.6797122885978012,22.9977,1.24831,0.02718849154391205,1169.3914683583212,0.02682545017575866,1201.1854584073042
42.5501,0.6856542885978012,22.993,1.25518,0.027426171543912047,1169.1524818552673,0.027056812294729567,1201.2178583836205
42.7601,0.6908292885978011,23.008,1.261,0.027633171543912045,1169.9152047373545,0.027258266331953513,1202.2436722816929
42.9601,0.6957432885978012,23.0063,1.26659,0.027829731543912047,1169.8287628107178,0.027449522520818698,1202.3847832320866
43.1601,0.7009682885978011,23.0088,1.27222,0.028038731543912045,1169.9558832910657,0.027652842922364435,1202.7599622208845
43.3701,0.7066892885978011,23.0345,1.27916,0.028267571543912046,1171.2626818290416,0.02787541676810033,1204.3714334843582
43.5801,0.7121002885978012,23.0337,1.28522,0.028484011543912047,1171.2220032753305,0.028085884578193374,1204.5831043371088
43.7801,0.7170132885978011,23.0481,1.29115,0.028680531543912046,1171.954217242134,0.028276943675782974,1205.5664871377678
43.9801,0.7226702885978011,23.055,1.29767,0.028906811543912045,1172.305069767894,0.028496890597280417,1206.1926714916472
44.1901,0.7286292885978012,23.0572,1.3043,0.02914517154391205,1172.4169357906003,0.028728527118636056,1206.5872285052048
44.3901,0.7335672885978012,23.0627,1.30984,0.029342691543912048,1172.6966008473655,0.02892043497891373,1207.106675480624
44.5901,0.7387372885978012,23.0733,1.31614,0.029549491543912048,1173.2355916840404,0.029121319709444152,1207.9041068795245
44.8001,0.7440062885978012,23.0813,1.32178,0.029760251543912045,1173.6423772211535,0.029326009656105535,1208.57026958985
45.0101,0.7495822885978012,23.0825,1.32845,0.029983291543912046,1173.7033950517205,0.029542580307942358,1208.8948861316355
45.2201,0.7547262885978012,23.0882,1.33434,0.03018905154391205,1173.9932297469136,0.029742330587451318,1209.434971871947
45.4301,0.7593892885978012,23.0944,1.34015,0.030375571543912048,1174.3084885381763,0.029923368346150572,1209.978780046391
45.6301,0.7651892885978012,23.1073,1.3468,0.030607571543912047,1174.964430216771,0.03014850361885576,1210.9272380761827
45.8201,0.7699342885978012,23.1025,1.35221,0.030797371543912048,1174.7203588945033,0.030332649874226673,1210.898658247575
46.0301,0.7755442885978011,23.118,1.35915,0.031021771543912044,1175.50850587266,0.030550321731274206,1211.974862189767
46.2401,0.7807352885978012,23.1216,1.36539,0.031229411543912046,1175.691559364361,0.030751693903979877,1212.4077149204543
46.4501,0.7861892885978011,23.1349,1.37146,0.03144757154391205,1176.3678403198114,0.030963224844211587,1213.361752140226
46.6601,0.7914542885978012,23.1422,1.37708,0.031658171543912046,1176.7390321224273,0.031167383066772164,1213.9924382637762
46.8501,0.7967452885978011,23.1529,1.38351,0.031869811543912045,1177.2831077783158,0.0313725074968516,1214.8028985570418
47.0601,0.8016672885978011,23.1599,1.38941,0.03206669154391204,1177.63904512329,0.031563288560418894,1215.4020331333259
47.2601,0.8071202885978012,23.1593,1.39487,0.032284811543912044,1177.6085362080066,0.03177460916205619,1215.6274058719841
47.4701,0.8126272885978012,23.1738,1.40168,0.03250509154391205,1178.345834994024,0.031987977118288685,1216.6480742308922
47.6701,0.8180672885978012,23.1782,1.40763,0.032722691543912046,1178.5695670394364,0.03219870447978091,1217.1355354447098
47.8801,0.8233362885978012,23.1798,1.41402,0.03293345154391205,1178.6509241468589,0.03240276554912848,1217.4679672444367
48.0901,0.8289772885978012,23.1893,1.42043,0.03315909154391205,1179.1339819721807,0.03262118751832029,1218.2329936229337
48.3001,0.8342382885978011,23.1922,1.42648,0.03336953154391205,1179.2814417293841,0.03282485273580274,1218.633510998323
48.5101,0.8396462885978012,23.1889,1.43266,0.03358585154391205,1179.113642695325,0.03303416543075474,1218.7151784522916
48.7201,0.8447692885978012,23.1987,1.43908,0.03379077154391205,1179.6119549782884,0.033232407007429916,1219.4719530594273
48.9201,0.8500602885978011,23.2152,1.44514,0.034002411543912044,1180.4509501485845,0.033437108331014945,1220.589129162939
49.1401,0.8559552885978011,23.2297,1.45205,0.034238211543912045,1181.188248934602,0.03366512822230729,1221.6300220748078
49.3301,0.8611132885978011,23.2252,1.45764,0.03444453154391205,1180.959432069976,0.03386459815202337,1221.6370264799907
49.5401,0.8661052885978011,23.2344,1.46389,0.03464421154391204,1181.427235437656,0.034057610656960044,1222.3568505058975
49.7401,0.8711512885978012,23.2305,1.4693,0.03484605154391205,1181.2289274883133,0.03425267318442391,1222.390091580731
49.9501,0.8770522885978012,23.2501,1.47641,0.03508209154391204,1182.2255520542403,0.034480739073388646,1223.7004970969592
50.1601,0.8820852885978012,23.2504,1.48236,0.03528341154391205,1182.240806511882,0.03467521681206253,1223.9542954320473
50.3601,0.8871752885978011,23.2513,1.48803,0.035487011543912046,1182.2865698848075,0.03487185860140444,1224.2423870385219
50.5701,0.8929432885978011,23.2644,1.49475,0.03571773154391204,1182.95268120183,0.035094646813650765,1225.205067498148
50.7701,0.8979252885978012,23.2801,1.50047,0.035917011543912046,1183.7509978184148,0.03528703594139589,1226.2677960721762
50.9801,0.9030162885978011,23.265,1.50658,0.036120651543912044,1182.9831901171137,0.03548359607568635,1225.7133137096396
51.1901,0.9085252885978011,23.2759,1.51315,0.03634101154391205,1183.5374354114304,0.03569625139737952,1226.5483830143692
51.3901,0.9138302885978011,23.2866,1.51923,0.03655321154391204,1184.081511067319,0.03590098929319472,1227.3634930265978
51.6001,0.9196582885978012,23.3077,1.52618,0.036786331543912046,1185.154407921455,0.03612586321870262,1228.7518909019825
51.8001,0.9248502885978012,23.2985,1.53152,0.03699401154391205,1184.686604553775,0.036326154441817395,1228.5129144785553
52.0101,0.9309042885978012,23.3159,1.53882,0.037236171543912046,1185.5713630969958,0.03655964829710369,1229.7175017508252
52.2101,0.9356322885978011,23.3018,1.54436,0.03742529154391205,1184.854403587834,0.03674196237955866,1229.1979250791965
52.4201,0.9407542885978012,23.3119,1.55016,0.037630171543912044,1185.3679703284395,0.03693943180079616,1229.9735703945576
52.6301,0.9466352885978012,23.3144,1.55711,0.03786541154391205,1185.4950908087872,0.03716611501122962,1230.3843503055493
52.8301,0.9515942885978012,23.3204,1.56271,0.038063771543912044,1185.800179961622,0.0373572197967104,1230.936207108411
53.0401,0.9568282885978011,23.3334,1.56923,0.03827313154391204,1186.461206459431,0.03755888263899587,1231.8707922860012
53.2301,0.9619142885978011,23.3279,1.57489,0.03847657154391205,1186.1815414026657,0.037754804179611426,1231.8217403445135
53.4401,0.9671802885978011,23.3471,1.58113,0.038687211543912046,1187.1578266917372,0.037957619193465394,1233.0856526689713
53.6401,0.9725042885978011,23.3412,1.58737,0.038900171543912045,1186.8578223581162,0.038162626215051544,1233.0267952460808
53.8401,0.9774762885978011,23.34,1.59277,0.03909905154391204,1186.7968045275493,0.03835404110914531,1233.199433959922
54.0501,0.9831482885978011,23.3626,1.59927,0.03932593154391204,1187.9459736698939,0.038572360271729784,1234.6630557083022
54.2601,0.9884472885978012,23.3576,1.60535,0.039537891543912046,1187.6917327091983,0.03877627935327844,1234.6505596246554
54.4701,0.9940042885978012,23.366,1.61219,0.03976017154391205,1188.118857523167,0.03899008227532479,1235.3586671128448
54.6701,0.9993132885978012,23.3684,1.61807,0.039972531543912046,1188.2408931843008,0.03919430082747131,1235.7378897688766
54.8801,1.0046662885978013,23.3661,1.62386,0.04018665154391205,1188.1239423423808,0.03940016968837095,1235.870665204273
55.0801,1.0101162885978012,23.3922,1.63081,0.04040465154391205,1189.4510801572123,0.03960972550115771,1237.5104365794944
55.2901,1.0162162885978012,23.3836,1.63718,0.04064865154391205,1189.013785704816,0.039844222138755575,1237.3455927608386
55.5101,1.0214962885978012,23.3939,1.64333,0.04085985154391205,1189.537522083849,0.040047151889377824,1238.141848642108
55.7001,1.026736288597801,23.392,1.64958,0.04106945154391204,1189.4409105187847,0.040248503587917546,1238.2905963576825
55.9001,1.0317962885978011,23.3867,1.65526,0.041271851543912046,1189.1714151004471,0.040442900155221194,1238.2507212047367
56.1101,1.037716288597801,23.3964,1.66221,0.04150865154391204,1189.6646425641968,0.040670288495633616,1239.0460176665067
56.3101,1.0428962885978013,23.4052,1.66821,0.04171585154391205,1190.1121066550213,0.04086921088770042,1239.7586466168545
56.5201,1.0481662885978011,23.4096,1.6746,0.04192665154391204,1190.3358387004337,0.04107154886113576,1240.242634629857
56.7101,1.0534662885978012,23.4152,1.68024,0.04213865154391205,1190.6205885764125,0.04127499738111929,1240.7917346794413
56.9301,1.058796288597801,23.4095,1.68628,0.04235185154391204,1190.3307538812196,0.04147955576162306,1240.74346525775
57.1401,1.0639062885978012,23.4147,1.69209,0.04255625154391205,1190.595164480343,0.041675631550625,1241.2624317869338
57.3401,1.0692962885978012,23.4227,1.69801,0.04277185154391205,1191.0019500174562,0.041882409563589906,1241.9433086121126
57.5501,1.0752562885978012,23.4307,1.70525,0.04301025154391205,1191.4087355545694,0.042111004871494224,1242.6515249623858
57.7501,1.0805862885978013,23.4276,1.71104,0.04322345154391205,1191.251106158938,0.04231539232859124,1242.7410906226305
57.9501,1.0854262885978012,23.4137,1.7168,0.043417051543912046,1190.5443162882038,0.04250095376120893,1242.2342402338004
58.1501,1.090726288597801,23.431,1.72318,0.04362905154391204,1191.423990012211,0.04270411170814204,1243.404688683107
58.3601,1.095916288597801,23.44,1.72896,0.043836651543912045,1191.8816237414633,0.04290301318027404,1244.12972316301
58.5701,1.1019062885978013,23.449,1.73612,0.04407625154391205,1192.3392574707157,0.04313252467062157,1244.8931025086763
58.7801,1.1078262885978012,23.4667,1.74272,0.044313051543912046,1193.2392704715785,0.043359302312763914,1246.1153437682055
58.9801,1.1129162885978012,23.4475,1.74817,0.04451665154391205,1192.2629851825068,0.04355424400699957,1245.338541042581
59.1901,1.118486288597801,23.4491,1.75479,0.04473945154391204,1192.3443422899297,0.0437675256631022,1245.6891742154678
59.4001,1.123906288597801,23.4566,1.7608,0.04495625154391204,1192.7257037309732,0.043975019989149294,1246.3461804907924
59.6101,1.130346288597801,23.4766,1.76788,0.04521385154391204,1193.742667573756,0.044221507106081574,1247.7163713270693
59.8301,1.1357962885978012,23.4594,1.77392,0.04543185154391205,1192.8680786689627,0.04443005511636202,1247.0622841305226
60.0401,1.1410762885978012,23.4616,1.77963,0.045643051543912044,1192.9799446916688,0.044632056489346185,1247.431189798084
60.2401,1.1461662885978012,23.4707,1.78559,0.04584665154391205,1193.442663240135,0.044826750252688556,1248.158013159344
60.4401,1.1514262885978013,23.4754,1.79189,0.04605705154391205,1193.681649743189,0.045027906740340407,1248.659107012433
60.6401,1.1569162885978013,23.476,1.79814,0.04627665154391205,1193.7121586584724,0.045237815896305676,1248.9531602684417
60.8501,1.1626062885978012,23.4805,1.80482,0.04650425154391205,1193.9409755230986,0.04545532552721008,1249.4643069774086
61.0601,1.1682362885978013,23.4832,1.81107,0.04672945154391205,1194.0782656418742,0.04567049500449939,1249.8768880958246
61.2501,1.1731862885978013,23.4737,1.81638,0.04692745154391205,1193.5952078165524,0.045859637743501366,1249.6075890944091
61.4601,1.1786262885978012,23.4754,1.82227,0.04714505154391205,1193.681649743189,0.04606746244915255,1249.9578326473536
61.6701,1.1842162885978011,23.4837,1.82886,0.047368651543912045,1194.1036897379436,0.04628097263103371,1250.6667713244399
61.8701,1.1895762885978012,23.4974,1.83505,0.04758305154391205,1194.8003099702498,0.0464856551546761,1251.6525547042463
62.0601,1.1943462885978011,23.4823,1.83987,0.047773851543912046,1194.032502268949,0.04666777210119374,1251.0760337709517
62.2701,1.200306288597801,23.4964,1.84731,0.048012251543912046,1194.749461778111,0.04689527623501444,1252.1120734689553
62.4801,1.206066288597801,23.5019,1.85313,0.048242651543912045,1195.029126834876,0.047115096830866926,1252.6805005855965
62.6901,1.2116862885978013,23.5089,1.85905,0.04846745154391205,1195.3850641798501,0.04732952800142344,1253.3223318543032
62.9001,1.217186288597801,23.5181,1.86552,0.04868745154391205,1195.8528675475304,0.04753933606136502,1254.075896089899
63.1001,1.2233462885978013,23.5126,1.87263,0.04893385154391205,1195.573202490765,0.047774268840480645,1254.0772040913275
63.3001,1.2292062885978012,23.5227,1.87861,0.04916825154391205,1196.0867692313702,0.04799770887290835,1254.8962643692832
63.5001,1.2345862885978012,23.5234,1.88477,0.04938345154391205,1196.1223629658675,0.048202802700654086,1255.191013717982
63.7101,1.2397162885978013,23.5133,1.8906,0.04958865154391205,1195.6087962252623,0.048398326976895764,1254.8974242041131
63.9001,1.244946288597801,23.5115,1.89634,0.049797851543912044,1195.5172694794119,0.04859762329549623,1255.051460983131
64.1201,1.2506962885978012,23.5146,1.90247,0.05002785154391205,1195.6748988750433,0.04881668909755927,1255.491945210746
64.3301,1.2563462885978012,23.536,1.90933,0.05025385154391205,1196.763050186821,0.049031898324531115,1256.9050028441488
64.5401,1.262296288597801,23.5341,1.91584,0.050491851543912045,1196.6664386217565,0.04925848453215101,1257.0883427882281
64.7601,1.2681162885978012,23.5233,1.92232,0.05072465154391205,1196.1172781466537,0.04948007045688601,1256.7899102862953
64.9701,1.2734662885978012,23.5181,1.92805,0.05093865154391205,1195.8528675475304,0.049683718682008576,1256.7680000653222
65.1701,1.2785862885978012,23.5286,1.93419,0.05114345154391205,1196.3867735649912,0.049878573107862874,1257.5741225465895
65.3801,1.284766288597801,23.5349,1.94189,0.05139065154391204,1196.7071171754678,0.05011371792741752,1258.2066756343518
65.5901,1.290226288597801,23.5247,1.94744,0.05160905154391204,1196.1884656156485,0.050321421238516,1257.9226177938397
65.7801,1.2952162885978011,23.5226,1.95317,0.051808651543912045,1196.0816844121564,0.050511207604111444,1258.049063617921
65.9801,1.3008462885978012,23.5426,1.95906,0.052033851543912046,1197.098648254939,0.05072529207148923,1259.3883016016543
66.1901,1.3065862885978012,23.5393,1.96564,0.05226345154391205,1196.93084922088,0.0509435121876051,1259.486586660549
66.3901,1.312016288597801,23.5347,1.97135,0.052480651543912044,1196.69694753704,0.05114990307422394,1259.5003830443945
66.6001,1.3180262885978011,23.5389,1.9774,0.052721051543912045,1196.9105099440244,0.05137828974205949,1260.0128906322334
66.8101,1.3238562885978011,23.5459,1.98377,0.05295425154391205,1197.2664472889983,0.05159978638079718,1260.666795903826
67.0101,1.329306288597801,23.5351,1.98967,0.053172251543912044,1196.7172868138955,0.051806801486925874,1260.349439415312
67.2201,1.3352162885978012,23.5393,1.99591,0.05340865154391205,1196.93084922088,0.052031241004673094,1260.8573118690767
67.4201,1.340796288597801,23.5441,2.00205,0.05363185154391204,1197.174920543148,0.05224310214403681,1261.3816281538127
67.6301,1.346016288597801,23.5358,2.0077,0.053840651543912044,1196.752880548393,0.05244125419620098,1261.186835374172
67.8401,1.3520962885978012,23.543,2.01473,0.05408385154391205,1197.1189875317948,0.05267200249930477,1261.8637931338628
68.0401,1.357536288597801,23.5546,2.02114,0.05430145154391204,1197.708826560609,0.05287841638433208,1262.7461543698055
68.2501,1.3632962885978013,23.558,2.02782,0.054531851543912054,1197.881710413882,0.05309692583273613,1263.2044180133394
68.4601,1.3696262885978012,23.5512,2.03455,0.05478505154391205,1197.5359427073358,0.05333700355727856,1263.1430110542447
68.6701,1.3749462885978012,23.5524,2.04028,0.05499785154391205,1197.5969605379028,0.05353873047468802,1263.4622203830065
68.8701,1.3803062885978012,23.5477,2.04594,0.05521225154391205,1197.357974034849,0.053741932990327534,1263.4668036853698
69.0701,1.3856862885978012,23.5486,2.05222,0.05542745154391205,1197.403737407774,0.05394585221010823,1263.7727750414429
69.2801,1.391736288597801,23.5555,2.05901,0.05566945154391204,1197.7545899335341,0.05417511691198515,1264.4329310393373
69.4801,1.397096288597801,23.5472,2.06404,0.055883851543912046,1197.3325499387793,0.054378190166563395,1264.2441044082516
69.6901,1.4029162885978013,23.5667,2.07059,0.05611665154391205,1198.3240896854925,0.05459864466039757,1265.570025063049
69.9101,1.4090062885978012,23.5579,2.07766,0.05636025154391205,1197.8766255946682,0.0548292744019335,1265.3892535317564
70.1001,1.4145562885978011,23.5626,2.0834,0.05658225154391205,1198.1156120977219,0.05503940790106318,1265.9076910401234
70.3001,1.4201262885978012,23.5459,2.08877,0.05680505154391205,1197.2664472889983,0.05525025425232103,1265.2772295390462
70.5101,1.425766288597801,23.549,2.09539,0.05703065154391204,1197.4240766846297,0.05546370509008203,1265.7139519523214
70.7301,1.4318262885978013,23.5544,2.10136,0.05727305154391205,1197.698656922181,0.05569300043748942,1266.2945138341595
70.9301,1.4377262885978013,23.5674,2.10768,0.05750905154391205,1198.3596834199898,nan,nan
71.1301,1.4431262885978011,23.5508,2.11385,0.05772505154391205,1197.51560343048,nan,nan
71.3401,1.4491362885978012,23.5529,2.12016,0.05796545154391205,1197.6223846339724,nan,nan
71.5301,1.4542562885978012,23.5574,2.12567,0.05817025154391205,1197.8512014985986,nan,nan
71.7401,1.4601062885978011,23.5473,2.13194,0.058404251543912045,1197.337634757993,nan,nan
71.9401,1.4658562885978013,23.561,2.13797,0.05863425154391205,1198.0342549902994,nan,nan
72.1401,1.4715962885978011,23.5553,2.14404,0.05886385154391204,1197.7444202951062,nan,nan
72.3501,1.4770562885978011,23.5602,2.15,0.05908225154391204,1197.993576436588,nan,nan
72.5601,1.4833762885978012,23.5588,2.15671,0.05933505154391205,1197.9223889675934,nan,nan
72.7701,1.489016288597801,23.5636,2.16299,0.059560651543912047,1198.1664602898613,nan,nan
72.9801,1.4952262885978012,23.5558,2.1696,0.05980905154391205,1197.769844391176,nan,nan
73.2101,1.501346288597801,23.5483,2.17622,0.060053851543912046,1197.3884829501324,nan,nan
73.4201,1.5071062885978013,23.5567,2.18242,0.06028425154391205,1197.815607764101,nan,nan
73.6101,1.5127462885978011,23.5526,2.1884,0.060509851543912044,1197.6071301763307,nan,nan
73.8201,1.5189962885978012,23.5551,2.19463,0.06075985154391205,1197.7342506566783,nan,nan
74.0301,1.5244062885978011,23.5508,2.20015,0.06097625154391204,1197.51560343048,nan,nan
74.2301,1.530466288597801,23.5571,2.20622,0.061218651543912046,1197.8359470409566,nan,nan
74.4401,1.536736288597801,23.5535,2.21327,0.06146945154391204,1197.6528935492559,nan,nan
74.6401,1.5427462885978012,23.5561,2.21983,0.061709851543912043,1197.7850988488176,nan,nan
74.8401,1.5484562885978013,23.5462,2.22559,0.061938251543912054,1197.28170174664,nan,nan
75.0401,1.5537062885978012,23.5457,2.23104,0.06214825154391205,1197.2562776505706,nan,nan
75.2501,1.559716288597801,23.5585,2.23807,0.062388651543912044,1197.9071345099514,nan,nan
75.4601,1.565676288597801,23.535,2.24403,0.06262705154391204,1196.7122019946817,nan,nan
75.6801,1.5711562885978012,23.5483,2.24975,0.06284625154391205,1197.3884829501324,nan,nan
75.8801,1.5777662885978012,23.5574,2.25665,0.06311065154391204,1197.8512014985986,nan,nan
76.0801,1.5834462885978011,23.5524,2.26285,0.06333785154391204,1197.5969605379028,nan,nan
76.2901,1.589166288597801,23.5328,2.26833,0.06356665154391204,1196.6003359719757,nan,nan
76.4801,1.5951762885978011,23.5419,2.27438,0.06380705154391204,1197.0630545204417,nan,nan
76.6801,1.6008162885978012,23.5338,2.28034,0.06403265154391205,1196.6511841641147,nan,nan
76.8901,1.6066662885978011,23.543,2.28683,0.06426665154391205,1197.1189875317948,nan,nan
77.1001,1.6128862885978013,23.5296,2.29301,0.06451545154391206,1196.4376217571303,nan,nan
77.3001,1.6186062885978012,23.5382,2.29895,0.06474425154391204,1196.874916209527,nan,nan
77.5101,1.6247762885978012,23.5453,2.30579,0.06499105154391205,1197.2359383737148,nan,nan
77.7201,1.6309062885978012,23.5326,2.3119,0.06523625154391205,1196.5901663335478,nan,nan
77.9201,1.636956288597801,23.5442,2.31825,0.06547825154391204,1197.180005362362,nan,nan
78.1301,1.6428462885978012,23.528,2.3246,0.06571385154391204,1196.3562646497078,nan,nan
78.3401,1.6493862885978012,23.5348,2.33091,0.06597545154391204,1196.7020323562538,nan,nan
78.5401,1.6552362885978011,23.5179,2.33646,0.06620945154391204,1195.8426979091025,nan,nan
78.7501,1.6612062885978012,23.5289,2.34297,0.06644825154391204,1196.402028022633,nan,nan
78.9401,1.667056288597801,23.52,2.34895,0.06668225154391204,1195.9494791125946,nan,nan
79.1501,1.672716288597801,23.5122,2.35465,0.06690865154391204,1195.5528632139094,nan,nan
79.3501,1.678346288597801,23.5106,2.36046,0.06713385154391205,1195.4715061064867,nan,nan
79.5601,1.684986288597801,23.5165,2.36761,0.06739945154391204,1195.7715104401077,nan,nan
79.7601,1.6910362885978012,23.5118,2.37412,0.06764145154391205,1195.5325239370536,nan,nan
79.9701,1.6967862885978011,23.4936,2.37962,0.06787145154391204,1194.6070868401214,nan,nan
80.1801,1.7034662885978011,23.5034,2.38572,0.06813865154391205,1195.1053991230847,nan,nan
80.3901,1.7090962885978012,23.4978,2.39157,0.06836385154391204,1194.8206492471058,nan,nan
80.6101,1.7152062885978012,23.487,2.39839,0.06860825154391205,1194.2714887720028,nan,nan
80.8101,1.7212662885978012,23.4956,2.40441,0.06885065154391205,1194.7087832243994,nan,nan
81.0201,1.7277862885978013,23.4808,2.41084,0.06911145154391204,1193.9562299807403,nan,nan
81.2201,1.734166288597801,23.4912,2.41742,0.06936665154391204,1194.4850511789873,nan,nan
81.4301,1.7399362885978011,23.4725,2.42303,0.06959745154391205,1193.5341899859854,nan,nan
81.6301,1.745896288597801,23.469,2.42891,0.06983585154391204,1193.3562213134985,nan,nan
81.8401,1.752096288597801,23.4663,2.43524,0.07008385154391204,1193.2189311947227,nan,nan
82.0501,1.7582062885978011,23.4647,2.44145,0.07032825154391205,1193.1375740873002,nan,nan
82.2501,1.7640162885978012,23.4648,2.44778,0.07056065154391206,1193.142658906514,nan,nan
82.4501,1.7701162885978012,23.4526,2.45406,0.07080465154391205,1192.5223109624164,nan,nan
82.6601,1.777146288597801,23.458,2.46088,0.07108585154391205,1192.7968911999678,nan,nan
82.8701,1.7833362885978012,23.4537,2.46679,0.07133345154391205,1192.5782439737695,nan,nan
83.0801,1.7899662885978012,23.4331,2.47298,0.07159865154391204,1191.5307712157032,nan,nan
83.2801,1.7960162885978013,23.4341,2.47971,0.07184065154391205,1191.5816194078425,nan,nan
83.4901,1.8021762885978012,23.4173,2.48553,0.07208705154391205,1190.7273697799048,nan,nan
83.7001,1.8085762885978012,23.4106,2.49201,0.07234305154391205,1190.3866868925725,nan,nan
83.9101,1.8146862885978012,23.4189,2.49854,0.07258745154391205,1190.8087268873276,nan,nan
84.1101,1.8202762885978012,23.3933,2.50391,0.07281105154391204,1189.5070131685654,nan,nan
84.3101,1.8260762885978012,23.3969,2.50986,0.07304305154391205,1189.6900666602662,nan,nan
84.5201,1.8333962885978012,23.4004,2.51766,0.07333585154391205,1189.8680353327534,nan,nan
84.7201,1.8392462885978011,23.3755,2.52303,0.07356985154391205,1188.6019153484888,nan,nan
84.9301,1.845406288597801,23.3761,2.5289,0.07381625154391204,1188.6324242637722,nan,nan
85.1201,1.8515662885978013,23.3703,2.53526,0.07406265154391205,1188.3375047493653,nan,nan
85.3301,1.8572262885978013,23.3536,2.54079,0.07428905154391205,1187.4883399406415,nan,nan
85.5301,1.8633462885978012,23.3536,2.54688,0.07453385154391205,1187.4883399406415,nan,nan
85.7301,1.8695462885978011,23.3447,2.55281,0.07478185154391205,1187.0357910306031,nan,nan
85.9401,1.875736288597801,23.3277,2.55865,0.07502945154391204,1186.1713717642378,nan,nan
86.1301,1.882006288597801,23.3253,2.5645,0.07528025154391205,1186.0493361031038,nan,nan
86.3401,1.8889762885978012,23.3191,2.5713,0.07555905154391204,1185.734077311841,nan,nan
86.5501,1.8952562885978013,23.3116,2.57719,0.07581025154391205,1185.3527158707975,nan,nan
86.7401,1.9012862885978012,23.2875,2.58281,0.07605145154391205,1184.1272744402443,nan,nan
86.9601,1.9080462885978011,23.2884,2.58978,0.07632185154391205,1184.1730378131695,nan,nan
87.1801,1.914476288597801,23.2865,2.5961,0.07657905154391204,1184.0764262481052,nan,nan
87.3801,1.9210162885978013,23.2503,2.6018,0.07684065154391205,1182.2357216926682,nan,nan
87.6001,1.9277262885978013,23.2512,2.60879,0.07710905154391205,1182.2814850655936,nan,nan
87.8101,1.9341162885978012,23.2458,2.61508,0.07736465154391205,1182.006904828042,nan,nan
88.0201,1.9403362885978013,23.2317,2.62123,0.07761345154391205,1181.2899453188802,nan,nan
88.2201,1.9463262885978012,23.22,2.62702,0.07785305154391205,1180.6950214708522,nan,nan
88.4301,1.9528862885978011,23.2203,2.63358,0.07811545154391204,1180.7102759284942,nan,nan
88.6401,1.9596362885978011,23.2024,2.63995,0.07838545154391205,1179.8000932892035,nan,nan
88.8301,1.965386288597801,23.1812,2.64455,0.07861545154391204,1178.7221116158537,nan,nan
89.0401,1.9722562885978012,23.1678,2.65144,0.07889025154391205,1178.0407458411892,nan,nan
89.2501,1.978306288597801,23.1713,2.65741,0.07913225154391204,1178.218714513676,nan,nan
89.4601,1.9854962885978011,23.1541,2.66415,0.07941985154391204,1177.344125608883,nan,nan
89.6701,1.9921062885978011,23.1367,2.67102,0.07968425154391205,1176.4593670656618,nan,nan
89.8601,1.9981362885978011,23.1213,2.67615,0.07992545154391205,1175.6763049067192,nan,nan
90.0701,2.004546288597801,23.1073,2.68245,0.08018185154391205,1174.964430216771,nan,nan
90.2701,2.011026288597801,23.097,2.68877,0.08044105154391204,1174.440693837738,nan,nan
90.4801,2.017676288597801,23.0804,2.69542,0.08070705154391204,1173.5966138482283,nan,nan
90.6701,2.023286288597801,23.078,2.70067,0.08093145154391204,1173.4745781870943,nan,nan
90.8801,2.029986288597801,23.0597,2.70719,0.08119945154391203,1172.544056270948,nan,nan
91.0801,2.035876288597801,23.0368,2.71223,0.08143505154391203,1171.3796326709617,nan,nan
91.2901,2.042016288597801,23.0369,2.71897,0.08168065154391205,1171.3847174901755,nan,nan
91.5001,2.049016288597801,23.0144,2.72556,0.08196065154391205,1170.2406331670447,nan,nan
91.7101,2.055386288597801,23.0037,2.73158,0.08221545154391205,1169.696557511156,nan,nan
91.9101,2.061686288597801,22.9878,2.7375,0.08246745154391205,1168.8880712561438,nan,nan
92.1201,2.068346288597801,22.9742,2.74346,0.08273385154391204,1168.1965358430516,nan,nan
92.3301,2.0745762885978007,22.9527,2.74927,0.08298305154391203,1167.1032997120599,nan,nan
92.5301,2.0810862885978008,22.9519,2.75586,0.08324345154391204,1167.0626211583485,nan,nan
92.7401,2.088196288597801,22.9193,2.76277,0.08352785154391204,1165.4049700946125,nan,nan
92.9401,2.094406288597801,22.9087,2.76911,0.08377625154391204,1164.8659792579379,nan,nan
93.1601,2.100906288597801,22.8992,2.77499,0.08403625154391203,1164.382921432616,nan,nan
93.3601,2.107646288597801,22.8856,2.78114,0.08430585154391204,1163.6913860195236,nan,nan
93.5701,2.113956288597801,22.8722,2.787,0.08455825154391204,1163.010020244859,nan,nan
93.7701,2.120086288597801,22.8464,2.7934,0.08480345154391204,1161.698136887669,nan,nan
93.9801,2.127076288597801,22.8353,2.79983,0.08508305154391203,1161.1337219549248,nan,nan
94.1901,2.133206288597801,22.8149,2.80576,0.08532825154391205,1160.0964188352864,nan,nan
94.3901,2.139796288597801,22.8223,2.81231,0.08559185154391204,1160.4726954571158,nan,nan
94.5901,2.146506288597801,22.7986,2.81825,0.08586025154391203,1159.2675933034184,nan,nan
94.8001,2.153116288597801,22.7646,2.82452,0.08612465154391204,1157.5387547706875,nan,nan
95.0101,2.1590362885978007,22.7347,2.82986,0.08636145154391203,1156.0183938257273,nan,nan
95.2101,2.165406288597801,22.7422,2.83604,0.08661625154391205,1156.3997552667709,nan,nan
95.4201,2.172486288597801,22.7247,2.84236,0.08689945154391204,1155.5099119043357,nan,nan
95.6301,2.179136288597801,22.7065,2.84928,0.08716545154391203,1154.5844748074035,nan,nan
95.8401,2.185716288597801,22.6746,2.8551,0.08742865154391204,1152.962417478165,nan,nan
96.0401,2.1915062885978007,22.6646,2.86108,0.08766025154391203,1152.4539355567733,nan,nan
96.2401,2.197836288597801,22.6649,2.86678,0.08791345154391203,1152.469190014415,nan,nan
96.4501,2.203996288597801,22.6463,2.87311,0.08815985154391204,1151.523413640627,nan,nan
96.6601,2.211606288597801,22.6342,2.8802,0.08846425154391203,1150.9081505157435,nan,nan
96.8701,2.217886288597801,22.6002,2.8858,0.08871545154391203,1149.179311983013,nan,nan
97.0801,2.224806288597801,22.5845,2.89236,0.08899225154391203,1148.3809953664284,nan,nan
97.2701,2.230316288597801,22.5764,2.8983,0.08921265154391204,1147.9691250101012,nan,nan
97.5001,2.237316288597801,22.5561,2.90442,0.08949265154391205,1146.9369067096768,nan,nan
97.7001,2.244296288597801,22.5348,2.91109,0.08977185154391204,1145.853840217113,nan,nan
97.9101,2.2505562885978008,22.5086,2.91663,0.09002225154391202,1144.5216175830676,nan,nan
98.1301,2.257596288597801,22.504,2.92328,0.09030385154391204,1144.2877158992274,nan,nan
98.3401,2.264456288597801,22.474,2.92945,0.09057825154391203,1142.762270135053,nan,nan
98.5401,2.2708862885978007,22.4548,2.93578,0.09083545154391202,1141.7859848459816,nan,nan
98.7501,2.277356288597801,22.4451,2.94193,0.09109425154391204,1141.292757382232,nan,nan
98.9601,2.284286288597801,22.4214,2.9482,0.09137145154391205,1140.0876552285342,nan,nan
99.1701,2.290396288597801,22.4004,2.95431,0.09161585154391204,1139.0198431936126,nan,nan
99.3601,2.296876288597801,22.3861,2.96032,0.09187505154391204,1138.2927140460226,nan,nan
99.5801,2.303236288597801,22.3763,2.96635,0.09212945154391203,1137.794401763059,nan,nan
99.7801,2.310116288597801,22.3547,2.97271,0.09240465154391204,1136.6960808128538,nan,nan
99.9901,2.316816288597801,22.344,2.97921,0.09267265154391204,1136.1520051569648,nan,nan
100.2,2.3238962885978007,22.3153,2.9858,0.09295585154391203,1134.6926620425716,nan,nan
100.39,2.329286288597801,22.2944,2.99066,0.09317145154391204,1133.6299348268633,nan,nan
100.61,2.336186288597801,22.2799,2.99683,0.09344745154391204,1132.892636040846,nan,nan
100.82,2.343476288597801,22.2723,3.00429,0.09373905154391204,1132.5061897805886,nan,nan
101.03,2.349786288597801,22.2355,3.00974,0.09399145154391204,1130.634976309868,nan,nan
101.25,2.356716288597801,22.2185,3.01637,0.09426865154391204,1129.7705570435028,nan,nan
101.46,2.363846288597801,22.2115,3.02328,0.09455385154391203,1129.4146196985287,nan,nan
101.66,2.370056288597801,22.1852,3.0286,0.09480225154391204,1128.0773122452692,nan,nan
101.88,2.377106288597801,22.1568,3.03568,0.09508425154391205,1126.6332235885177,nan,nan
102.09,2.383116288597801,22.1422,3.0415,0.09532465154391204,1125.8908399832862,nan,nan
102.29,2.389496288597801,22.1256,3.04739,0.09557985154391205,1125.0467599937765,nan,nan
102.49,2.395846288597801,22.109,3.05384,0.09583385154391204,1124.2026800042668,nan,nan
102.71,2.403326288597801,22.0875,3.06084,0.09613305154391204,1123.1094438732753,nan,nan
102.91,2.409656288597801,22.0666,3.06686,0.09638625154391203,1122.0467166575672,nan,nan
103.13,2.4164962885978007,22.0373,3.07294,0.09665985154391203,1120.5568646278903,nan,nan
103.35,2.4235462885978007,22.0199,3.07977,0.09694185154391204,1119.6721060846694,nan,nan
103.56,2.430416288597801,22.0133,3.08625,0.09721665154391204,1119.3365080165509,nan,nan
103.76,2.436906288597801,21.9795,3.09212,0.09747625154391203,1117.617839122248,nan,nan
103.96,2.4432062885978008,21.96,3.09866,0.09772825154391203,1116.6262993755347,nan,nan
104.16,2.449456288597801,21.9429,3.10413,0.09797825154391203,1115.7567952899556,nan,nan
104.38,2.456656288597801,21.9367,3.11103,0.09826625154391204,1115.4415364986926,nan,nan
104.58,2.4630662885978007,21.9078,3.1168,0.09852265154391203,1113.9720237458716,nan,nan
104.8,2.470056288597801,21.8727,3.1233,0.09880225154391203,1112.1872522017877,nan,nan
105,2.476166288597801,21.8671,3.13003,0.09904665154391204,1111.9025023258087,nan,nan
105.21,2.482426288597801,21.8363,3.13534,0.09929705154391204,1110.3363780079233,nan,nan
105.42,2.489676288597801,21.8277,3.14219,0.09958705154391204,1109.8990835555264,nan,nan
105.62,2.496026288597801,21.8074,3.14832,0.09984105154391204,1108.8668652551019,nan,nan
105.82,2.502496288597801,21.7842,3.15408,0.10009985154391204,1107.6871871974736,nan,nan
106.02,2.509016288597801,21.7684,3.15988,0.10036065154391205,1106.8837857616754,nan,nan
106.22,2.515676288597801,21.7537,3.1662,0.10062705154391204,1106.13631733723,nan,nan
106.42,2.521486288597801,21.7124,3.17179,0.10085945154391204,1104.0362870018835,nan,nan
106.63,2.527976288597801,21.7034,3.17765,0.10111905154391204,1103.578653272631,nan,nan
106.83,2.534526288597801,21.6904,3.18399,0.10138105154391203,1102.9176267748223,nan,nan
107.03,2.540876288597801,21.6693,3.19002,0.10163505154391204,1101.8447299206864,nan,nan
107.25,2.548016288597801,21.6398,3.19661,0.10192065154391203,1100.3447082525818,nan,nan
107.45,2.554126288597801,21.6114,3.20228,0.10216505154391203,1098.9006195958302,nan,nan
107.66,2.561046288597801,21.611,3.20902,0.10244185154391204,1098.8802803189747,nan,nan
107.86,2.567696288597801,21.5761,3.21492,0.10270785154391204,1097.1056784133184,nan,nan
108.06,2.573976288597801,21.5577,3.22054,0.10295905154391204,1096.1700716779585,nan,nan
108.27,2.580456288597801,21.5468,3.22701,0.10321825154391204,1095.6158263836417,nan,nan
108.47,2.587346288597801,21.5238,3.23387,0.10349385154391204,1094.4463179644417,nan,nan
108.68,2.594546288597801,21.4858,3.23945,0.10378185154391203,1092.5140866631543,nan,nan
108.88,2.600516288597801,21.4674,3.2459,0.10402065154391205,1091.578479927794,nan,nan
109.08,2.606636288597801,21.4404,3.25085,0.10426545154391205,1090.2055787400373,nan,nan
109.28,2.612986288597801,21.4293,3.25669,0.10451945154391204,1089.6411638072927,nan,nan
109.48,2.619526288597801,21.4204,3.26374,0.10478105154391203,1089.1886148972544,nan,nan
109.68,2.626066288597801,21.3865,3.26939,0.10504265154391204,1087.4648611837374,nan,nan
109.89,2.632646288597801,21.3612,3.27548,0.10530585154391205,1086.1784019226172,nan,nan
110.09,2.639346288597801,21.3412,3.28196,0.10557385154391204,1085.1614380798344,nan,nan
110.29,2.645866288597801,21.3166,3.28769,0.10583465154391204,1083.9105725532115,nan,nan
110.51,2.652516288597801,21.2871,3.29366,0.10610065154391204,1082.4105508851067,nan,nan
110.72,2.659366288597801,21.2724,3.3002,0.10637465154391204,1081.6630824606616,nan,nan
110.92,2.665706288597801,21.2523,3.30592,0.10662825154391203,1080.641033798665,nan,nan
111.12,2.672306288597801,21.2357,3.31224,0.10689225154391205,1079.796953809155,nan,nan
111.33,2.678736288597801,21.1984,3.31802,0.10714945154391203,1077.9003162423649,nan,nan
111.53,2.685346288597801,21.1934,3.32391,0.10741385154391203,1077.6460752816695,nan,nan
111.73,2.6919862885978008,21.1675,3.33015,0.10767945154391204,1076.3291071052656,nan,nan
111.93,2.698366288597801,21.1344,3.33569,0.10793465154391203,1074.64603194546,nan,nan
112.13,2.704496288597801,21.1116,3.34161,0.10817985154391203,1073.4866931646875,nan,nan
112.35,2.7121862885978008,21.111,3.34871,0.10848745154391203,1073.456184249404,nan,nan
112.57,2.719316288597801,21.0571,3.35534,0.10877265154391204,1070.7154666931044,nan,nan
112.78,2.726296288597801,21.0423,3.36219,0.10905185154391203,1069.962913449445,nan,nan
112.98,2.732706288597801,21.0092,3.36749,0.10930825154391205,1068.2798382896397,nan,nan
113.18,2.739106288597801,20.9893,3.37385,0.10956425154391203,1067.2679592660706,nan,nan
113.38,2.745476288597801,20.9691,3.37897,0.10981905154391203,1066.2408257848601,nan,nan
113.58,2.751856288597801,20.9395,3.38482,0.11007425154391204,1064.7357192975414,nan,nan
113.79,2.758446288597801,20.9197,3.3911,0.11033785154391204,1063.7289250931863,nan,nan
113.99,2.765026288597801,20.899,3.39727,0.11060105154391203,1062.6763675159061,nan,nan
114.19,2.771476288597801,20.8673,3.40362,0.11085905154391204,1061.0644798250955,nan,nan
114.4,2.778406288597801,20.8296,3.41042,0.11113625154391205,1059.1475029814499,nan,nan
114.6,2.784876288597801,20.8214,3.41643,0.11139505154391204,1058.730547805909,nan,nan
114.8,2.791646288597801,20.8101,3.42279,0.11166585154391204,1058.1559632347364,nan,nan
115,2.7982762885978008,20.7604,3.42828,0.11193105154391203,1055.6288080854213,nan,nan
115.22,2.8050562885978008,20.727,3.4352,0.11220225154391203,1053.930478467974,nan,nan
115.44,2.812146288597801,20.7083,3.44118,0.11248585154391204,1052.9796172749723,nan,nan
115.65,2.818226288597801,20.6723,3.44712,0.11272905154391204,1051.149082357963,nan,nan
115.85,2.825066288597801,20.661,3.45298,0.11300265154391204,1050.5744977867907,nan,nan
116.05,2.831866288597801,20.6264,3.45887,0.11327465154391204,1048.8151503387764,nan,nan
116.25,2.838796288597801,20.5953,3.46496,0.11355185154391205,1047.2337715632493,nan,nan
116.47,2.845846288597801,20.5581,3.4715,0.11383385154391204,1045.342218815673,nan,nan
116.67,2.852556288597801,20.534,3.47812,0.11410225154391204,1044.1167773851198,nan,nan
116.88,2.859616288597801,20.4849,3.48391,0.11438465154391204,1041.6201311510881,nan,nan
117.08,2.866366288597801,20.4577,3.4901,0.11465465154391204,1040.2370603249033,nan,nan
117.29,2.873346288597801,20.4292,3.49635,0.11493385154391204,1038.787886848938,nan,nan
117.49,2.880176288597801,20.3772,3.50231,0.11520705154391203,1036.1437808577023,nan,nan
117.69,2.8866062885978008,20.3331,3.50781,0.11546425154391203,1033.9013755843664,nan,nan
117.89,2.893506288597801,20.3071,3.51422,0.11574025154391204,1032.5793225887487,nan,nan
118.09,2.9061962885978008,20.0025,3.52034,0.11624785154391203,1017.0909632631664,nan,nan
