Specimen name:	AWA_4_04_Rz
Specimen ID:	46NTAZ
Material:	42CrMoS4
Specimen type:	Round Tensile Specimen
Gauge diameter:	4.998	mm
Gauge length:	25	mm
Parallel length:	30	mm
Original cross-section:	19.61924926326091	mm²
Cross-section after fracture:	13.000454092433179	mm²
Yield stress at 0.2% plastic strain:	1081.8509694883146	MPa
Yield stress at 1% plastic strain:	1150.5294376095599	MPa
Ultimate tensile strength:	1201.0551313054405	MPa
Uniform elongation:	5.080753636862774	%
Elongation after fracture:	10.87958564538251	%
Reduction of area:	33.73623058667243	%
Slope of linear-elastic region:	211746.34888895313	MPa
Crosshead seperation speed:	0.029939821002019324	mm/s
Strain rate:	0.000997994033400644	s-1
Test temperature:	RT	Cel
Machine type:	INSTRON 8852TT
Standard:	DIN EN ISO 6892-1
Date:	2022-09-13 00:00:00
Heat treatment batch:	Batch 4
Time	Displacement	Force	Machine Displacement	Engineering Strain	Engineering Stress	True Strain	True Stress
s	mm	kN	mm		MPa		MPa
0	0.0009055853526044518	0.149242	0	3.6223414104178074e-05	7.6069169618773955	3.622275805223101e-05	7.607192510380562
0.24	0.0008889100526044519	0.150341	-0.0002594	3.5556402104178076e-05	7.662933376432971	3.555576999029389e-05	7.663205842773401
0.460001	0.0010037486526044519	0.148145	-0.000282288	4.014994610417807e-05	7.551002488021647	4.014914011672724e-05	7.551305660364574
0.670001	0.0009556765526044518	0.144835	-0.000282288	3.8227062104178074e-05	7.382290629806035	3.8226331468693865e-05	7.382572833088412
0.880001	0.0009216094526044518	0.15024	5.3405e-05	3.686437810417807e-05	7.657785371091649	3.686369862964128e-05	7.658067670587009
1.09	0.0010680403526044518	0.152502	0	4.272161410417807e-05	7.773080302597301	4.272070156195849e-05	7.773412381134389
1.3	0.0015156693526044518	0.218207	0.00356293	6.062677410417807e-05	11.122087143702046	6.0624936375529734e-05	11.122761439966874
1.51	0.0019532053526044517	0.329772	0.00994873	7.812821410417807e-05	16.80859423186658	7.812516225428144e-05	16.809907457315518
1.72	0.002869565352604452	0.460169	0.0163956	0.00011478261410417807	23.454974949613103	0.00011477602708393152	23.457667172951567
1.93	0.0034607553526044515	0.577702	0.0223694	0.00013843021410417806	29.44567308606488	0.00013842063352615284	29.449749256894624
2.13	0.004269905352604452	0.696267	0.0283279	0.00017079621410417807	35.48897262362798	0.00017078163009140375	35.495034005794544
2.34	0.004916985352604452	0.842487	0.034317	0.0001966794141041781	42.94185718806502	0.00019666007524386884	42.95030296737732
2.55	0.005642305352604452	0.968077	0.0401535	0.00022569221410417806	49.343223433774554	0.0002256667494478025	49.35435981512236
2.75	0.006517175352604452	1.11602	0.0460663	0.00026068701410417806	56.883929911113555	0.0002606530411486155	56.89875881295259
2.96	0.007362145352604452	1.27152	0.0530624	0.0002944858141041781	64.80981932275327	0.0002944424616676282	64.82890489515847
3.17	0.008290495352604451	1.42964	0.0590515	0.000331619814104178	72.8692510511679	0.0003315648404068118	72.8934159386554
3.37	0.009201455352604452	1.58216	0.0646439	0.00036805821410417806	80.64324882006365	0.000367990497294952	80.67293023020392
3.58001	0.010125895352604452	1.75409	0.070816	0.0004050358141041781	89.40658108079172	0.0004049538092412857	89.44279394814605
3.78001	0.011008085352604452	1.91504	0.0769501	0.0004403234141041781	97.61025889946319	0.00044022650019758707	97.65323898191339
3.99001	0.01207058535260445	2.0838	0.0837631	0.00048282341410417804	106.21201515096364	0.00048270689238426957	106.2632967987377
4.19001	0.01296558535260445	2.24464	0.0896835	0.000518623414104178	114.41008623114453	0.0005184889754613175	114.46942198067367
4.39001	0.013905185352604451	2.41578	0.0954132	0.000556207414104178	123.1331519154405	0.000556052788093795	123.20163948745787
4.60001	0.014976085352604451	2.60239	0.102051	0.0005990434141041781	132.6447289129073	0.0005988640592221143	132.72418886417822
4.80001	0.01603668535260445	2.77825	0.108337	0.0006414674141041781	141.60837464879774	0.0006412617618239812	141.6992118066992
5.00001	0.017073185352604454	2.9542	0.114235	0.0006829274141041782	150.57660771618043	0.0006826943252935718	150.67944060951262
5.21001	0.017929485352604455	3.10844	0.119965	0.0007171794141041782	158.4382744869284	0.000716922363841518	158.5519031557966
5.41001	0.01907678535260445	3.30277	0.125771	0.0007630714141041781	168.3433425857319	0.0007627804231345945	168.47180057821384
5.62001	0.019991885352604453	3.47796	0.131622	0.0007996754141041782	177.2728381871799	0.0007993558440770811	177.41459891746666
5.81001	0.02127398535260445	3.67054	0.137939	0.000850959414104178	187.08870817363376	0.0008505975534132438	187.2479130711267
6.01001	0.022483085352604452	3.8818	0.144012	0.0008993234141041781	197.8567042964827	0.0008989192650915319	198.034641463294
6.22001	0.023566785352604452	4.08361	0.150513	0.0009426714141041781	208.14303061264354	0.0009422273784378486	208.33924109764706
6.44001	0.024635085352604454	4.27401	0.155746	0.0009854034141041782	217.84778523628466	0.0009849182228731084	218.0624531876115
6.62001	0.025930885352604453	4.46775	0.162094	0.001037235414104178	227.72278082863892	0.0010366978571353341	227.95898296151267
6.83001	0.027127385352604453	4.6761	0.16803	0.0010850954141041781	238.34245323323788	0.0010845071236044103	238.6010775362276
7.03001	0.02827088535260445	4.86877	0.174294	0.001130835414104178	248.16291055118396	0.001130196501362036	248.44354195890241
7.24001	0.02957188535260445	5.08184	0.181267	0.0011828754141041781	259.0231630073774	0.0011821763681833168	259.3295551385823
7.44001	0.030573885352604455	5.27803	0.186821	0.0012229554141041782	269.02303595702114	0.0012222082132651631	269.3520391353635
7.65001	0.031782085352604454	5.47871	0.193291	0.0012712834141041783	279.25176577777904	0.0012704760175588324	279.60677391597164
7.86001	0.033111185352604454	5.70595	0.199661	0.0013244474141041781	290.83426809225494	0.001323571107290584	291.2194627865626
8.06001	0.03426938535260445	5.90825	0.20549	0.001370775414104178	301.14556987987373	0.0013698367591783226	301.55837282313144
8.26001	0.035457485352604456	6.10235	0.211349	0.0014182994141041783	311.038914798197	0.0014172945774839887	311.48006110881886
8.47001	0.036751285352604454	6.30451	0.217651	0.0014700514141041782	321.34308073682774	0.0014689719463100532	321.8154715870775
8.67001	0.03801508535260445	6.50948	0.224098	0.001520603414104178	331.7904733587171	0.0015194484673950767	332.2949950852736
8.88001	0.039302185352604456	6.73022	0.230919	0.0015720874141041783	343.04166839875154	0.001570852978276627	343.5809598881545
9.10001	0.04046058535260445	6.94709	0.236755	0.0016184234141041782	354.09560818461847	0.001617115178259935	354.6686848077359
9.31001	0.04170058535260445	7.15707	0.243004	0.001668023414104178	364.79836225957735	0.0016666338080981798	365.4068544692532
9.52001	0.04299548535260445	7.37959	0.24971	0.001719819414104178	376.14028452245884	0.0017183422181266215	376.78717788620725
9.73001	0.044203285352604454	7.58492	0.255219	0.001768131414104178	386.60602647031726	0.001766570109878602	387.28959673060143
9.93001	0.045481985352604455	7.77822	0.261253	0.0018192794141041783	396.4585951087093	0.0018176265297128657	397.17986406933517
10.15	0.04696498535260445	8.02821	0.267838	0.0018785994141041781	409.20067288373053	0.0018768370530599353	409.96939702806094
10.35	0.04810528535260445	8.22641	0.274239	0.001924211414104178	419.3029962367016	0.0019223624907541853	420.1098238480283
10.55	0.049386985352604454	8.42173	0.280281	0.001975479414104178	429.25852498192	0.001973530720626999	430.10651636135054
10.76	0.05071648535260445	8.65048	0.287071	0.002028659414104178	440.9179925247662	0.0020266044633224147	441.81246496114943
10.96	0.05186368535260445	8.85281	0.292435	0.002074547414104178	451.2308234228824	0.002072398512103658	452.1669231607784
11.17	0.05316358535260445	9.05583	0.29834	0.002126543414104178	461.57882386243926	0.002124285521096586	462.5603912704139
11.37	0.05444898535260445	9.26479	0.304291	0.002177959414104178	472.2295881804858	0.0021755910986061447	473.2580850576821
11.58	0.05594998535260445	9.49811	0.31134	0.002237999414104178	484.1219902224394	0.002235498823600496	485.2054549529122
11.79	0.05715228535260445	9.69988	0.316727	0.002286091414104178	494.4062777246037	0.002283482282845673	495.53653567118903
11.99	0.05831588535260445	9.9013	0.322823	0.002332635414104178	504.6727256042981	0.002329919043498065	505.8499430765752
12.2	0.059638885352604455	10.1081	0.329208	0.002385555414104178	515.2133939665301	0.0023827144940050814	516.4424640679259
12.41	0.060781185352604454	10.3174	0.335312	0.002431247414104178	525.8814882035474	0.0024282967137305897	527.1600362118676
12.61	0.062012085352604454	10.5041	0.341309	0.0024804834141041784	535.3976525325064	0.0024774120929792424	536.7256975295636
12.82	0.06344278535260445	10.7362	0.348297	0.002537711414104178	547.2278707475649	0.0025344968617490426	548.6165771612768
13.02	0.06444908535260445	10.9259	0.353813	0.002577963414104178	556.8969461262662	0.0025746461663609817	558.3326060788061
13.23	0.06574608535260444	11.1252	0.359673	0.002629843414104178	567.0553368641426	0.002626391426712469	568.5466036072274
13.44	0.06723998535260445	11.3443	0.366722	0.002689599414104178	578.222940530318	0.002685988914016912	579.7781286123899
13.64	0.06857048535260445	11.5469	0.372414	0.0027428194141041777	588.549533422911	0.002739064748946983	590.1638185093453
13.85	0.06989368535260444	11.7604	0.378471	0.0027957474141041775	599.4317031295675	0.0027918465811070225	601.1075627635241
14.05	0.07093538535260445	11.9532	0.383926	0.002837415414104178	609.2587865930025	0.002833397549427846	610.9875068652599
14.26	0.07219308535260445	12.1804	0.390831	0.002887723414104178	620.8392500934818	0.002883561950358669	622.6320621323717
14.46	0.07328918535260445	12.365	0.396095	0.002931567414104178	630.2483766876213	0.0029272787499800184	632.0959922915108
14.66	0.07456778535260444	12.5723	0.402374	0.002982711414104178	640.8145302248105	0.0029782719559717586	642.7258950384357
14.87	0.07587128535260444	12.7794	0.4086	0.003034851414104178	651.3704896920169	0.0030302555487157915	653.3473023437645
15.06	0.07714868535260444	12.9818	0.414604	0.0030859474141041775	661.686888514627	0.003081195651665813	663.7288194571854
15.27	0.07844338535260445	13.1896	0.42086	0.003137735414104178	672.2785272267731	0.0031328229955703947	674.3879593697944
15.47	0.07967328535260444	13.3941	0.426872	0.0031869314141041776	682.7019637842029	0.0031818639118520124	684.8776881190574
15.68	0.08096548535260445	13.602	0.433212	0.003238619414104178	693.2986995313405	0.0032333863817388037	695.5440301594158
15.88	0.08230518535260445	13.8021	0.439445	0.003292207414104178	703.4978665491482	0.003286799964322584	705.8139274412077
16.09	0.08339828535260445	13.9975	0.445328	0.003335931414104178	713.4574729223598	0.0033303795385952943	715.8375181189089
16.3	0.08470468535260445	14.2178	0.452217	0.003388187414104178	724.6862410084321	0.0033824604395238725	727.1416138093914
16.5	0.08593398535260445	14.4211	0.458473	0.003437359414104178	735.0485131459648	0.003431465197398859	737.5751390724503
16.71	0.08727188535260444	14.6069	0.464241	0.0034908754141041777	744.5188041600013	0.003484796451684775	747.1178265487816
16.91	0.08831768535260445	14.8009	0.469971	0.003532707414104178	754.4070520433331	0.003526482060527792	757.0721514293391
17.11	0.08966848535260445	14.9993	0.476181	0.0035867394141041783	764.519569466287	0.0035803224038102204	767.2617019389457
17.31	0.09072948535260444	15.1925	0.482384	0.0036291794141041778	774.3670410696876	0.003622609832490007	777.1773579940984
17.52	0.09207488535260444	15.4208	0.488968	0.0036829954141041777	786.0035719550724	0.0036762297932393558	788.8984195060525
17.73	0.09339588535260444	15.6056	0.495338	0.003735835414104178	795.4228926191947	0.0037288745121198162	798.3944616306306
17.94	0.09439908535260444	15.816	0.501526	0.0037759634141041774	806.1470542411175	0.003768852359352136	809.1910360243198
18.14	0.09604108535260444	16.0343	0.507614	0.0038416434141041777	817.2738816273617	0.003834283146370653	820.4135564522348
18.35	0.09708248535260444	16.2159	0.513824	0.003883299414104178	826.5300971717589	0.0038757788703290895	829.7397610138455
18.57	0.09853528535260445	16.4297	0.5205	0.003941411414104178	837.4275579833896	0.003933664401573586	840.7282045189107
18.77	0.09967678535260445	16.6304	0.526596	0.003987071414104178	847.6573072111458	0.0039791441090416685	851.0369774296839
18.97	0.10097858535260444	16.8288	0.532265	0.004039143414104177	857.7698246340998	0.004031007973793307	861.234479972088
19.17	0.10211758535260444	17.0314	0.538597	0.0040847034141041775	868.0964175266927	0.004076383661233878	871.6423339271356
19.37	0.10337758535260444	17.2143	0.544258	0.004135103414104177	877.4188945259783	0.004126577369949537	881.0471123923322
19.58	0.10485358535260444	17.4247	0.550743	0.004194143414104178	888.143056147901	0.004185372510348216	891.8680554976261
19.79	0.10621858535260445	17.651	0.557846	0.004248743414104178	899.6776463334577	0.004239742988464803	903.5001458081337
20	0.10739358535260445	17.8326	0.563484	0.0042957434141041775	908.9338618778548	0.00428654304723067	912.838408528873
20.2	0.10865558535260444	18.0259	0.569992	0.004346223414104178	918.786430516247	0.0043368058624502406	922.7796816131179
20.4	0.10996758535260445	18.1984	0.575348	0.004398703414104178	927.5788158764259	0.004389057394549877	931.6589599806723
20.6	0.11118658535260445	18.388	0.581863	0.004447463414104178	937.2427942201359	0.004437602674735699	941.4111472575627
20.81	0.11271158535260445	18.5881	0.588799	0.004508463414104178	947.4419612379438	0.004498330736714784	951.7134686571721
21.02	0.11427558535260444	18.7708	0.594879	0.004571023414104178	956.7542441672466	0.0045606080138760954	961.1275902188786
21.21	0.11572758535260444	18.9386	0.600403	0.004629103414104178	965.3070688828295	0.004618422065588242	969.7755751310539
21.42	0.11745258535260444	19.1266	0.60746	0.0046981034141041775	974.8894946666767	0.004687101770708184	979.4696263299446
21.61	0.11900658535260444	19.2659	0.6129	0.004760263414104178	981.9896644097082	0.004748969188362489	986.6641938822262
21.82	0.12109458535260445	19.4371	0.619125	0.004843783414104178	990.7157883149993	0.004832090040134172	995.5146010185306
22.02	0.12307758535260445	19.5747	0.624908	0.004923103414104178	997.7293084631768	0.004911024567875706	1002.6412330280237
22.23	0.12525858535260445	19.7164	0.630882	0.0050103434141041785	1004.9518070460023	0.004997833412409836	1009.9869607139274
22.44	0.12805058535260447	19.8689	0.637695	0.005122023414104179	1012.7247854078997	0.005108950473114836	1017.9119854708027
22.65	0.13068758535260447	20.0038	0.643845	0.0052275034141041786	1019.6006856113092	0.005213887449187055	1024.9306516763654
22.86	0.13355958535260445	20.1314	0.650352	0.005342383414104178	1026.104502260346	0.005328163506813858	1031.5863459343593
23.07	0.13677758535260445	20.2505	0.656242	0.005471103414104178	1032.1750709351134	0.00545619129359664	1037.8222074896596
23.27	0.13973558535260447	20.3486	0.662842	0.0055894234141041785	1037.1752622616848	0.0055738605517400034	1042.9724739571
23.48	0.14293058535260447	20.4612	0.668419	0.0057172234141041785	1042.9145236620104	0.005700942118713714	1048.8770989956001
23.67	0.14593858535260446	20.5497	0.674156	0.005837543414104179	1047.4253996294065	0.005820570977075234	1053.5397908727787
23.89	0.14954958535260446	20.654	0.681274	0.005981983414104179	1052.7416071254452	0.005964162386067879	1059.0390899586068
24.1	0.15299258535260446	20.7293	0.687157	0.006119703414104179	1056.5796744739755	0.006101054076101975	1063.0456287151271
24.3	0.15625158535260447	20.8228	0.693321	0.006250063414104179	1061.3454021909422	0.006230612770861943	1067.9788782589037
24.51	0.16026558535260446	20.9047	0.700066	0.006410623414104179	1065.5198738489055	0.006390162764948129	1072.3505205003946
24.72	0.16378858535260446	20.9801	0.705841	0.006551543414104178	1069.3630382324272	0.006530175332051906	1076.3690166028452
24.91	0.16740758535260447	21.0501	0.711609	0.006696303414104179	1072.930962726413	0.006673982762893077	1080.115633995216
25.12	0.17108258535260445	21.1115	0.717201	0.006843303414104178	1076.0605422111378	0.006819994293793968	1083.424350993434
25.33	0.17512158535260447	21.1908	0.724541	0.007004863414104179	1080.1024909593243	0.006980443331618958	1087.668461381728
25.54	0.17893858535260446	21.2534	0.730225	0.007157543414104179	1083.2932348639458	0.007132049775840988	1091.04695322269
25.74	0.18280258535260446	21.3094	0.73661	0.007312103414104178	1086.1475744591346	0.007285499593808267	1094.0895978465583
25.95	0.18725958535260445	21.3724	0.743309	0.007490383414104178	1089.3587065037216	0.007462469794739506	1097.518420890927
26.15	0.19130958535260445	21.4333	0.748848	0.007652383414104178	1092.4628008134891	0.007623252447974511	1100.82274503096
26.36	0.19540558535260447	21.4905	0.754761	0.007816223414104179	1095.3783048285748	0.007785834985659039	1103.9400263820776
26.57	0.19967358535260446	21.5356	0.761543	0.007986943414104178	1097.6770676096996	0.007955216603088339	1106.444152235658
26.77	0.20378558535260446	21.5937	0.767395	0.00815142341410418	1100.6384449397078	0.008118380008012462	1109.6102149302526
26.98	0.20815758535260445	21.6493	0.773071	0.008326303414104178	1103.472396394931	0.008291830969668651	1112.6602423764036
27.19	0.21304058535260445	21.6928	0.779755	0.008521623414104179	1105.6896066161935	0.008485519346479283	1115.1118770566657
27.39	0.21706558535260445	21.7257	0.7855	0.008682623414104178	1107.3665311283667	0.00864514621678267	1116.9813776995372
27.6	0.22141858535260445	21.7647	0.791573	0.008856743414104178	1109.354374775016	0.008817752514627639	1119.1796418277122
27.8	0.22564158535260445	21.8144	0.797577	0.009025663414104178	1111.8876011657458	0.008985175551592412	1121.9231244081834
28	0.22986158535260445	21.8497	0.802925	0.009194463414104178	1113.6868545177126	0.009152451656066561	1123.9266075563444
28.2	0.23451058535260447	21.89	0.809532	0.009380423414104179	1115.7409596192504	0.009336700456286517	1126.2070822409378
28.41	0.23908158535260446	21.9156	0.816437	0.009563263414104179	1117.0458005770508	0.009517824874657002	1127.7284038135879
28.61	0.24369858535260447	21.9462	0.822281	0.009747943414104178	1118.6054932844218	0.009700738731511232	1129.5095963356644
28.82	0.24775858535260445	21.9765	0.82785	0.009910343414104178	1120.1498948868184	0.009861558016049767	1131.2509650204195
29.03	0.25287158535260446	22.0246	0.834305	0.010114863414104178	1122.6015687176857	0.010064050539417835	1133.9565302537242
29.23	0.2575205853526044	22.0539	0.840729	0.010300823414104177	1124.0949999701681	0.01024813147062174	1135.6741040655384
29.43	0.2619005853526044	22.0834	0.846313	0.010476023414104176	1125.5986252926339	0.010421530132343248	1137.3904228460829
29.64	0.26661258535260446	22.1114	0.852348	0.010664503414104179	1127.025795090228	0.010608038688323957	1139.0449655297512
29.85	0.27182858535260446	22.1485	0.858864	0.010873143414104178	1128.9167950720405	0.010814455819430331	1141.1916692874497
30.06	0.2764425853526044	22.1642	0.864853	0.011057703414104177	1129.7170295656915	0.010997013992279798	1142.2091054204916
30.26	0.2814565853526044	22.1969	0.87159	0.011258263414104177	1131.3837600078818	0.011195360842076955	1144.1211764004902
30.47	0.2863075853526044	22.2129	0.877586	0.011452303414104177	1132.1992856065074	0.011387222202547828	1145.165575350505
30.66	0.29036458535260445	22.2247	0.882477	0.011614583414104178	1132.8007357354934	0.011547651896103392	1145.957744372252
30.87	0.2954945853526044	22.2609	0.889259	0.011819783414104177	1134.6458624023833	0.011750475376882	1148.057130747689
31.07	0.30052958535260443	22.2923	0.895027	0.012021183414104178	1136.2463313896853	0.011949502873573466	1149.9053569429238
31.27	0.3052355853526044	22.2975	0.900436	0.012209423414104177	1136.5113772092386	0.012135489588632106	1150.387525828533
31.48	0.31032458535260443	22.334	0.907173	0.012412983414104177	1138.3717949811028	0.012336573998247936	1152.5023851912872
31.68	0.31518158535260443	22.3449	0.913147	0.012607263414104177	1138.927371795166	0.012528453561822927	1153.2861291809209
31.89	0.3202275853526044	22.3591	0.918839	0.012809103414104177	1139.6511507639461	0.012727760730436704	1154.2490602100845
32.08	0.32482258535260444	22.3843	0.924324	0.012992903414104178	1140.935603581781	0.012909219727796429	1155.7596696808316
32.29	0.32981858535260444	22.3995	0.930946	0.013192743414104178	1141.710352900475	0.013106477072858448	1156.7726446395172
32.49	0.33502258535260443	22.4178	0.93721	0.013400903414104177	1142.6431103039026	0.013311905527702325	1157.9555602618768
32.7	0.3398715853526044	22.4311	0.943336	0.013594863414104177	1143.3210159577602	0.013503282346308427	1158.8643090081807
32.89	0.34456758535260446	22.4491	0.949738	0.013782703414104178	1144.2384822562135	0.013688585768434703	1160.0091818921558
33.1	0.3491395853526044	22.4531	0.955338	0.013965583414104176	1144.4423636558697	0.013868963186759928	1160.4251689481403
33.3	0.35422158535260445	22.4967	0.961754	0.014168863414104178	1146.6646709121237	0.014069423270654916	1162.9116060160563
33.51	0.3595885853526044	22.4996	0.968086	0.014383543414104177	1146.8124849268747	0.014281081594175528	1163.307712091657
33.71	0.36397758535260444	22.5078	0.972969	0.014559103414104178	1147.23044179617	0.014454137250246	1163.9330884380888
33.92	0.36952358535260443	22.5281	0.979813	0.014780943414104178	1148.2651398994258	0.014672769904965867	1165.2375819566676
34.12	0.3742545853526044	22.5365	0.985405	0.014970183414104176	1148.6932908387041	0.014859236115573788	1165.8894400891106
34.33	0.3794705853526044	22.5513	0.991196	0.015178823414104177	1149.4476520174328	0.015064777679304009	1166.894914951162
34.53	0.3843215853526044	22.5678	0.997696	0.015372863414104177	1150.288662791015	0.015255898153458248	1167.9718932908938
34.73	0.38942458535260444	22.5919	1.00375	0.015576983414104177	1151.5170482239444	0.015456907549141844	1169.4542101851869
34.93	0.3944665853526044	22.599	1.00969	0.015778663414104176	1151.8789377083344	0.015655474452950693	1170.05404776023
35.13	0.39920258535260444	22.6086	1.01511	0.01596810341410418	1152.3682530675094	0.015841954386022962	1170.769388503622
35.34	0.4046765853526044	22.6155	1.02153	0.016187063414104176	1152.7199484819166	0.01605744974230433	1171.3790993866962
35.54	0.40999758535260444	22.6441	1.02752	0.01639990341410418	1154.1777004894595	0.016266877436421804	1173.1061033001997
35.7401	0.41511558535260445	22.6387	1.03402	0.016604623414104177	1153.9024605999234	0.016468273938977845	1173.0625764147933
35.9601	0.42041458535260445	22.6633	1.04031	0.016816583414104178	1155.1563312078097	0.016676750176026843	1174.5821140078963
36.1601	0.42558958535260444	22.6691	1.04592	0.017023583414104176	1155.4519592373115	0.016880305995300136	1175.121892046378
36.3801	0.43066658535260444	22.677	1.05229	0.017226663414104178	1155.8546250016327	0.0170799667803893	1175.7661435821715
36.6001	0.43646058535260446	22.6994	1.059	0.01745842341410418	1156.9963608397081	0.017307775990278874	1177.1956931958255
36.8001	0.44140358535260443	22.7061	1.06502	0.017656143414104177	1157.3378621841325	0.01750208446199338	1177.7719854574284
37.0201	0.44645258535260446	22.716	1.07119	0.017858103414104178	1157.842468648282	0.017700520804040356	1178.5193391906446
37.2201	0.45167158535260443	22.7316	1.07695	0.018066863414104177	1158.6376061069416	0.017905597124762432	1179.5705534829203
37.4301	0.45668158535260445	22.7365	1.08348	0.018267263414104177	1158.8873608215206	0.018102421406206937	1180.0570615089232
37.6301	0.4619255853526044	22.7467	1.08955	0.018477023414104177	1159.4072583906443	0.01830839719030346	1180.8296534504107
37.8301	0.4668195853526044	22.768	1.09541	0.018672783414104176	1160.492926843814	0.018500587278579145	1182.1625599203685
38.0501	0.4724505853526044	22.7758	1.1017	0.018898023414104178	1160.8904955731439	0.01872167407483913	1182.829031339696
38.2501	0.47738358535260444	22.7813	1.10745	0.01909534341410418	1161.1708324976717	0.01891531553003555	1183.3437883066558
38.4601	0.4830675853526044	22.7982	1.11384	0.019322703414104178	1162.0322314112195	0.01913839047905949	1184.4858355764081
38.6601	0.4882145853526044	22.8097	1.11966	0.019528583414104177	1162.6183904352315	0.019340347337835625	1185.3226806516175
38.8601	0.4933605853526044	22.8182	1.12538	0.019734423414104175	1163.051638409501	0.01954222419237558	1186.0037918943417
39.0801	0.49881758535260445	22.8259	1.13165	0.019952703414104177	1163.4441101038396	0.019756257019236476	1186.657965371628
39.2801	0.5038495853526044	22.8428	1.13811	0.020153983414104175	1164.3055090173875	0.019953580033716663	1187.7709029350742
39.4901	0.5087935853526044	22.8327	1.14367	0.020351743414104177	1163.7907084832552	0.020147414334712847	1187.4758783700252
39.6901	0.5140345853526044	22.8514	1.15021	0.020561383414104174	1164.7438540266487	0.02035285179109582	1188.692598988512
39.8901	0.5192105853526044	22.864	1.15608	0.02076842341410418	1165.386080435566	0.020555699954109392	1189.589311994955
40.1001	0.5244545853526045	22.8768	1.16254	0.02097818341410418	1166.038500914466	0.020761171093413994	1190.499870454557
40.3001	0.5294815853526045	22.8811	1.16863	0.02117926341410418	1166.2576734190968	0.020958100082373195	1190.9581518931602
40.5001	0.5344325853526044	22.8853	1.17508	0.021377303414104175	1166.4717488887359	0.021152013929203118	1191.4077693887111
40.7001	0.5393325853526044	22.8952	1.18107	0.021573303414104177	1166.9763553528853	0.02134389326289442	1192.1518903439985
40.9201	0.5450905853526045	22.9106	1.18726	0.02180362341410418	1167.761298741562	0.021569324017202587	1193.2227263368882
41.1201	0.5503105853526045	22.925	1.1935	0.022012423414104178	1168.495271780325	0.021773647690118712	1194.2166844601322
41.3401	0.5556665853526044	22.9179	1.19989	0.022226663414104175	1168.133382295935	0.021983251353569648	1194.097089807006
41.5601	0.5610425853526044	22.9314	1.20608	0.02244170341410418	1168.8214820197752	0.022193593533535474	1195.0518270632967
41.7601	0.5664135853526044	22.9452	1.21267	0.02265654341410418	1169.5248728485894	0.022403695909911227	1196.022263904158
41.9801	0.5718675853526044	22.9493	1.21912	0.022874703414104178	1169.733851283237	0.022616999912150652	1196.491166204779
42.2001	0.5775575853526045	22.9622	1.22578	0.02310230341410418	1170.391368797129	0.022839485306834332	1197.430105312329
42.4101	0.5825645853526045	22.9767	1.23189	0.02330258341410418	1171.1304388708832	0.023035223698516637	1198.4208036114683
42.6101	0.5874365853526045	22.9801	1.23792	0.023497463414104178	1171.3037380605908	0.02322564777134279	1198.8264047924729
42.8101	0.5925375853526045	22.9885	1.24374	0.02370150341410418	1171.7318889998692	0.02342498355060202	1199.5036963674142
43.0201	0.5980825853526044	23.0024	1.25027	0.023923303414104174	1172.440376863675	0.023641624802581286	1200.4890237343313
43.2201	0.6032425853526044	23.0043	1.25611	0.024129703414104177	1172.5372205285116	0.023843182086509544	1200.8301959018627
43.4201	0.6082255853526044	23.0157	1.26199	0.024329023414104176	1173.1182825175322	0.024037786935529642	1201.6591046804149
43.6201	0.6133855853526045	23.0163	1.26824	0.02453542341410418	1173.1488647274807	0.024239264393950733	1201.9325688513452
43.8201	0.6184905853526045	23.0332	1.27464	0.02473962341410418	1174.0102636410286	0.02443855438285865	1203.0548354478008
44.0401	0.6239775853526044	23.0432	1.28128	0.024959103414104174	1174.5199671401692	0.02465271268618981	1203.834932461951
44.2401	0.6291045853526044	23.0473	1.28777	0.025164183414104174	1174.728945574817	0.02485277870368411	1204.290040223119
44.4501	0.6340285853526044	23.0511	1.29299	0.025361143414104177	1174.922632904491	0.02504488557310807	1204.7200142980585
44.6501	0.6391845853526045	23.068	1.29924	0.02556738341410418	1175.7840318180388	0.02524600423521392	1205.8457529717118
44.8501	0.6440125853526044	23.0673	1.30492	0.025760503414104175	1175.7483525730988	0.02543429202851175	1206.0362220236855
45.0701	0.6496545853526045	23.0745	1.31228	0.025986183414104178	1176.1153390924803	0.025654280199916113	1206.6780880102788
45.2701	0.6548025853526044	23.0822	1.31819	0.026192103414104176	1176.5078107868187	0.025854964518635167	1207.3230250344484
45.4801	0.6604975853526044	23.0947	1.32498	0.026419903414104176	1177.1449401607447	0.026076925610334378	1208.244995784193
45.6801	0.6654195853526045	23.0859	1.33064	0.02661678341410418	1176.6964010815007	0.026268719553293816	1208.0162743332428
45.8801	0.6703645853526045	23.0949	1.33614	0.026814583414104178	1177.1551342307273	0.02646137269360046	1208.7200587688983
46.1001	0.6757505853526045	23.1102	1.34303	0.02703002341410418	1177.934980584413	0.0266711646126909	1209.774590689902
46.3001	0.6809075853526044	23.1212	1.34932	0.027236303414104178	1178.495654433468	0.02687199543778827	1210.593519649821
46.5201	0.6864995853526045	23.123	1.35552	0.02745998341410418	1178.587401063313	0.027089721047473463	1210.9513915485838
46.7401	0.6919295853526044	23.1285	1.36227	0.027677183414104176	1178.8677379878407	0.027301093800897708	1211.4954765931002
46.9401	0.6971195853526044	23.1479	1.36826	0.027884783414104178	1179.8565627761739	0.027503082360772025	1212.756607488897
47.1601	0.7027915853526044	23.153	1.37458	0.028111663414104177	1180.1165115607357	0.027723783132187024	1213.291549723158
47.3601	0.7078925853526045	23.1545	1.38072	0.02831570341410418	1180.1929670856068	0.02792222437447058	1213.6109611130144
47.5701	0.7131275853526045	23.1589	1.38649	0.028525103414104178	1180.4172366252287	0.02812583760504069	1214.0887603717542
47.7701	0.7181915853526044	23.1614	1.39288	0.028727663414104175	1180.544662500014	0.028322760417755694	1214.458952209632
47.9701	0.7231025853526044	23.168	1.39818	0.028924103414104178	1180.8810668094468	0.02851369651662674	1215.0369929056008
48.1901	0.7287675853526044	23.1784	1.40524	0.029150703414104178	1181.4111584485534	0.028733902312998987	1215.8501247386002
48.4001	0.7340565853526044	23.1803	1.412	0.029362263414104178	1181.5080021133901	0.028939448747880996	1216.1997512973155
48.6001	0.7391835853526044	23.1904	1.41798	0.029567343414104177	1182.0228026475224	0.029138659055992607	1216.9720767767037
48.8001	0.7442035853526044	23.1886	1.42393	0.02976814341410418	1181.931056017677	0.029333673420500698	1217.1149491987949
49.0001	0.7491075853526045	23.1894	1.42972	0.02996430341410418	1181.9718322976082	0.029524144761470358	1217.3887949074983
49.2101	0.7546175853526045	23.2187	1.4361	0.030184703414104178	1183.4652635500906	0.029738109867984953	1219.187811531245
49.4101	0.7595645853526044	23.215	1.44131	0.030382583414104176	1183.2766732554087	0.029930173482576122	1219.227675482555
49.6201	0.7648805853526044	23.2263	1.44814	0.030595223414104176	1183.8526382094378	0.030136522139073058	1220.0728741648322
49.8201	0.7700745853526044	23.2347	1.45445	0.030802983414104177	1184.2807891487162	0.030338094062455124	1220.7601706545063
50.0201	0.7753315853526044	23.2464	1.46014	0.031013263414104174	1184.877142242711	0.030542069563232827	1221.6240491684352
50.2201	0.7802395853526044	23.2431	1.46632	0.031209583414104177	1184.7089400879943	0.03073246605786475	1221.6832125751055
50.4201	0.7854345853526045	23.2453	1.4717	0.03141738341410418	1184.8210748578053	0.03093395668515221	1222.045052843724
50.6401	0.7907565853526044	23.2475	1.47794	0.03163026341410417	1184.9332096276164	0.031140330979107757	1222.4129591762578
50.8401	0.7963395853526044	23.2595	1.48406	0.03185358341410418	1185.5448538265853	0.03135678045722244	1223.3087057191124
51.0601	0.8018445853526044	23.256	1.49047	0.032073783414104176	1185.3664576018862	0.03157016005998811	1223.385644629353
51.2601	0.8068505853526045	23.2604	1.49617	0.03227402341410418	1185.590727141508	0.031764158377486286	1223.854510028818
51.4701	0.8120025853526044	23.2722	1.50275	0.03248010341410418	1186.1921772704943	0.03196377536626643	1224.7198218572414
51.6701	0.8174595853526044	23.2888	1.50935	0.03269838341410418	1187.038285079068	0.032175166296595156	1225.8525180518038
51.8701	0.8222455853526044	23.2892	1.51491	0.03288982341410417	1187.0586732190336	0.03236052754131503	1226.1008233633884
52.0801	0.8279005853526045	23.2963	1.52132	0.033116023414104176	1187.4205627034235	0.03257950078502687	1226.7432098602987
52.2801	0.8327765853526045	23.2866	1.52747	0.033311063414104176	1186.9261503092569	0.032768271056015416	1226.463922570067
52.4801	0.8381715853526044	23.3113	1.53352	0.03352686341410418	1188.1851179521348	0.03297709246187691	1228.0212381123872
52.6901	0.8435485853526045	23.3066	1.54053	0.03374194341410418	1187.9455573075386	0.033185173771927805	1228.029149081246
52.8901	0.8487405853526044	23.2993	1.54662	0.03394962341410418	1187.5734737531657	0.03338605479696084	1227.8911459636652
53.0901	0.8537685853526045	23.3146	1.55256	0.03415074341410418	1188.3533201068512	0.03358055212780608	1228.9364694271192
53.2901	0.8583055853526045	23.3212	1.55791	0.03433222341410418	1188.6897244162842	0.03375602372063615	1229.500085604994
53.5101	0.8643445853526044	23.3294	1.56483	0.03457378341410418	1189.1076812855797	0.0339895384383667	1230.219632714395
53.7201	0.8697055853526044	23.3424	1.57112	0.034788223414104175	1189.7702958344628	0.03419679072197867	1231.160290697417
53.9201	0.8749655853526044	23.3403	1.57755	0.034998623414104174	1189.6632580996431	0.03440009668176597	1231.299834459469
54.1201	0.8801885853526045	23.3538	1.58327	0.035207543414104175	1190.3513578234833	0.03460193165265611	1232.2607049320914
54.3201	0.8852075853526045	23.3477	1.58918	0.03540830341410418	1190.0404386890075	0.034795844976498035	1232.1777516171614
54.5301	0.8907145853526044	23.3524	1.5953	0.03562858341410417	1190.2799993336034	0.035008569339093035	1232.6879895760005
54.7301	0.8953745853526044	23.351	1.60104	0.035814983414104176	1190.2086408437237	0.035188540450532546	1232.8359435748653
54.9301	0.9011875853526045	23.3563	1.6075	0.036047503414104176	1190.4787836982684	0.03541299550240437	1233.3925717180502
55.1301	0.9056185853526044	23.3572	1.61328	0.03622474341410418	1190.524657013191	0.035584054107955294	1233.651107241658
55.3501	0.9121215853526045	23.3793	1.62069	0.03648486341410418	1191.6511017462924	0.035835049230966025	1235.1283294307727
55.5501	0.9166945853526044	23.3677	1.6259	0.03666778341410418	1191.059845687289	0.03601151477078493	1234.733370142187
55.7601	0.9220985853526045	23.3714	1.63253	0.03688394341410418	1191.2484359819712	0.036220007279542915	1235.1863758868703
55.9601	0.9272065853526045	23.3802	1.63842	0.03708826341410418	1191.696975061215	0.036417039814490335	1235.8949463820763
56.1601	0.9323615853526044	23.3862	1.6448	0.037294463414104174	1192.0027971606994	0.03661584594415232	1236.457901868919
56.3801	0.9378545853526045	23.3836	1.65097	0.03751418341410418	1191.870274250923	0.036827643789854654	1236.5823143249909
56.5801	0.9430525853526044	23.3903	1.65708	0.037722103414104174	1192.2117755953473	0.037028025791668556	1237.1845114858677
56.7901	0.9482705853526044	23.402	1.66321	0.03793082341410418	1192.808128689342	0.037229138413153395	1238.0523231855657
56.9901	0.9537525853526044	23.408	1.67007	0.03815010341410418	1193.1139507888265	0.03744038258767626	1238.6313713962306
57.1901	0.9583985853526045	23.4019	1.67485	0.03833594341410418	1192.8030316543507	0.03761937728959603	1238.5302611800237
57.4001	0.9643185853526044	23.4173	1.68179	0.038572743414104174	1193.5879750430274	0.037847408500142565	1239.6279377465223
57.6001	0.9693385853526044	23.419	1.68843	0.038773543414104175	1193.6746246378814	0.03804073207060224	1239.9576195185928
57.8001	0.9745245853526044	23.4121	1.6936	0.03898098341410418	1193.3229292234741	0.03824040917202188	1239.8398305352046
58.0001	0.9796045853526044	23.425	1.69988	0.03918418341410418	1193.9804467373658	0.038435966295094805	1240.7655955551768
58.2101	0.9851605853526044	23.4224	1.70663	0.03940642341410418	1193.8479238275893	0.0386498034981658	1240.8932006059886
58.4101	0.9907115853526044	23.4377	1.71248	0.03962846341410418	1194.6277701812749	0.03886340260826335	1241.9690330653764
58.6101	0.9959645853526045	23.4429	1.71874	0.03983858341410418	1194.8928160008281	0.03906549285156448	1242.495653121991
58.8301	1.0012355853526045	23.4395	1.72475	0.04004942341410418	1194.71951681112	0.039268234537684174	1242.5673446009826
59.0301	1.0067655853526045	23.4415	1.73081	0.04027062341410418	1194.8214575109482	0.039480894124530735	1242.9376624734628
59.2501	1.0126055853526046	23.4461	1.73712	0.04050422341410418	1195.0559211205532	0.03970542586696077	1243.4607331419681
59.4501	1.0177755853526045	23.4476	1.74332	0.04071102341410418	1195.1323766454243	0.03990415591277965	1243.78743881399
59.6601	1.0229555853526044	23.4474	1.74966	0.04091822341410418	1195.1221825754412	0.04010323074899264	1244.0244590492148
59.8601	1.0279755853526045	23.447	1.75579	0.04111902341410418	1195.1017944354758	0.040296118749366776	1244.243213103106
60.0601	1.0331855853526046	23.453	1.76132	0.041327423414104184	1195.4076165349602	0.040496267954656655	1244.8107332559455
60.2801	1.0388955853526045	23.4622	1.76797	0.04155582341410418	1195.8765437541697	0.04071557933590031	1245.5721782314872
60.4801	1.0437855853526046	23.4512	1.77392	0.041751423414104184	1195.3158699051148	0.040903357687722776	1245.2220089031214
60.6901	1.0498655853526044	23.4553	1.78117	0.041994623414104176	1195.5248483397627	0.041136783446561846	1245.730464127995
60.8901	1.0551255853526045	23.461	1.78765	0.042205023414104176	1195.8153793342728	0.041338683491056114	1246.2847954180218
61.0901	1.0603055853526044	23.4732	1.79351	0.04241222341410418	1196.4372176032246	0.04153747298202627	1247.1807801771618
61.3001	1.0654055853526045	23.4712	1.79925	0.04261622341410418	1196.3352769033966	0.041733153766104925	1247.3185683420859
61.5001	1.0705955853526046	23.478	1.80473	0.042823823414104185	1196.6818752828121	0.041932248437756295	1247.9283685927824
61.7001	1.0760255853526046	23.4825	1.81135	0.043041023414104186	1196.9112418574257	0.042140507377557805	1248.4275266428156
61.9001	1.0811755853526046	23.4846	1.81744	0.043247023414104184	1197.018279592245	0.0423379872998368	1248.7857571568818
62.1201	1.0870155853526045	23.4774	1.82381	0.04348062341410418	1196.6512930728636	0.04256187852141592	1248.6824373049656
62.3401	1.0928355853526046	23.4895	1.83058	0.04371342341410418	1197.2680343068241	0.04278495313330378	1249.6047188306504
62.5401	1.0983455853526045	23.4991	1.83672	0.04393382341410418	1197.7573496659993	0.042996099916989404	1250.3794095591709
62.7501	1.1041555853526046	23.4881	1.84328	0.044166223414104186	1197.1966758169444	0.04321869461623537	1250.0723316716985
62.9501	1.1093455853526046	23.4981	1.84895	0.04437382341410419	1197.7063793160853	0.04341749377356919	1250.8531906938033
63.1501	1.1149155853526045	23.5075	1.85484	0.044596623414104176	1198.1855006052776	0.043630804594871675	1251.6205281560112
63.3501	1.1202055853526045	23.5013	1.86067	0.04480822341410418	1197.8694844358104	0.04383335031122216	1251.543887915348
63.5601	1.1253655853526046	23.4959	1.86687	0.045014623414104185	1197.5942445462742	0.044030879016570844	1251.5034984674235
63.7601	1.1306855853526045	23.5034	1.87309	0.045227423414104184	1197.9765221706298	0.04423449180013149	1252.1579135789968
63.9601	1.1358155853526046	23.4971	1.87878	0.04543262341410419	1197.655408966171	0.0444307934427351	1252.0680361415962
64.1801	1.1415755853526046	23.5049	1.88547	0.045663023414104185	1198.0529776955009	0.044651156391012276	1252.7596988673479
64.3801	1.1468555853526046	23.5107	1.8914	0.04587422341410418	1198.3486057250027	0.044853113110681485	1253.3219173920115
64.6001	1.1524855853526046	23.5143	1.89767	0.04609942341410418	1198.5320989846934	0.045068412190773996	1253.7837376911837
64.8101	1.1581355853526045	23.5129	1.9036	0.04632542341410418	1198.4607404948135	0.04528442950792779	1253.9799417434167
65.0101	1.1636255853526045	23.5255	1.91049	0.04654502341410418	1199.1029669037312	0.04549428482997014	1254.9152425741872
65.2101	1.1688855853526046	23.5219	1.91634	0.046755423414104186	1198.9194736440404	0.04569530709700988	1254.9754612736824
65.4101	1.1741255853526045	23.523	1.92207	0.046965023414104176	1198.9755410289458	0.04589552484911498	1255.2854553863085
65.6301	1.1798855853526045	23.5281	1.92874	0.04719542341410418	1199.2354898135077	0.046115565296616076	1255.8339165284767
65.8401	1.1853055853526044	23.5181	1.93508	0.04741222341410418	1198.725786314367	0.04632257303966763	1255.5600411073515
66.0401	1.1906755853526045	23.5246	1.94059	0.04762702341410418	1199.0570935888084	0.046527628864829675	1256.1646138600101
66.2401	1.1951455853526045	23.4454	1.94442	0.04780582341410418	1195.020241875613	0.04669828573002545	1252.1491685349986
66.4401	1.2012755853526045	23.5276	1.95235	0.04805102341410418	1199.2100046385506	0.046932271177542964	1256.8332726498656
66.6601	1.2074155853526045	23.5368	1.9595	0.04829662341410418	1199.6789318577603	0.04716658346014096	1257.6193734475294
66.8601	1.2127355853526045	23.5335	1.96526	0.04850942341410418	1199.5107297030438	0.0473695588388627	1257.69830357997
67.0801	1.2187555853526046	23.5242	1.97186	0.048750223414104184	1199.036705448843	0.04759919182819938	1257.4900127211854
67.2901	1.2246655853526045	23.5361	1.97805	0.04898662341410418	1199.6432526128206	0.04782457758271677	1258.4097248598357
67.4901	1.2300055853526046	23.5345	1.98399	0.04920022341410418	1199.5617000529578	0.04802818194813441	1258.580403694566
67.6901	1.2355655853526046	23.5418	1.99031	0.04942262341410419	1199.9337836073305	0.04824013046586702	1259.2376591164168
67.9001	1.2407855853526046	23.5345	1.99578	0.04963142341410418	1199.5617000529578	0.0484390772257222	1259.0976546996287
68.1001	1.2461655853526046	23.5321	2.00182	0.04984662341410418	1199.439371213164	0.0486440805607928	1259.2273738580764
68.3001	1.2514355853526045	23.536	2.00784	0.05005742341410418	1199.638155577829	0.0488448516398586	1259.6889506753034
68.5001	1.2568555853526044	23.5511	2.01411	0.050274223414104174	1200.4078078615316	0.049051295228038964	1260.7573781819974
68.7201	1.2625855853526045	23.5393	2.02063	0.05050342341410418	1199.8063577325454	0.049269500140163194	1260.4006862320464
68.9201	1.2681755853526044	23.5517	2.02626	0.05072702341410418	1200.4383900714802	0.049482327820422174	1261.3330563918257
69.1401	1.2739755853526045	23.5357	2.03288	0.05095902341410418	1199.6228644728546	0.049703102946462026	1260.7544741116217
69.3601	1.2797955853526046	23.5507	2.03941	0.051191823414104186	1200.387419721566	0.04992459038282083	1261.8374405404645
69.5601	1.2852255853526044	23.5443	2.04568	0.05140902341410418	1200.0612094821158	0.05013119165105513	1261.7551842987402
69.7701	1.2910755853526046	23.5326	2.05238	0.051643023414104185	1199.464856388121	0.05035372537419187	1261.4088480509677
69.9701	1.2964855853526045	23.5319	2.05746	0.05185942341410418	1199.4291771431813	0.05055947745314926	1261.63088269588
70.1701	1.3019655853526046	23.5504	2.06357	0.052078623414104186	1200.372128616592	0.05076784860849164	1262.885856659602
70.3701	1.3073555853526044	23.5415	2.06945	0.052294223414104175	1199.9184925023565	0.0509727552637731	1262.6672982279897
70.5901	1.3135655853526045	23.552	2.07632	0.05254262341410418	1200.4536811764542	0.05120878305996788	1263.5286668725837
70.8001	1.3191855853526044	23.5556	2.08227	0.052767423414104175	1200.637174436145	0.05142233830442515	1263.9917045863308
71.0001	1.3247855853526045	23.5554	2.08846	0.05299142341410418	1200.6269803661621	0.051635088212784605	1264.2499130451429
71.2001	1.3301955853526046	23.5529	2.09473	0.05320782341410418	1200.499554491377	0.05184057684458177	1264.375522795465
71.4001	1.3354955853526045	23.5411	2.10015	0.05341982341410418	1199.8981043623908	0.052041846395975665	1263.996449212348
71.6201	1.3417955853526045	23.5528	2.10683	0.053671823414104175	1200.4944574563856	0.052281038650931394	1264.9271839865955
71.8401	1.3475055853526046	23.5446	2.1128	0.053900223414104186	1200.07650058709	0.05249778094568499	1264.7608920827506
72.0401	1.3526655853526046	23.5487	2.11855	0.05410662341410419	1200.285479021738	0.052693605737212657	1265.2288734245847
72.2601	1.3588955853526046	23.561	2.12575	0.054355823414104186	1200.912414325681	0.052929986519365355	1266.1889974545734
72.4801	1.3651055853526046	23.5478	2.13219	0.05460422341410418	1200.2396057068152	0.05316555286072141	1265.7777572872865
72.6801	1.3704755853526045	23.5581	2.13789	0.05481902341410418	1200.76460031093	0.05336921042547554	1266.5893430502024
72.8901	1.3768355853526046	23.553	2.14445	0.055073423414104185	1200.5046515263684	0.05361036015954399	1266.6205525104817
73.0901	1.3822655853526045	23.5579	2.15051	0.05529062341410418	1200.7544062409474	0.053816201422896996	1267.1448659292419
73.2901	1.3881055853526045	23.5605	2.15664	0.05552422341410418	1200.886929150724	0.054037537748349455	1267.5652432999664
73.4901	1.3935355853526046	23.553	2.16237	0.05574142341410418	1200.5046515263684	0.05424329110874973	1267.4224896177013
73.7101	1.3999855853526046	23.5548	2.16904	0.05599942341410419	1200.5963981562136	0.05448763927454958	1267.8291042060118
73.9201	1.4058155853526046	23.5539	2.17524	0.056232623414104184	1200.550524841291	0.05470844834834214	1268.0606303942964
74.1201	1.4114755853526046	23.5638	2.18166	0.056459023414104186	1201.0551313054405	nan	nan
74.3201	1.4172255853526046	23.5617	2.18754	0.05668902341410418	1200.9480935706208	nan	nan
74.5201	1.4231955853526046	23.5588	2.19315	0.056927823414104184	1200.8002795558702	nan	nan
74.7301	1.4294955853526046	23.5591	2.19988	0.057179823414104186	1200.8155706608443	nan	nan
74.9401	1.4353455853526045	23.5468	2.2058	0.05741382341410418	1200.188635356901	nan	nan
75.1401	1.4409755853526045	23.5427	2.2115	0.05763902341410418	1199.9796569222533	nan	nan
75.3401	1.4469355853526045	23.5496	2.21729	0.05787742341410418	1200.3313523366605	nan	nan
75.5401	1.4519355853526046	23.5397	2.22245	0.058077423414104185	1199.826745872511	nan	nan
75.7401	1.4578155853526045	23.5451	2.22898	0.058312623414104175	1200.1019857620472	nan	nan
75.9501	1.4642355853526046	23.548	2.23484	0.058569423414104184	1200.249799776798	nan	nan
76.1501	1.4698655853526046	23.5434	2.24125	0.058794623414104186	1200.015336167193	nan	nan
76.3501	1.4755655853526046	23.5498	2.24747	0.059022623414104185	1200.3415464066434	nan	nan
76.5501	1.4815955853526046	23.5522	2.25334	0.05926382341410418	1200.463875246437	nan	nan
76.7701	1.4878855853526045	23.5539	2.25973	0.05951542341410418	1200.550524841291	nan	nan
76.9701	1.4936255853526046	23.5473	2.26557	0.05974502341410418	1200.214120531858	nan	nan
77.1901	1.4999655853526046	23.5382	2.27291	0.05999862341410418	1199.75029034764	nan	nan
77.3901	1.5055655853526047	23.5314	2.27856	0.060222623414104184	1199.4036919682242	nan	nan
77.6101	1.5121455853526045	23.5513	2.28547	0.060485823414104176	1200.4180019315145	nan	nan
77.8201	1.5183355853526046	23.5534	2.29095	0.06073342341410418	1200.5250396663341	nan	nan
78.0201	1.5244455853526044	23.5373	2.29775	0.060977823414104175	1199.7044170327172	nan	nan
78.2201	1.5303455853526045	23.5423	2.30352	0.061213823414104175	1199.9592687822876	nan	nan
78.4201	1.5358955853526046	23.532	2.30865	0.06143582341410418	1199.4342741781727	nan	nan
78.6301	1.5424555853526045	23.5399	2.31593	0.06169822341410418	1199.8369399424937	nan	nan
78.8301	1.5483755853526044	23.531	2.32194	0.06193502341410418	1199.3833038282585	nan	nan
79.0301	1.5543555853526045	23.5269	2.32767	0.06217422341410418	1199.1743253936108	nan	nan
79.2501	1.5605255853526045	23.5114	2.33337	0.06242102341410418	1198.3842849699424	nan	nan
79.4501	1.5662555853526046	23.5247	2.3402	0.06265022341410419	1199.0621906237998	nan	nan
79.6701	1.5729555853526045	23.529	2.34707	0.06291822341410418	1199.2813631284305	nan	nan
79.8901	1.5792755853526046	23.5108	2.35301	0.06317102341410419	1198.3537027599941	nan	nan
80.1001	1.5850755853526046	23.5215	2.35903	0.06340302341410418	1198.8990855040747	nan	nan
80.3001	1.5909855853526045	23.5042	2.36555	0.06363942341410418	1198.0172984505612	nan	nan
80.5001	1.5971155853526044	23.5244	2.37104	0.06388462341410418	1199.0468995188257	nan	nan
80.7001	1.6028755853526044	23.4978	2.37687	0.06411502341410417	1197.6910882111113	nan	nan
80.9101	1.6092955853526045	23.5068	2.38345	0.06437182341410418	1198.1498213603377	nan	nan
81.1101	1.6153055853526046	23.5038	2.38988	0.06461222341410418	1197.9969103105955	nan	nan
81.3101	1.6211555853526045	23.4973	2.3961	0.06484622341410418	1197.665603036154	nan	nan
81.5201	1.6270855853526045	23.4971	2.40186	0.06508342341410418	1197.655408966171	nan	nan
81.7201	1.6330555853526045	23.499	2.40818	0.06532222341410418	1197.7522526310079	nan	nan
81.9201	1.6392055853526046	23.5056	2.41396	0.06556822341410419	1198.088656940441	nan	nan
82.1201	1.6452455853526045	23.4853	2.4199	0.06580982341410418	1197.053958837185	nan	nan
82.3201	1.6517655853526045	23.496	2.4269	0.06607062341410418	1197.5993415812657	nan	nan
82.5301	1.6580455853526046	23.4781	2.43304	0.06632182341410418	1196.6869723178038	nan	nan
82.7301	1.6639755853526046	23.4685	2.43855	0.06655902341410419	1196.1976569586284	nan	nan
82.9301	1.6699755853526046	23.4719	2.44455	0.06679902341410418	1196.3709561483363	nan	nan
83.1401	1.6760555853526045	23.4605	2.45036	0.06704222341410418	1195.7898941593157	nan	nan
83.3401	1.6822355853526045	23.4644	2.4568	0.06728942341410418	1195.9886785239808	nan	nan
83.5401	1.6880655853526045	23.4543	2.46261	0.06752262341410419	1195.4738779898485	nan	nan
83.7401	1.6940155853526044	23.4441	2.46852	0.06776062341410417	1194.9539804207247	nan	nan
83.9501	1.7006155853526046	23.4458	2.47537	0.06802462341410419	1195.0406300155787	nan	nan
84.1501	1.7066855853526046	23.4507	2.4811	0.06826742341410419	1195.290384730158	nan	nan
84.3501	1.7130855853526046	23.4518	2.48727	0.06852342341410418	1195.3464521150634	nan	nan
84.5601	1.7187655853526045	23.4317	2.49319	0.06875062341410418	1194.3219480817902	nan	nan
84.7601	1.7245155853526046	23.4314	2.49908	0.06898062341410419	1194.3066569768162	nan	nan
84.9601	1.7303655853526045	23.4225	2.50478	0.06921462341410418	1193.8530208625807	nan	nan
85.1701	1.7373355853526045	23.4287	2.51154	0.06949342341410418	1194.169037032048	nan	nan
85.3701	1.7433555853526046	23.4155	2.51715	0.06973422341410418	1193.496228413182	nan	nan
85.5701	1.7496755853526045	23.4102	2.52325	0.06998702341410418	1193.2260855586376	nan	nan
85.7701	1.7559655853526046	23.4012	2.52936	0.07023862341410418	1192.7673524094107	nan	nan
85.9701	1.7621855853526045	23.4026	2.53551	0.07048742341410418	1192.8387108992904	nan	nan
86.1801	1.7684955853526045	23.3949	2.54148	0.07073982341410417	1192.446239204952	nan	nan
86.3801	1.7749155853526046	23.3773	2.54788	0.07099662341410419	1191.5491610464644	nan	nan
86.5801	1.7805055853526046	23.3755	2.55346	0.07122022341410418	1191.4574144166188	nan	nan
86.8001	1.7873155853526046	23.3655	2.55992	0.07149262341410419	1190.947710917478	nan	nan
87.0001	1.7934155853526046	23.3447	2.56607	0.07173662341410418	1189.8875276392653	nan	nan
87.2201	1.8005555853526045	23.3571	2.57293	0.07202222341410418	1190.5195599781996	nan	nan
87.4301	1.8072655853526045	23.337	2.57913	0.07229062341410418	1189.4950559449267	nan	nan
87.6301	1.8128555853526045	23.3174	2.58471	0.07251422341410418	1188.4960370866106	nan	nan
87.8301	1.8192955853526045	23.3184	2.59109	0.07277182341410418	1188.5470074365248	nan	nan
88.0401	1.8254555853526044	23.3094	2.59698	0.07301822341410417	1188.0882742872982	nan	nan
88.2401	1.8316555853526046	23.2985	2.60318	0.07326622341410419	1187.5326974732345	nan	nan
88.4401	1.8379655853526045	23.2964	2.6093	0.07351862341410417	1187.4256597384149	nan	nan
88.6401	1.8442655853526047	23.2945	2.61538	0.07377062341410419	1187.3288160735783	nan	nan
88.8601	1.8508655853526046	23.2727	2.62125	0.07403462341410419	1186.2176624454512	nan	nan
89.0601	1.8569855853526045	23.2624	2.62671	0.07427942341410418	1185.692667841336	nan	nan
89.2801	1.8635255853526045	23.2444	2.63285	0.07454102341410418	1184.7752015428825	nan	nan
89.4701	1.8699355853526045	23.2482	2.63995	0.07479742341410418	1184.9688888725564	nan	nan
89.7001	1.8768055853526044	23.2346	2.64676	0.07507222341410417	1184.2756921137247	nan	nan
89.9101	1.8842255853526046	23.2359	2.65382	0.07536902341410419	1184.341953568613	nan	nan
90.1101	1.8906855853526046	23.2122	2.65964	0.07562742341410418	1183.1339562756493	nan	nan
90.3101	1.8968855853526045	23.1975	2.66556	0.07587542341410418	1182.3846921319123	nan	nan
90.5201	1.9029355853526047	23.197	2.67152	0.07611742341410418	1182.3592069569552	nan	nan
90.7201	1.9097955853526045	23.1758	2.67792	0.07639182341410418	1181.2786355387766	nan	nan
90.9201	1.9153855853526045	23.1707	2.68323	0.07661542341410418	1181.018686754215	nan	nan
91.1201	1.9215955853526046	23.1522	2.68938	0.07686382341410418	1180.0757352808043	nan	nan
91.3401	1.9282355853526045	23.1428	2.69601	0.07712942341410418	1179.5966139916122	nan	nan
91.5501	1.9354855853526045	23.1357	2.70295	0.07741942341410418	1179.2347245072222	nan	nan
91.7501	1.9414555853526045	23.1153	2.70877	0.07765822341410418	1178.194929368975	nan	nan
91.9501	1.9482255853526045	23.1084	2.71546	0.07792902341410418	1177.8432339545675	nan	nan
92.1501	1.9542655853526045	23.0831	2.7207	0.07817062341410418	1176.5536841017415	nan	nan
92.3701	1.9609855853526046	23.0756	2.72733	0.07843942341410419	1176.1714064773857	nan	nan
92.5701	1.9669855853526046	23.0654	2.73286	0.07867942341410418	1175.6515089082623	nan	nan
92.7901	1.9740055853526046	23.0485	2.73975	0.07896022341410419	1174.7901099947142	nan	nan
92.9901	1.9801855853526045	23.0378	2.74589	0.07920742341410418	1174.2447272506333	nan	nan
93.2001	1.9868255853526045	23.0244	2.75166	0.07947302341410417	1173.5617245617848	nan	nan
93.4001	1.9936855853526045	23.0148	2.75804	0.07974742341410418	1173.0724092026096	nan	nan
93.6101	2.0003855853526042	23.0088	2.76397	0.08001542341410417	1172.766587103125	nan	nan
93.8101	2.0067255853526045	22.981	2.77003	0.08026902341410418	1171.3496113755136	nan	nan
94.0101	2.0131255853526047	22.9701	2.77646	0.08052502341410418	1170.79403456145	nan	nan
94.2101	2.0193655853526047	22.9455	2.78247	0.08077462341410419	1169.5401639535637	nan	nan
94.4101	2.0257155853526045	22.9289	2.78838	0.08102862341410418	1168.6940561449899	nan	nan
94.6201	2.0324455853526047	22.9158	2.7949	0.08129782341410419	1168.0263445611154	nan	nan
94.8301	2.0384755853526046	22.9015	2.80074	0.08153902341410418	1167.297468557344	nan	nan
95.0301	2.0449055853526046	22.898	2.80708	0.08179622341410418	1167.1190723326447	nan	nan
95.2301	2.0509955853526045	22.8752	2.81308	0.08203982341410418	1165.9569483546038	nan	nan
95.4301	2.0573255853526047	22.8632	2.81898	0.08229302341410419	1165.3453041556347	nan	nan
95.6301	2.0636555853526044	22.8649	2.82472	0.08254622341410417	1165.4319537504887	nan	nan
95.8301	2.0703655853526044	22.8461	2.83089	0.08281462341410417	1164.4737111721038	nan	nan
96.0401	2.0773355853526048	22.8165	2.83772	0.0830934234141042	1162.964988814647	nan	nan
96.2401	2.0833555853526047	22.8023	2.84357	0.08333422341410418	1162.2412098458672	nan	nan
96.4401	2.0898255853526044	22.7848	2.84913	0.08359302341410418	1161.3492287223708	nan	nan
96.6501	2.0960955853526047	22.7653	2.85486	0.08384382341410418	1160.3553068990461	nan	nan
96.8501	2.1024255853526044	22.7674	2.86111	0.08409702341410417	1160.4623446338655	nan	nan
97.0501	2.1091555853526045	22.7557	2.86771	0.08436622341410419	1159.865991539871	nan	nan
97.2501	2.1153455853526046	22.7226	2.87321	0.08461382341410419	1158.1788729577147	nan	nan
97.4601	2.1224355853526045	22.7067	2.88027	0.08489742341410418	1157.368444394081	nan	nan
97.6601	2.1282455853526043	22.6994	2.88582	0.08512982341410417	1156.9963608397081	nan	nan
97.8601	2.1354455853526044	22.6871	2.89243	0.08541782341410417	1156.369425535765	nan	nan
98.0601	2.1411155853526047	22.6564	2.89735	0.08564462341410418	1154.8046357934027	nan	nan
98.2701	2.1481755853526043	22.6488	2.90402	0.08592702341410417	1154.4172611340557	nan	nan
98.4701	2.1543555853526044	22.6204	2.91029	0.08617422341410418	1152.9697031964959	nan	nan
98.6701	2.1605655853526047	22.6047	2.91642	0.08642262341410419	1152.1694687028446	nan	nan
98.8901	2.1677655853526043	22.6023	2.9229	0.08671062341410417	1152.0471398630507	nan	nan
99.1001	2.1745655853526045	22.5756	2.92949	0.08698262341410418	1150.686231520345	nan	nan
99.3001	2.1808255853526046	22.5605	2.93542	0.08723302341410419	1149.9165792366423	nan	nan
99.5001	2.1875355853526046	22.5499	2.94131	0.08750142341410419	1149.376293527553	nan	nan
99.7001	2.1937155853526047	22.521	2.94716	0.0877486234141042	1147.903250415036	nan	nan
99.9201	2.2005255853526045	22.498	2.95308	0.08802102341410417	1146.730932367012	nan	nan
100.12	2.2071155853526045	22.4992	2.95985	0.08828462341410419	1146.7920967869088	nan	nan
100.33	2.2133155853526048	22.4621	2.96534	0.08853262341410419	1144.9010968050964	nan	nan
100.53	2.2195955853526046	22.4628	2.97157	0.08878382341410418	1144.9367760500365	nan	nan
100.73	2.2261755853526046	22.432	2.97758	0.08904702341410418	1143.3668892726828	nan	nan
100.94	2.2330055853526045	22.4204	2.98378	0.08932022341410419	1142.7756332136794	nan	nan
101.14	2.2393055853526045	22.3968	2.98953	0.08957222341410417	1141.572732955707	nan	nan
101.34	2.2458355853526046	22.391	2.99551	0.08983342341410419	1141.2771049262053	nan	nan
101.54	2.2524855853526047	22.3632	3.00181	0.0900994234141042	1139.860129198594	nan	nan
101.76	2.2594455853526045	22.3496	3.00848	0.09037782341410418	1139.1669324397624	nan	nan
101.96	2.2658155853526045	22.3272	3.01466	0.09063262341410418	1138.025196601687	nan	nan
102.17	2.2723055853526044	22.3136	3.02064	0.09089222341410418	1137.3319998428556	nan	nan
102.37	2.2788255853526045	22.2939	3.02654	0.09115302341410418	1136.327883949548	nan	nan
102.57	2.2850355853526048	22.2668	3.03276	0.09140142341410419	1134.9465874668763	nan	nan
102.79	2.2919155853526045	22.2515	3.03884	0.09167662341410418	1134.166741113191	nan	nan
102.99	2.2982855853526045	22.2341	3.04511	0.09193142341410418	1133.279857024686	nan	nan
103.21	2.3054255853526047	22.2243	3.05231	0.09221702341410419	1132.780347595528	nan	nan
103.42	2.3126455853526044	22.1934	3.0591	0.09250582341410418	1131.2053637831827	nan	nan
103.63	2.3185455853526045	22.1747	3.0646	0.09274182341410418	1130.2522182397895	nan	nan
103.85	2.3256355853526047	22.163	3.07133	0.09302542341410419	1129.6558651457947	nan	nan
104.07	2.3327755853526044	22.1382	3.07809	0.09331102341410417	1128.3918004679256	nan	nan
104.27	2.3387255853526043	22.1098	3.0835	0.09354902341410418	1126.9442425303655	nan	nan
104.49	2.3458355853526047	22.1034	3.08971	0.0938334234141042	1126.6180322909154	nan	nan
104.7	2.3527355853526046	22.0747	3.09686	0.09410942341410418	1125.1551832483813	nan	nan
104.9	2.3594555853526047	22.0662	3.10345	0.09437822341410419	1124.7219352741115	nan	nan
105.1	2.3661355853526045	22.0402	3.10984	0.09464542341410417	1123.3967061763453	nan	nan
105.31	2.3728355853526044	22.0346	3.11614	0.09491342341410418	1123.1112722168266	nan	nan
105.51	2.3792055853526044	21.9886	3.12143	0.09516822341410418	1120.766636120779	nan	nan
105.71	2.3850955853526044	21.9699	3.12708	0.09540382341410418	1119.8134905773854	nan	nan
105.91	2.3918555853526047	21.9669	3.1333	0.09567422341410418	1119.6605795276432	nan	nan
106.11	2.3982555853526044	21.9415	3.13999	0.09593022341410418	1118.3659326398256	nan	nan
106.32	2.4052855853526047	21.9195	3.14687	0.09621142341410419	1117.2445849417159	nan	nan
106.52	2.4116855853526045	21.9034	3.15304	0.09646742341410418	1116.4239623080991	nan	nan
106.72	2.4183355853526045	21.8843	3.15862	0.09673342341410418	1115.45042862474	nan	nan
106.94	2.4251355853526047	21.8505	3.16472	0.09700542341410419	1113.7276307976442	nan	nan
107.14	2.4314755853526044	21.8542	3.17136	0.09725902341410418	1113.9162210923262	nan	nan
107.36	2.4384455853526044	21.8258	3.17771	0.09753782341410418	1112.4686631547663	nan	nan
107.58	2.4455755853526044	21.7981	3.18436	0.09782302341410418	1111.0567844621464	nan	nan
107.78	2.4517855853526047	21.7873	3.19047	0.09807142341410419	1110.5063046830742	nan	nan
108	2.4591055853526047	21.7668	3.1973	0.09836422341410418	1109.4614125098353	nan	nan
108.22	2.4659855853526045	21.7169	3.20302	0.09863942341410419	1106.9179920491226	nan	nan
108.43	2.4724655853526047	21.7163	3.20912	0.09889862341410419	1106.8874098391743	nan	nan
108.64	2.4795455853526045	21.6955	3.21585	0.09918182341410418	1105.8272265609614	nan	nan
108.84	2.4859255853526045	21.678	3.22227	0.09943702341410418	1104.935245437465	nan	nan
109.06	2.4933455853526048	21.6423	3.2286	0.0997338234141042	1103.1156039455323	nan	nan
109.28	2.4999155853526047	21.6251	3.23499	0.09999662341410419	1102.2389139270101	nan	nan
109.48	2.5066555853526045	21.6172	3.24177	0.10026622341410418	1101.836248162689	nan	nan
109.69	2.5131055853526045	21.5932	3.24751	0.10052422341410418	1100.612959764751	nan	nan
109.89	2.5192055853526045	21.5575	3.25292	0.10076822341410419	1098.7933182728182	nan	nan
110.09	2.5257355853526047	21.5555	3.25918	0.10102942341410419	1098.69137757299	nan	nan
110.31	2.5329255853526047	21.5375	3.26608	0.10131702341410419	1097.7739112745364	nan	nan
110.52	2.5402055853526044	21.4882	3.27267	0.10160822341410418	1095.2610730237723	nan	nan
110.72	2.5466355853526044	21.4788	3.27962	0.10186542341410418	1094.78195173458	nan	nan
110.92	2.5530355853526046	21.4598	3.28558	0.10212142341410418	1093.8135150862124	nan	nan
111.12	2.5593855853526044	21.4305	3.29091	0.10237542341410417	1092.3200838337298	nan	nan
111.34	2.5663155853526045	21.4163	3.29738	0.10265262341410418	1091.5963048649498	nan	nan
111.54	2.5725655853526046	21.3918	3.30363	0.10290262341410418	1090.3475312920548	nan	nan
111.76	2.5798355853526047	21.3775	3.31036	0.10319342341410419	1089.6186552882834	nan	nan
111.96	2.5859955853526047	21.3451	3.31575	0.10343982341410418	1087.9672159510671	nan	nan
112.18	2.5929655853526046	21.3203	3.32217	0.10371862341410418	1086.7031512731978	nan	nan
112.4	2.6004855853526045	21.3135	3.32957	0.10401942341410418	1086.3565528937822	nan	nan
112.6	2.6065655853526044	21.2632	3.33512	0.10426262341410418	1083.7927442931039	nan	nan
112.82	2.6138155853526044	21.2511	3.34186	0.10455262341410418	1083.1760030591436	nan	nan
113.04	2.6210855853526045	21.2242	3.34812	0.10484342341410419	1081.8049006464548	nan	nan
113.24	2.6275955853526045	21.1992	3.35413	0.10510382341410418	1080.5306418986027	nan	nan
113.45	2.6342955853526044	21.1886	3.36038	0.10537182341410417	1079.9903561895135	nan	nan
113.65	2.6408455853526047	21.1463	3.36608	0.10563382341410418	1077.8343103881477	nan	nan
113.85	2.6474555853526045	21.1406	3.37269	0.10589822341410418	1077.5437793936374	nan	nan
114.07	2.6545255853526046	21.1168	3.37927	0.10618102341410418	1076.3306850656825	nan	nan
114.28	2.6615455853526044	21.0753	3.38596	0.10646182341410418	1074.215415544248	nan	nan
114.49	2.6681655853526047	21.0625	3.39221	0.10672662341410419	1073.5629950653476	nan	nan
114.7	2.6750255853526044	21.0285	3.39819	0.10700102341410417	1071.8300031682688	nan	nan
114.9	2.6816755853526044	21.0178	3.40451	0.10726702341410417	1071.2846204241885	nan	nan
115.1	2.6877255853526045	20.9838	3.41032	0.10750902341410418	1069.5516285271094	nan	nan
115.3	2.6940055853526044	20.9543	3.41607	0.10776022341410417	1068.048003204644	nan	nan
115.51	2.7005655853526047	20.9527	3.42239	0.1080226234141042	1067.9664506447816	nan	nan
115.71	2.7071955853526046	20.9143	3.42845	0.10828782341410419	1066.0091892080807	nan	nan
115.91	2.7137555853526045	20.8879	3.4343	0.10855022341410418	1064.6635719703488	nan	nan
116.11	2.7202755853526046	20.8753	3.44038	0.10881102341410419	1064.0213455614314	nan	nan
116.33	2.7274955853526044	20.8412	3.44662	0.10909982341410418	1062.2832566293614	nan	nan
116.54	2.7347055853526046	20.8115	3.45319	0.10938822341410419	1060.769437236913	nan	nan
116.74	2.7412055853526045	20.7782	3.45933	0.10964822341410418	1059.072124584774	nan	nan
116.94	2.7480455853526045	20.7581	3.46561	0.10992182341410418	1058.047620551501	nan	nan
117.14	2.7545355853526043	20.7275	3.47147	0.11018142341410417	1056.4879278441304	nan	nan
117.36	2.7616155853526045	20.7061	3.47797	0.11046462341410418	1055.397162355969	nan	nan
117.58	2.7685655853526043	20.6719	3.48442	0.11074262341410418	1053.6539763889075	nan	nan
117.79	2.7755455853526048	20.6548	3.49057	0.11102182341410419	1052.7823834053768	nan	nan
117.99	2.7821255853526043	20.6162	3.49667	0.11128502341410418	1050.814927898693	nan	nan
118.19	2.7886455853526044	20.5838	3.5027	0.11154582341410418	1049.1634885614767	nan	nan
118.39	2.7954355853526045	20.5476	3.50935	0.11181742341410418	1047.3183618945868	nan	nan
118.6	2.8028955853526045	20.5236	3.51601	0.11211582341410418	1046.0950734966489	nan	nan
118.8	2.8093755853526043	20.4798	3.52167	0.11237502341410417	1043.8625721704122	nan	nan
119	2.8160755853526047	20.4294	3.52747	0.11264302341410419	1041.2936665347427	nan	nan
119.2	2.8232455853526046	20.3745	3.53385	0.11292982341410418	1038.4953943244593	nan	nan
119.42	2.8317955853526047	20.2747	3.54065	0.11327182341410419	1033.4085534030341	nan	nan
119.62	2.8405555853526043	20.136	3.54652	0.11362222341410418	1026.338965869951	nan	nan
