Specimen name:	AWA_3_06_Rz
Specimen ID:	46NTAB
Material:	42CrMoS4
Specimen type:	Round Tensile Specimen
Gauge diameter:	5.012	mm
Gauge length:	25	mm
Parallel length:	30	mm
Original cross-section:	19.729314961879428	mm²
Cross-section after fracture:	10.09411391057077	mm²
Yield stress at 0.2% plastic strain:	1084.3977857605105	MPa
Yield stress at 1% plastic strain:	1128.8671492870556	MPa
Ultimate tensile strength:	1181.8200502679215	MPa
Uniform elongation:	5.04855508833242	%
Elongation after fracture:	13.297709591890749	%
Reduction of area:	48.8369772084109	%
Slope of linear-elastic region:	210160.10139532542	MPa
Crosshead seperation speed:	0.02995096653413265	mm/s
Strain rate:	0.000998365551137755	s-1
Test temperature:	RT	Cel
Machine type:	INSTRON 8852TT
Standard:	DIN EN ISO 6892-1
Date:	2022-09-06 00:00:00
Heat treatment batch:	Batch 3
Time	Displacement	Force	Machine Displacement	Engineering Strain	Engineering Stress	True Strain	True Stress
s	mm	kN	mm		MPa		MPa
0	0.0009959798420759829	0.16506	0	3.9839193683039316e-05	8.366230673438256	3.983840012351085e-05	8.366563977322453
0.22	0.001026464342075983	0.165885	-2.2888e-05	4.105857368303932e-05	8.408046621006331	4.105773080280784e-05	8.40839184340805
0.420001	0.0010585125420759828	0.162987	-0.000106811	4.234050168303931e-05	8.261158601549019	4.233960534920635e-05	8.26150838314869
0.630001	0.001049848942075983	0.168216	0.000221253	4.199395768303932e-05	8.526195680135041	4.199307596145002e-05	8.52655372883563
0.840001	0.0011692468420759828	0.178726	0.000869751	4.676987368303931e-05	9.058905509153798	4.6768780006575324e-05	9.059329193020167
1.05	0.002011419842075983	0.316305	0.00757599	8.045679368303932e-05	16.032234297600194	8.045355720873075e-05	16.033524199767353
1.25	0.002772359842075983	0.447833	0.0139465	0.00011089439368303932	22.698862117883646	0.00011088824535421173	22.7013792944355
1.45	0.0036717898420759827	0.581378	0.0196991	0.0001468715936830393	29.46772359422141	0.00014686080910642142	29.472051565747904
1.65	0.004530899842075983	0.719887	0.0254593	0.00018123599368303933	36.48819035992637	0.00018121957242437555	36.49480333336395
1.86	0.005460479842075983	0.877669	0.0321045	0.0002184191936830393	44.48552834681862	0.0002183953436838676	44.4952448400507
2.07	0.006444979842075983	1.0322	0.0383835	0.0002577991936830393	52.318086157294125	0.00025776596918087365	52.33157371772051
2.28	0.007327669842075983	1.18132	0.0437241	0.00029310679368303933	59.876382037720106	0.0002930638462787674	59.89393221207653
2.49	0.008445699842075983	1.35597	0.0506668	0.0003378279936830393	68.72869142288907	0.00033777094265491863	68.75190989882093
2.69	0.009532009842075983	1.51442	0.05616	0.0003812803936830393	76.75988765581222	0.00038120772478471927	76.7891546959967
2.9	0.010475799842075983	1.68607	0.0626068	0.00041903199368303933	85.46013904982455	0.0004189442242950502	85.49594958227102
3.11	0.011633779842075982	1.86124	0.0686264	0.0004653511936830393	94.33880515346068	0.0004652429513953801	94.38270582904947
3.31	0.012676979842075983	2.03991	0.0749817	0.0005070791936830393	103.39487224677956	0.0005069506724737655	103.44730163522941
3.51	0.013656379842075983	2.2108	0.0810776	0.0005462551936830394	112.0566022830322	0.0005461060506256715	112.11781378401578
3.72001	0.014879879842075982	2.39043	0.0870972	0.0005951951936830393	121.1613279335212	0.000595018135276551	121.2334425735675
3.92001	0.015897679842075983	2.56221	0.0930099	0.0006359071936830393	129.86816850715036	0.0006357050903782744	129.95075260973448
4.12001	0.016864579842075983	2.7143	0.0987015	0.0006745831936830393	137.5770017988214	0.0006743557647144575	137.6698089320722
4.34001	0.018082779842075982	2.92947	0.106094	0.0007233111936830393	148.48310778454604	0.0007230497302136597	148.59050727847944
4.53001	0.019257479842075983	3.11923	0.112236	0.0007702991936830393	158.10128258517395	0.0007700026655263674	158.22306787566959
4.74001	0.020119279842075982	3.27221	0.116806	0.0008047711936830392	165.85522641422148	0.0008044475389795305	165.9887019227614
4.94001	0.021327179842075984	3.45004	0.122726	0.0008530871936830393	174.8687172700165	0.0008527235216175444	175.0178955332953
5.15001	0.02266237984207598	3.67183	0.130096	0.0009064951936830392	186.11036455622678	0.0009060845750454139	186.2790727071916
5.36001	0.023677579842075983	3.84507	0.135902	0.0009471031936830393	194.89120668555216	0.0009466549744374819	195.07578876982478
5.56001	0.024982679842075983	4.06507	0.142204	0.0009993071936830393	206.042126037039	0.0009988082186413547	206.24802541578958
5.77001	0.026313379842075983	4.26954	0.148705	0.0010525351936830393	216.40589185430494	0.0010519816668862502	216.63366667160196
5.98001	0.027430279842075984	4.4698	0.154778	0.0010972111936830393	226.5562696239811	0.0010966096974200897	226.80484969901164
6.19001	0.028775279842075983	4.68992	0.161095	0.0011510111936830394	237.7132712951142	0.0011503492881574273	237.98688193126188
6.40001	0.029962679842075984	4.89669	0.167549	0.0011985071936830394	248.19361490560027	0.0011977895572741306	248.49107673849085
6.60001	0.03128347984207598	5.08531	0.173195	0.0012513391936830392	257.7540076695886	0.0012505569213182494	258.0765453617144
6.81001	0.03255467984207598	5.32057	0.179642	0.0013021871936830392	269.67839533609225	0.0013013400832572579	270.0295670889119
7.01001	0.033938879842075984	5.52971	0.185966	0.0013575551936830393	280.27886475959207	0.0013566345487544748	280.65935878812604
7.23001	0.03508277984207599	5.74751	0.192299	0.0014033111936830394	291.318274917564	0.0014023274727334666	291.7270851136803
7.43001	0.03640627984207598	5.96912	0.198875	0.0014562511936830392	302.5507987243049	0.0014551918881987496	302.99138868609697
7.63001	0.03778227984207598	6.17366	0.204521	0.0015112911936830391	312.9181125613645	0.0015101503424412442	313.3910229492224
7.84001	0.038938279842075985	6.3832	0.210899	0.0015575311936830395	323.53885638368524	0.0015563194999774178	324.0427782448714
8.03001	0.040121179842075985	6.57176	0.216515	0.0016048471936830394	333.09620798785045	0.0016035608025491705	333.63077650246623
8.24001	0.04135867984207599	6.77266	0.222244	0.0016543471936830395	343.27902479564	0.0016529802687356477	343.8469274869609
8.45001	0.042630279842075985	6.99622	0.228256	0.0017052111936830393	354.6103862966327	0.0017037589717378864	355.215071896742
8.66001	0.043819879842075984	7.20242	0.234558	0.0017527951936830394	365.06183888879906	0.0017512608408634547	365.70171752540045
8.87001	0.04490707984207598	7.38557	0.240654	0.0017962831936830393	374.34497924891184	0.0017946718064104658	375.0174088437763
9.08001	0.046388379842075986	7.61685	0.247757	0.0018555351936830394	386.06763664714765	0.0018538158148390066	386.78399873408847
9.28001	0.04767367984207599	7.83883	0.254097	0.0019069471936830396	397.3189142727978	0.001905131278086871	398.07658046136754
9.49001	0.04906257984207599	8.06034	0.260857	0.0019625031936830396	408.5463694798335	0.0019605800000616997	409.3481430347053
9.69001	0.050122979842075976	8.25126	0.266342	0.002004919193683039	418.22334003704196	0.0020029120255553113	419.06184403872845
9.89001	0.051320179842075986	8.4443	0.271446	0.0020528071936830395	428.0077649080011	0.0020507030640852498	428.8863823267564
10.1	0.05258347984207598	8.66235	0.277924	0.0021033391936830393	439.05984656523617	0.002101130272665733	439.98333834888933
10.31	0.05399277984207598	8.90979	0.284874	0.002159711193683039	451.60158967583567	0.002157382369918078	452.57691868414366
10.52	0.05536187984207598	9.13022	0.291412	0.0022144751936830393	462.774304006055	0.002212026857345111	463.79910622255034
10.72	0.056581079842075985	9.33426	0.297173	0.0022632431936830395	473.11627484458853	0.0022606859165727133	474.18705203345127
10.92	0.05773927984207598	9.5158	0.302048	0.0023095711936830395	482.3178107494473	0.002306908233542972	483.4317580713545
11.12	0.05908807984207598	9.73456	0.307999	0.0023635231936830394	493.4058794645893	0.002360734466023351	494.5720557046034
11.33	0.06039287984207599	9.98507	0.315331	0.0024157151936830394	506.10322858613915	0.002412802044350665	507.3258298450067
11.54	0.06158837984207598	10.1754	0.321075	0.002463535193683039	515.7502944050868	0.0024605056654040136	517.0208634065061
11.76	0.06287927984207599	10.3827	0.327431	0.0025151711936830397	526.2575015940106	0.002512013444361404	527.5811293024794
11.96	0.06391667984207598	10.5798	0.333458	0.002556667193683039	536.2477116130018	0.0025534044800454097	537.6187185449703
12.16	0.06535197984207598	10.7994	0.339417	0.0026140791936830393	547.3783565656677	0.0026106684313764524	548.8092469386385
12.36	0.06658707984207599	11.0049	0.345573	0.0026634831936830396	557.7943289598974	0.002659942408143304	559.2800047806138
12.56	0.06748537984207599	11.1896	0.351265	0.00269941519368304	567.1560326154412	0.0026957783159808233	568.6870222270722
12.77	0.069139379842076	11.4235	0.358406	0.00276557519368304	579.0114873259538	0.002761758026762271	580.61278713216
12.96	0.07015217984207599	11.5922	0.363419	0.0028060871936830393	587.5622150286621	0.002802157480708762	589.210965835746
13.17	0.071423579842076	11.8188	0.369621	0.00285694319368304	599.0476619606934	0.0028528698877686616	600.7591071012238
13.38	0.07253057984207599	12.0347	0.376038	0.0029012231936830397	609.9907687242663	0.0028970227679605493	611.7604880904217
13.59	0.07384647984207598	12.2344	0.382111	0.0029538591936830393	620.1127623355933	0.0029495051237141603	621.9444881197385
13.79	0.07523217984207599	12.4586	0.388969	0.0030092871936830395	631.4765628746993	0.0030047683523671425	633.3768572084691
14	0.07659067984207599	12.6782	0.395477	0.0030636271936830394	642.6072078273653	0.0030589438507984306	644.575916744122
14.2	0.07774437984207598	12.8698	0.400703	0.003109775193683039	652.3186448625692	0.003104949844052301	654.3472092027397
14.42	0.07888757984207599	13.0653	0.40612	0.0031555031936830397	662.2277572862769	0.0031505350420821306	664.3174190893392
14.62	0.08007647984207598	13.2725	0.412437	0.0032030591936830395	672.7298958754953	0.0031979403273592446	674.8846895533449
14.82	0.08154357984207598	13.5029	0.41935	0.0032617431936830393	684.4079495963251	0.003256435248323493	686.6403125676235
15.02	0.08263437984207599	13.6936	0.424728	0.0033053751936830394	694.0737692341822	0.003299924448965901	696.3679434535951
15.23	0.08395817984207599	13.8976	0.430527	0.0033583271936830396	704.4137126328336	0.003352700606674018	706.7793643595717
15.43	0.08512187984207599	14.1021	0.437042	0.0034048751936830396	714.7789990300112	0.003399091730403023	717.212732312774
15.64	0.08653067984207599	14.3455	0.444252	0.0034612271936830395	727.1159707125197	0.003455250933000413	729.6326842833112
15.84	0.08769287984207598	14.5336	0.449905	0.003507715193683039	736.6500067580411	0.003501577509387759	739.233965179173
16.04	0.08888287984207599	14.7384	0.456245	0.0035553151936830395	747.0304989543341	0.0035490100008325086	749.6864278374112
16.25	0.08998097984207598	14.9288	0.461754	0.0035992391936830394	756.6811127930756	0.003592777432603881	759.4045891113601
16.46	0.09131997984207599	15.136	0.468391	0.0036527991936830396	767.183251382294	0.003646143924691989	769.9856177443503
16.67	0.09260707984207599	15.3463	0.47464	0.0037042831936830393	777.8425165623744	0.0036974392327994636	780.7238655238085
16.87	0.09351727984207599	15.5174	0.48098	0.0037406911936830396	786.514890658008	0.003733712207120999	789.456999983193
17.07	0.09487527984207599	15.7266	0.486801	0.0037950111936830393	797.118401241331	0.0037878283057275752	800.1434744967326
17.28	0.09615567984207599	15.9302	0.49276	0.0038462271936830395	807.4380702411614	0.003838849373667143	810.5436605041378
17.49	0.09727387984207599	16.1248	0.498634	0.0038909551936830394	817.3015652675222	0.0038834050061470953	820.4816490377051
17.7	0.09846257984207599	16.3532	0.505783	0.0039385031936830395	828.8782469942475	0.0039307675944488234	832.1427866172087
17.9	0.09982357984207599	16.5477	0.511635	0.00399294319368304	838.736673420903	0.003984992553285218	842.0857013123313
18.1	0.10105397984207598	16.7619	0.518219	0.004042159193683039	849.593613989487	0.004034011616698418	853.027806627169
18.3	0.10228897984207598	16.9504	0.523582	0.004091559193683039	859.147924433829	0.004083211527598388	862.6631790227799
18.51	0.10316897984207599	17.1275	0.529343	0.004126759193683039	868.124414511776	0.004118267477124828	871.7069549206232
18.72	0.10462997984207599	17.3622	0.5364	0.00418519919368304	880.0204180199304	0.004176465606924645	883.703478763852
18.93	0.10583897984207599	17.5551	0.542084	0.00423355919368304	889.7977468513021	0.0042246228946490995	893.5647582830029
19.13	0.10692797984207598	17.7551	0.548431	0.0042771191936830395	899.9349462617447	0.004267998317518892	903.7840752934669
19.33	0.10839097984207599	17.9635	0.554306	0.00433563919368304	910.4979080474259	0.004326267388819228	914.4454984633228
19.53	0.10955197984207599	18.1709	0.561317	0.00438207919368304	921.0101838360548	0.0043725058419210785	925.046123399813
19.74	0.11082397984207598	18.3645	0.567436	0.004432959193683039	930.8229928653633	0.00442316257142447	934.9492932092775
19.95	0.11200797984207599	18.5639	0.573486	0.004480319193683039	940.9297806775746	0.004470312441474343	945.1454464338524
20.17	0.11341197984207599	18.7745	0.580307	0.00453647919368304	951.6042516567705	0.004526220386156219	955.9211845450318
20.36	0.11455197984207599	18.965	0.586357	0.004582079193683039	961.2599340952171	0.004571613426619108	965.664503238956
20.57	0.115650979842076	19.1474	0.592377	0.004626039193683039	970.5050599575408	0.004615371959749316	974.994654402572
20.77	0.11673797984207598	19.3205	0.598022	0.00466951919368304	979.2788060472787	0.004658650809219991	983.8515672280835
20.97	0.11795197984207599	19.5147	0.603546	0.004718079193683039	989.1220266748186	0.004706983943204097	993.7887827288865
21.17	0.11924897984207598	19.7095	0.610046	0.004769959193683039	998.9956589005895	0.004758618985583513	1003.7608274282118
21.37	0.12036397984207599	19.8815	0.615883	0.00481455919368304	1007.7136503935702	0.0048030062702180245	1012.5653474136725
21.58	0.12184597984207599	20.1104	0.622864	0.00487383919368304	1019.3156751188217	0.004862000490481093	1024.2836558069514
21.79	0.12317997984207599	20.2829	0.629227	0.004927199193683039	1028.0590096103285	0.004915100273985279	1033.1244611335392
22	0.12488897984207599	20.4814	0.635971	0.004995559193683039	1038.120180025193	0.0049831227885232966	1043.3061708346656
22.2	0.12657097984207596	20.6445	0.641861	0.005062839193683039	1046.3870661444087	0.005050066117213863	1051.6847555946476
22.41	0.12802497984207598	20.7754	0.647064	0.0051209991936830394	1053.0218631585433	0.005107931471521871	1058.4143872707089
22.61	0.13022197984207598	20.9141	0.653053	0.005208879193683039	1060.0520109496854	0.00519535990901433	1065.5736938137431
22.82	0.13336197984207598	21.0312	0.660202	0.00533447919368304	1065.9873412044992	0.005320301258465446	1071.6738284968842
23.03	0.13669897984207596	21.112	0.666557	0.005467959193683039	1070.082769766318	0.005453064177037413	1075.9339386852637
23.23	0.14038597984207596	21.1443	0.671936	0.005615439193683038	1071.7199274711047	0.005599731391716548	1077.7381055564772
23.44	0.14555197984207596	21.1745	0.679283	0.005822079193683038	1073.2506445820813	0.005805196387609079	1079.4991948295094
23.63	0.14961597984207597	21.1865	0.684013	0.005984639193683039	1073.858876546708	0.00596680236980228	1080.285534467774
23.85	0.15508397984207598	21.2205	0.691002	0.006203359193683039	1075.5822004464833	0.006184197564522246	1082.2544231781847
24.07	0.16010797984207598	21.2447	0.697838	0.006404319193683039	1076.8088015751468	0.0063838986814622614	1083.7050288510015
24.27	0.16471197984207597	21.2772	0.70388	0.006588479193683039	1078.4560964793438	0.006566870027073825	1085.5614820322985
24.48	0.16945097984207597	21.3131	0.710258	0.006778039193683039	1080.2757237735182	0.00675517155968507	1087.5978749692395
24.69	0.17377997984207597	21.3474	0.71624	0.006951199193683038	1082.014253472409	0.0069271509868352255	1089.5355500787
24.9	0.17850597984207597	21.388	0.723076	0.007140239193683039	1084.072104952729	0.007114868383326863	1091.8126390852908
25.1	0.18299897984207597	21.42	0.729134	0.007319959193683039	1085.6940568583998	0.0072932983176791834	1093.6412930514275
25.31	0.18717297984207598	21.4408	0.733994	0.007486919193683039	1086.7483255970858	0.0074590313238279875	1094.8847224947015
25.51	0.19172497984207598	21.4951	0.741005	0.007668999193683039	1089.500575237021	0.007639741906899197	1097.855954270031
25.73	0.19619097984207598	21.5179	0.747231	0.007847639193683038	1090.6562159698115	0.007817006631055093	1099.2152924370903
25.94	0.20104797984207598	21.5545	0.754074	0.00804191919368304	1092.5113234619223	0.00800975528615206	1101.297211243387
26.16	0.20588097984207598	21.5953	0.760551	0.00823523919368304	1094.5793121416527	0.008201514638072659	1103.5934345935964
26.36	0.21042097984207597	21.6212	0.766228	0.008416839193683039	1095.892079465305	0.008381615114934269	1105.1160268717952
26.57	0.21498197984207598	21.6488	0.772209	0.00859927919368304	1097.291012983946	0.008562515999993641	1106.7269247613144
26.78	0.21985497984207597	21.6964	0.778984	0.00879419919368304	1099.7036664436314	0.008755755447523085	1109.3746795403604
26.97	0.22393097984207597	21.7163	0.784683	0.008957239193683039	1100.7123177849703	0.008917361081649191	1110.5716612988035
27.18	0.22893097984207597	21.7385	0.790871	0.00915723919368304	1101.8375469195296	0.009115565893909936	1111.9273368892525
27.38	0.23343197984207598	21.7675	0.796684	0.009337279193683039	1103.3074408340437	0.009293956272320615	1113.6093304455792
27.59	0.23808697984207597	21.7879	0.802521	0.009523479193683038	1104.3414351739088	0.009478416740685787	1114.8586078545097
27.79	0.24266597984207597	21.8207	0.808746	0.009706639193683038	1106.0039358772212	0.00965983241870527	1116.739517029575
28	0.24763797984207597	21.8366	0.815643	0.009905519193683038	1106.8098432303518	0.009856781124739564	1117.7733693762273
28.2	0.252022979842076	21.8642	0.821297	0.01008091919368304	1108.2087767489927	0.010030445657439008	1119.3805398771296
28.41	0.256431979842076	21.8837	0.826775	0.01025727919368304	1109.197153691511	0.01020503028944637	1120.5744985777633
28.62	0.261093979842076	21.9108	0.833168	0.01044375919368304	1110.5707442116257	0.01038959989869267	1122.1692776317211
28.82	0.266175979842076	21.9198	0.839317	0.01064703919368304	1111.0269181850956	0.010590758600565638	1122.8560653282493
29.02	0.271029979842076	21.9419	0.845451	0.01084119919368304	1112.1470787199496	0.010782854697797339	1124.2040867330252
29.22	0.275641979842076	21.9602	0.851624	0.01102567919368304	1113.0746324660051	0.010965339511692937	1125.347036282202
29.43	0.280211979842076	21.976	0.857208	0.01120847919368304	1113.87547121943	0.011146129653862828	1126.3603212629469
29.63	0.285218979842076	21.9973	0.863678	0.01140875919368304	1114.9550829566422	0.011344170090633076	1127.6753370098675
29.84	0.290228979842076	22.009	0.869453	0.011609159193683041	1115.5481091221532	0.011542289938049195	1128.4986847091643
30.05	0.295211979842076	22.0293	0.875999	0.011808479193683039	1116.577034862313	0.011739303146655453	1129.7621115466288
30.25	0.300255979842076	22.0473	0.882446	0.01201023919368304	1117.489382809253	0.011938688594408515	1130.9106975931932
30.45	0.305188979842076	22.0576	0.88855	0.01220755919368304	1118.0114485788908	0.012133647853024116	1131.659639516633
30.66	0.310744979842076	22.0835	0.895241	0.01242979919368304	1119.3242159025428	0.012353183465139505	1133.2371911388382
30.86	0.315590979842076	22.0861	0.900848	0.01262363919368304	1119.4559994948786	0.012544625327282654	1133.5876081257059
31.07	0.320379979842076	22.0988	0.906494	0.01281519919368304	1120.0997116574417	0.012733779397936946	1134.4540125791189
31.26	0.325220979842076	22.1088	0.911987	0.01300883919368304	1120.6065716279638	0.012924950987295595	1135.1843623176565
31.47	0.329999979842076	22.1361	0.918159	0.01319999919368304	1121.9902993474893	0.013113638349570913	1136.8005703941965
31.67	0.334978979842076	22.1438	0.924171	0.013399159193683039	1122.3805815247913	0.01331018437083699	1137.4195376125406
31.89	0.340242979842076	22.1566	0.93074	0.013609719193683041	1123.0293622870597	0.013517938765010966	1138.3134765540476
32.09	0.344994979842076	22.1619	0.936798	0.01379979919368304	1123.2979980714363	0.013705448983181611	1138.7992848794884
32.28	0.349765979842076	22.1728	0.942719	0.013990639193683041	1123.8504754393055	0.01389367356196512	1139.5738619488259
32.48	0.354571979842076	22.1877	0.948471	0.01418287919368304	1124.6056967953837	0.014083243141523209	1140.5558435335604
32.69	0.359570979842076	22.2039	0.95472	0.01438283919368304	1125.4268099476294	0.014280387359070761	1141.6136427793658
32.88	0.364368979842076	22.2149	0.960281	0.01457475919368304	1125.9843559152039	0.014469568247547627	1142.3953067585223
33.09	0.369104979842076	22.2264	0.965889	0.01476419919368304	1126.5672448813043	0.014656269438856551	1143.2001080898106
33.29	0.374185979842076	22.2536	0.972923	0.014967439193683041	1127.9459040011243	0.014856532367054066	1144.828365733025
33.5	0.379659979842076	22.2551	0.978828	0.01518639919368304	1128.0219329967026	0.015072240158955133	1145.1525243704207
33.71	0.384472979842076	22.271	0.9851	0.01537891919368304	1128.827840349833	0.015261862230043863	1146.1879924901527
33.92	0.389900979842076	22.2897	0.991623	0.015596039193683041	1129.7756684947092	0.015475670873947174	1147.3956941006222
34.13	0.394925979842076	22.2943	0.996834	0.01579703919368304	1130.0088240811494	0.01567356462754352	1147.859617764367
34.34	0.400501979842076	22.3051	1.00375	0.016020079193683038	1130.5562328493133	0.01589311194691347	1148.6678332324714
34.54	0.405689979842076	22.3102	1.01011	0.01622759919368304	1130.8147314342796	0.01609733902309935	1149.1651396583075
34.74	0.410625979842076	22.3225	1.01608	0.01642503919368304	1131.4381691980218	0.01629160733721483	1150.0220854723284
34.94	0.415381979842076	22.3273	1.022	0.01661527919368304	1131.6814619838724	0.016478755618372542	1150.48466543305
35.16	0.420877979842076	22.3377	1.02841	0.016835119193683037	1132.2085963532154	0.01669497923615129	1151.2694630249343
35.37	0.425812979842076	22.3449	1.03432	0.01703251919368304	1132.5735355319912	0.016889092163555323	1151.8641160141974
35.58	0.431113979842076	22.3597	1.04088	0.01724455919368304	1133.323688288364	0.017097559341424585	1152.867355716656
35.8001	0.436136979842076	22.3656	1.04646	0.01744547919368304	1133.6227356709724	0.017295053796955964	1153.3993275196065
36.0001	0.441661979842076	22.3747	1.05354	0.01766647919368304	1134.0839782441474	0.017512240866156686	1154.119249249687
36.2101	0.446186979842076	22.3829	1.05894	0.01784747919368304	1134.4996034199753	0.017690082928827126	1154.747561487255
36.4101	0.450875979842076	22.3907	1.06519	0.01803503919368304	1134.8949541969828	0.017874337176148884	1155.3628291766383
36.6201	0.456417979842076	22.4234	1.0721	0.01825671919368304	1136.5523863005901	0.0180920662908131	1157.3021040661904
36.8201	0.461275979842076	22.4165	1.07796	0.01845103919368304	1136.20265292093	0.01828288404538712	1157.1667726019407
37.0301	0.466351979842076	22.4402	1.08356	0.01865407919368304	1137.4039110510673	0.018482225747334477	1158.6211336830188
37.2401	0.471704979842076	22.4418	1.08971	0.01886819919368304	1137.4850086463507	0.01869240259110137	1158.9473023693183
37.4501	0.476662979842076	22.4568	1.09596	0.01906651919368304	1138.2452986021342	0.018887031004697404	1159.947674435051
37.6401	0.481479979842076	22.4694	1.10187	0.01925919919368304	1138.883942164992	0.019076088130195876	1160.8179348656347
37.8501	0.486467979842076	22.4665	1.10739	0.01945871919368304	1138.7369527735405	0.019271818985197933	1160.895315373031
38.0501	0.491532979842076	22.4741	1.11343	0.01966131919368304	1139.1221663511371	0.019470532152498117	1161.5188108643665
38.2601	0.497143979842076	22.4957	1.12001	0.019885759193683038	1140.2169838874652	0.019690620233115918	1162.8910642575988
38.4501	0.501464979842076	22.4946	1.12552	0.02005859919368304	1140.1612292907075	0.019860075835866076	1163.0312664052267
38.6801	0.507021979842076	22.5122	1.13203	0.02028087919368304	1141.0533028388265	0.020077961146848813	1164.1948670272538
38.8801	0.512374979842076	22.5081	1.13865	0.02049499919368304	1140.8454902509125	0.020287802906596583	1164.227117653722
39.0801	0.517410979842076	22.5409	1.14463	0.02069643919368304	1142.5079909542253	0.020485177828777314	1166.1538381173063
39.2901	0.522393979842076	22.5462	1.15029	0.02089575919368304	1142.7766267386016	0.020680437196236526	1166.655811943101
39.4801	0.527016979842076	22.548	1.15607	0.02108067919368304	1142.8678615332958	0.020861555838968242	1166.9602922830497
39.6901	0.531828979842076	22.5514	1.16174	0.02127315919368304	1143.0401939232734	0.021050044235985468	1167.3562699333816
39.9001	0.537128979842076	22.5597	1.16795	0.02148515919368304	1143.4608876988068	0.021257606725246146	1168.028326902766
40.1101	0.541971979842076	22.568	1.17398	0.02167887919368304	1143.88158147434	0.021447234182406506	1168.6796520910013
40.3101	0.546684979842076	22.5774	1.17975	0.021867399193683038	1144.3580298466309	0.021631736977893556	1169.3821637057838
40.5201	0.552056979842076	22.586	1.18691	0.02208227919368304	1144.79392942128	0.02184199655821854	1170.073588589994
40.7201	0.557028979842076	22.5978	1.19281	0.02228115919368304	1145.392024186496	0.022036560789698234	1170.9126862165701
40.9301	0.561959979842076	22.6096	1.19935	0.02247839919368304	1145.990118951712	0.022229483228722986	1171.750142317525
41.1401	0.567474979842076	22.6137	1.20595	0.02269899919368304	1146.1979315396263	0.022445210237078825	1172.2154774634455
41.3401	0.572214979842076	22.6296	1.21197	0.02288859919368304	1147.0038388927562	0.022630584846010302	1173.2571500347883
41.5401	0.577159979842076	22.6356	1.21795	0.02308639919368304	1147.3079548750695	0.02282394009304114	1173.7951643194033
41.7501	0.581963979842076	22.6428	1.22377	0.023278559193683043	1147.6728940538458	0.023011746280571198	1174.3890654530637
41.9501	0.586887979842076	22.6599	1.2298	0.02347551919368304	1148.5396246034386	0.02320420711667045	1175.5021886055222
42.1601	0.592416979842076	22.6652	1.23627	0.02369667919368304	1148.808260387815	0.02342027101303885	1176.0312011892781
42.3601	0.597226979842076	22.6594	1.24145	0.02388907919368304	1148.5142816049124	0.023608199650243054	1175.951230233248
42.5601	0.602382979842076	22.6814	1.24848	0.02409531919368304	1149.6293735400611	0.02380960743524337	1177.3300602499428
42.7701	0.607147979842076	22.6843	1.25423	0.02428591919368304	1149.7763629315125	0.023995705605816514	1177.6997387724741
42.9701	0.612504979842076	22.7045	1.26075	0.02450019919368304	1150.8002200719673	0.024204883126943022	1178.9950546958648
43.1801	0.617679979842076	22.6992	1.26683	0.02470719919368304	1150.5315842875905	0.024406912458739344	1178.9579973192078
43.3801	0.622501979842076	22.6987	1.27231	0.02490007919368304	1150.506241289064	0.02459512412504557	1179.1539378099885
43.5901	0.627344979842076	22.7155	1.27852	0.025093799193683042	1151.3577660395415	0.024784119811929253	1180.2497066206251
43.8001	0.632896979842076	22.7314	1.28536	0.02531587919368304	1152.1636733926719	0.025000739937369724	1181.3317097596307
44.0101	0.637717979842076	22.731	1.29153	0.02550871919368304	1152.1433989938507	0.02518880087707191	1181.5331014296405
44.2201	0.642618979842076	22.7423	1.29768	0.025704759193683042	1152.7161507605408	0.025379946267507673	1182.3464418345097
44.4201	0.647699979842076	22.7508	1.30456	0.02590799919368304	1153.1469817354848	0.025578073326168235	1183.0227128084857
44.6201	0.652301979842076	22.7516	1.31027	0.026092079193683042	1153.1875305331264	0.025757488524474053	1183.2765909049645
44.8301	0.657092979842076	22.7514	1.31571	0.026283719193683042	1153.177393333716	0.025944237949903547	1183.487184120603
45.0401	0.662652979842076	22.778	1.32253	0.026506119193683043	1154.5256408553048	0.026160918680401334	1185.127635103979
45.2501	0.667473979842076	22.7777	1.32818	0.02669895919368304	1154.5104350561892	0.026348761582795147	1185.3346620504356
45.4401	0.672480979842076	22.7814	1.33511	0.02689923919368304	1154.6979732452824	0.026543814345105037	1185.7584702240683
45.6501	0.677509979842076	22.806	1.34145	0.02710039919368304	1155.9448487727668	0.026739685850516892	1187.2714156203904
45.8501	0.682582979842076	22.8061	1.34742	0.02730331919368304	1155.949917372472	0.026937232222579717	1187.5111869384043
46.0501	0.687353979842076	22.8071	1.35306	0.027494159193683042	1156.000603369524	0.027122982889062338	1187.7838679865592
46.2601	0.693041979842076	22.8228	1.3597	0.02772167919368304	1156.7963735232438	0.027344390292294393	1188.864711482471
46.4701	0.697845979842076	22.8314	1.36532	0.027913839193683038	1157.2322730978929	0.02753134950645565	1189.5350686788877
46.6801	0.703510979842076	22.8425	1.37193	0.02814043919368304	1157.7948876651726	0.02775177170376764	1190.3757443002714
46.8801	0.708465979842076	22.8559	1.3783	0.02833863919368304	1158.474080025672	0.027944528345638403	1191.3036589947535
47.0801	0.713235979842076	22.8405	1.38447	0.02852943919368304	1157.693515671068	0.028130053127273204	1190.7218624313268
47.2801	0.718202979842076	22.8441	1.39038	0.02872811919368304	1157.8759852604562	0.0283232034693951	1191.1395845765217
47.4901	0.723230979842076	22.8732	1.39673	0.028929239193683037	1159.3509477746754	0.02851868791175935	1192.8900886522722
47.7001	0.728474979842076	22.8779	1.40331	0.02913899919368304	1159.589171960821	0.028722529550062485	1193.378439907591
47.9201	0.733343979842076	22.8761	1.40877	0.02933375919368304	1159.497937166127	0.02891175721876751	1193.5103704405306
48.1301	0.738804979842076	22.8868	1.41557	0.029552199193683043	1160.0402773345854	0.02912394964247101	1194.3220186830724
48.3201	0.743416979842076	22.8796	1.42134	0.02973667919368304	1159.6753381558096	0.02930311828891939	1194.160231655375
48.5201	0.748110979842076	22.8901	1.42719	0.02992443919368304	1160.2075411248577	0.029485439544434573	1194.926101141301
48.7201	0.752771979842076	22.8997	1.4331	0.03011087919368304	1160.6941266965591	0.029666446150335868	1195.6436473263366
48.9301	0.757882979842076	22.9038	1.43914	0.03031531919368304	1160.9019392844732	0.029864890531242107	1196.0950521264479
49.1201	0.762774979842076	22.9175	1.44491	0.03051099919368304	1161.5963374440885	0.03005479493884984	1197.0378023592302
49.3401	0.768176979842076	22.913	1.45177	0.03072707919368304	1161.3682504573535	0.030264455339613205	1197.0537046621857
49.5501	0.773028979842076	22.9256	1.45755	0.03092115919368304	1162.0068940202113	0.030452731881614483	1197.9374941743677
49.7601	0.778683979842076	22.9439	1.46423	0.03114735919368304	1162.9344477662669	0.0306721232344141	1199.1567847295503
49.9701	0.783790979842076	22.9506	1.46989	0.03135163919368304	1163.274043946517	0.03087021302822991	1199.7445920557047
50.1701	0.788705979842076	22.9467	1.47596	0.03154823919368304	1163.0763685580132	0.031060818498378943	1199.7693800338016
50.3901	0.794418979842076	22.9691	1.48242	0.03177675919368304	1164.2117348919828	0.03128232504835341	1201.2066108421054
50.5801	0.799504979842076	22.9627	1.48887	0.03198019919368304	1163.8873445108486	0.0314794800474749	1201.1086936273123
50.8001	0.804707979842076	22.9641	1.49482	0.03218831919368304	1163.9583049067214	0.03168113025079064	1201.4241663531973
51.0001	0.809512979842076	22.9664	1.50074	0.03238051919368304	1164.0748826999418	0.031867319247719635	1201.7682317820916
51.2101	0.814901979842076	22.9929	1.50722	0.03259607919368304	1165.4180616218252	0.03207609643284738	1203.4061210521988
51.4201	0.820139979842076	22.982	1.51364	0.03280559919368304	1164.8655842539563	0.03227898190825995	1203.079697725507
51.6201	0.824864979842076	22.9871	1.51929	0.03299459919368304	1165.1240828389225	0.032461961850535945	1203.5668849631004
51.8301	0.829816979842076	23.002	1.52567	0.033192679193683045	1165.8793041950005	0.03265369664890456	1204.5779619176994
52.0301	0.834616979842076	22.9886	1.53123	0.033384679193683035	1165.2001118345008	0.03283951113078026	1204.0999437645391
52.2401	0.840026979842076	23.0091	1.53822	0.03360107919368304	1166.2391747740712	0.033048898157190615	1205.4260696444303
52.4501	0.844747979842076	23.003	1.54388	0.033789919193683036	1165.9299901920526	0.03323158251701667	1205.3266703461338
52.6501	0.849598979842076	23.0132	1.54965	0.03398395919368304	1166.4469873619853	0.03341926261356659	1206.0874741820894
52.8501	0.854662979842076	23.0283	1.55636	0.03418651919368304	1167.2123459174738	0.033615145886018674	1207.1152731842853
53.0601	0.859996979842076	23.0319	1.56275	0.03439987919368304	1167.3948155068617	0.03382143168672102	1207.5530561316298
53.2601	0.865033979842076	23.0417	1.5689	0.03460135919368304	1167.8915382779733	0.03401619232475137	1208.3021728931926
53.4801	0.871090979842076	23.0478	1.57607	0.03484363919368304	1168.2007228599919	0.03425034206180229	1208.905087353125
53.6701	0.875379979842076	23.0582	1.58138	0.03501519919368304	1168.7278572293349	0.03441611182079378	1209.6510959534264
53.8701	0.880277979842076	23.0539	1.58731	0.03521111919368304	1168.5099074420102	0.03460538581354006	1209.6544490719505
54.0701	0.885680979842076	23.0627	1.59359	0.03542723919368304	1168.9559442160698	0.03481413303384466	1210.36882605869
54.2801	0.890723979842076	23.0684	1.5993	0.03562895919368304	1169.2448543992675	0.0350089321907146	1210.903831604083
54.4901	0.895810979842076	23.0714	1.60535	0.03583243919368304	1169.3969123904242	0.03520539252621765	1211.2992561469348
54.7001	0.901221979842076	23.07	1.61295	0.03604887919368304	1169.325951994551	0.035414323413200874	1211.478841976041
54.9001	0.906300979842076	23.0821	1.61861	0.03625203919368304	1169.9392525588828	0.035610395324233025	1212.3519361968758
55.1101	0.911806979842076	23.0789	1.62467	0.03647227919368304	1169.7770573683158	0.03582290790863711	1212.441492799018
55.3201	0.916893979842076	23.0838	1.63071	0.03667575919368304	1170.0254187538715	0.03601920841095108	1212.9369892625766
55.5201	0.921769979842076	23.0993	1.63725	0.03687079919368304	1170.8110517081807	0.036207330543812005	1213.9797908894577
55.7301	0.927377979842076	23.1121	1.64408	0.037095119193683045	1171.4598324704493	0.03642365039640555	1214.9152745865526
55.9301	0.932229979842076	23.1118	1.64983	0.03728919919368304	1171.4446266713335	0.03661077097849437	1215.1268586996505
56.1301	0.937196979842076	23.1053	1.65573	0.03748787919368304	1171.115167690494	0.036802290349589144	1215.0177916187652
56.3301	0.942216979842076	23.114	1.66179	0.03768867919368304	1171.5561358648483	0.03699581605207948	1215.7105392268495
56.5401	0.947016979842076	23.1192	1.66786	0.03788067919368304	1171.8197030495198	0.03718082552889774	1216.2090292935754
56.7401	0.951769979842076	23.1209	1.67329	0.03807079919368304	1171.9058692445085	0.03736398973337066	1216.5212622664149
56.9501	0.957395979842076	23.1378	1.68029	0.03829583919368304	1172.762462594691	0.0375807529935007	1217.674385274605
57.1401	0.962026979842076	23.1346	1.68553	0.038481079193683036	1172.6002674041238	0.037759144807133785	1217.7231911566357
57.3501	0.967633979842076	23.1393	1.69283	0.03870535919368304	1172.8384915902693	0.037975090758567746	1218.2336266834482
57.5501	0.972849979842076	23.149	1.69865	0.03891399919368304	1173.3301457616758	0.03817593601913886	1218.9891141077696
57.7501	0.977766979842076	23.1383	1.70491	0.03911067919368304	1172.787805593217	0.03836523117297686	1218.6563332200367
57.9601	0.983100979842076	23.1568	1.71082	0.03932403919368304	1173.725496538683	0.03857053952244001	1219.8811239671954
58.1701	0.988611979842076	23.1518	1.71677	0.03954447919368304	1173.472066553422	0.03878261642761831	1219.876408273612
58.3801	0.993712979842076	23.172	1.72355	0.03974851919368304	1174.4959236938766	0.03897887544528753	1221.180397459725
58.5801	0.998698979842076	23.1646	1.72925	0.03994795919368304	1174.1208473156903	0.03917067266443375	1221.02457901271
58.7901	1.004455979842076	23.1606	1.73582	0.04017823919368304	1173.9181033274813	0.03939208230882868	1221.0840656767678
58.9801	1.008895979842076	23.1701	1.74093	0.04035583919368304	1174.3996202994776	0.039562807703116896	1221.793502525406
59.1901	1.014445979842076	23.1741	1.7477	0.04057783919368304	1174.6023642876862	0.03977617346594524	1222.2651901422719
59.3901	1.019565979842076	23.1816	1.7535	0.04078263919368304	1174.9825092655778	0.03997296782500747	1222.901396999844
59.6001	1.024635979842076	23.1907	1.75965	0.04098543919368305	1175.443751838753	0.04016780220905537	1223.619830255335
59.8001	1.029405979842076	23.1805	1.76572	0.041176239193683045	1174.9267546688204	0.04035107328018733	1223.3058197541213
60.0001	1.034205979842076	23.1869	1.77178	0.041368239193683036	1175.2511450499546	0.04053546309998378	1223.869215531031
60.2001	1.039345979842076	23.1944	1.77776	0.04157383919368304	1175.6312900278463	0.040732876175269134	1224.506796230526
60.4001	1.044495979842076	23.1934	1.78386	0.04177983919368304	1175.5806040307941	0.04093063424468223	1224.6961726264135
60.6101	1.050155979842076	23.2024	1.79089	0.04200623919368304	1176.036778004264	0.0411479310231175	1225.4376602016796
60.8101	1.055195979842076	23.2022	1.79656	0.04220783919368304	1176.0266408048535	0.04134138523947587	1225.664184147432
61.0201	1.060035979842076	23.2021	1.80205	0.04240143919368304	1176.0215722051485	0.04152712748150061	1225.8865793894647
61.2101	1.065175979842076	23.2035	1.80824	0.042607039193683034	1176.0925326010213	0.04172434490559985	1226.2023532329508
61.4301	1.070715979842076	23.2092	1.81485	0.042828639193683044	1176.381442784219	0.041936866445468526	1226.7642591513684
61.6401	1.075915979842076	23.2235	1.82115	0.04303663919368304	1177.1062525420657	0.04213630406288765	1227.7649496253468
61.8501	1.081835979842076	23.2298	1.8279	0.04327343919368304	1177.4255743234946	0.04236330771250819	1228.3768283190698
62.0601	1.087005979842076	23.2211	1.83317	0.04348023919368304	1176.9846061491403	0.042561510310944975	1228.1601783517876
62.2601	1.092215979842076	23.2239	1.83892	0.04368863919368304	1177.1265269408866	0.042761206658327826	1228.5535830617202
62.4701	1.097785979842076	23.227	1.84617	0.04391143919368304	1177.2836535317483	0.04297465750377711	1228.9798730975247
62.6701	1.103245979842076	23.2243	1.85246	0.04412983919368304	1177.1468013397073	0.04318384877126506	1229.094100390187
62.8801	1.1084559798420761	23.2275	1.85786	0.04433823919368304	1177.3089965302745	0.04338342089099084	1229.508804423309
63.0901	1.114085979842076	23.2407	1.86485	0.04456343919368304	1177.9780516913638	0.04359903659296716	1230.4728049694052
63.3001	1.119355979842076	23.2442	1.87067	0.04477423919368304	1178.1554526810464	0.04380082302787013	1230.9064667267294
63.5101	1.124685979842076	23.2308	1.87694	0.044987439193683046	1177.4762603205468	0.04400486543418351	1230.4479019837227
63.7101	1.129835979842076	23.2433	1.88348	0.045193439193683044	1178.1098352836996	0.04420197756241793	1231.3526704880733
63.9201	1.134875979842076	23.2394	1.88898	0.04539503919368304	1177.9121598951958	0.04439484191875499	1231.383528560354
64.1301	1.140425979842076	23.2485	1.89561	0.04561703919368304	1178.3734024683708	0.04460717928698796	1232.1273081535642
64.3301	1.145435979842076	23.2501	1.90127	0.045817439193683036	1178.4545000636545	0.04479881809057871	1232.448267462843
64.5401	1.150595979842076	23.2518	1.9072	0.04602383919368304	1178.5406662586431	0.04499615619916512	1232.781632365747
64.7501	1.156365979842076	23.2495	1.91354	0.04625463919368304	1178.4240884654232	0.045216776927543514	1232.9316694945362
64.9401	1.161115979842076	23.264	1.91894	0.046444639193683045	1179.1590354226803	0.045398360590790526	1233.924651374858
65.1501	1.167215979842076	23.2768	1.92605	0.04668863919368304	1179.8078161849487	0.04563150389191193	1234.8914376326948
65.3501	1.172195979842076	23.2657	1.93215	0.04688783919368304	1179.245201617669	0.045821800260501956	1234.5374610010406
65.5601	1.177325979842076	23.2566	1.93755	0.047093039193683045	1178.7839590444937	0.046017790589520415	1234.2964782286608
65.7601	1.182315979842076	23.2539	1.94342	0.04729263919368304	1178.647106852453	0.046208395407595707	1234.3884392135042
65.9701	1.188395979842076	23.2727	1.95056	0.04753583919368304	1179.6000035970346	0.046440586256251686	1235.6732796808913
66.1801	1.193755979842076	23.2692	1.95641	0.04775023919368304	1179.4226026073518	0.0466452361157241	1235.740313992289
66.3801	1.199065979842076	23.274	1.96224	0.047962639193683036	1179.6658953932024	0.046847935639039114	1236.2457851030395
66.6001	1.204655979842076	23.2719	1.96823	0.04818623919368304	1179.5594547993926	0.04706127926472694	1236.3979888315266
66.7801	1.209335979842076	23.2776	1.97363	0.04837343919368304	1179.8483649825903	0.0472398575350496	1236.921688123842
67.0001	1.215345979842076	23.2815	1.98083	0.04861383919368304	1180.046040371094	0.047469138850707415	1237.4126088188368
67.2001	1.220495979842076	23.2823	1.98658	0.04881983919368304	1180.0865891687356	0.047665569377007236	1237.698226686575
67.4101	1.226135979842076	23.2875	1.99356	0.04904543919368304	1180.3501563534073	0.04788064515255285	1238.2409481740926
67.6201	1.231265979842076	23.287	1.99895	0.04925063919368304	1180.3248133548811	0.04807623242240276	1238.4565648687737
67.8201	1.236605979842076	23.2886	2.00504	0.04946423919368304	1180.4059109501645	0.04827978556145667	1238.7937912750408
68.0201	1.241665979842076	23.2915	2.01079	0.04966663919368304	1180.5529003416161	0.048472627277722384	1239.1869952919392
68.2301	1.247655979842076	23.2835	2.01723	0.04990623919368305	1180.1474123651983	0.048700864176290194	1239.0441314105021
68.4401	1.252745979842076	23.2856	2.02341	0.05010983919368304	1180.2538529590079	0.04889476745420617	1239.3961837385084
68.6501	1.258555979842076	23.2927	2.03001	0.05034223919368304	1180.6137235380788	0.0491160531510708	1240.0484620037776
68.8401	1.263405979842076	23.2944	2.03519	0.05053623919368304	1180.6998897330675	0.04930073779851444	1240.368021776573
69.0601	1.269215979842076	23.2943	2.04202	0.05076863919368304	1180.6948211333622	0.04952193368811418	1240.637090505332
69.2501	1.274475979842076	23.2906	2.04757	0.05097903919368304	1180.5072829442693	0.0497221480172332	1240.6884099899135
69.4701	1.279895979842076	23.2967	2.05353	0.051195839193683035	1180.8164675262876	0.0499284105912917	1241.2693575150163
69.6701	1.285655979842076	23.2912	2.05985	0.051426239193683033	1180.5376945425005	0.050147565524829574	1241.2483083992022
69.8801	1.291215979842076	23.2905	2.06611	0.05164863919368304	1180.502214344564	0.050359065365481494	1241.4735472805903
70.0801	1.296575979842076	23.2992	2.07263	0.05186303919368304	1180.943182518918	0.05056291495942029	1242.1904850794094
70.2901	1.302285979842076	23.2931	2.07892	0.052091439193683045	1180.6339979368995	0.05078002992387751	1242.1349220504244
70.5001	1.307845979842076	23.3044	2.08508	0.05231383919368304	1181.2067497035898	0.050991396054833396	1243.0002096620765
70.7101	1.313565979842076	23.2915	2.09086	0.052542639193683044	1180.5529003416161	0.051208798051834516	1242.5822654333217
70.9201	1.319475979842076	23.3018	2.09708	0.05277903919368304	1181.0749661112538	0.05143337181024919	1243.4109680383176
71.1201	1.324705979842076	23.3048	2.1031	0.052988239193683034	1181.2270241024105	0.05163206423256518	1243.8181641975916
71.3201	1.329725979842076	23.3004	2.10908	0.053189039193683035	1181.0040057153808	0.051822741439720446	1243.820474063273
71.5301	1.335405979842076	23.2976	2.11548	0.053416239193683046	1180.8620849236345	0.052038443928660104	1243.9392965066666
71.7501	1.341035979842076	23.3036	2.12212	0.053641439193683034	1181.1662009059478	0.052252201722922186	1244.5256558494777
71.9501	1.346945979842076	23.3024	2.12846	0.05387783919368304	1181.105377709485	0.052476541308724	1244.740783320511
72.1601	1.352195979842076	23.3022	2.13407	0.05408783919368304	1181.0952405100747	0.052675785540115296	1244.978129951208
72.3501	1.357415979842076	23.2937	2.13969	0.054296639193683036	1180.664409535131	0.05287385188221085	1244.7705189884828
72.5601	1.362755979842076	23.3005	2.14571	0.054510239193683044	1181.009074315086	0.053076430888301704	1245.3861614459117
72.7601	1.368395979842076	23.3123	2.15207	0.054735839193683036	1181.6071690803021	0.05329034618549888	1246.2834290771846
72.9701	1.373955979842076	23.3024	2.15845	0.05495823919368304	1181.105377709485	0.05350118244190438	1246.0168495705884
73.1801	1.379915979842076	23.3086	2.16492	0.055196639193683034	1181.419630891209	0.053727137421281504	1246.6300239938453
73.3901	1.385745979842076	23.3	2.17036	0.055429839193683036	1180.98373131656	0.05394811446609423	1246.4454696337925
73.5901	1.391585979842076	23.3093	2.17658	0.05566343919368304	1181.4551110891455	0.0541694215995544	1247.2189658253221
73.7901	1.397345979842076	23.3129	2.1826	0.05589383919368304	1181.6375806785334	0.054387649163895255	1247.683841598192
74.0001	1.403135979842076	23.3165	2.18848	0.05612543919368304	1181.8200502679215	nan	nan
74.2001	1.408985979842076	23.3125	2.19431	0.056359439193683046	1181.6173062797125	nan	nan
74.4101	1.414605979842076	23.302	2.20046	0.05658423919368304	1181.0851033106644	nan	nan
74.6101	1.420455979842076	23.29	2.20661	0.056818239193683034	1180.4768713460378	nan	nan
74.8201	1.426495979842076	23.3024	2.21307	0.05705983919368304	1181.105377709485	nan	nan
75.0301	1.432525979842076	23.2973	2.21907	0.05730103919368304	1180.8468791245189	nan	nan
75.2201	1.437435979842076	23.2968	2.22433	0.05749743919368304	1180.821536125993	nan	nan
75.4301	1.443725979842076	23.2953	2.23105	0.057749039193683044	1180.7455071304146	nan	nan
75.6401	1.449515979842076	23.2889	2.23734	0.05798063919368304	1180.4211167492804	nan	nan
75.8501	1.455655979842076	23.2921	2.24411	0.05822623919368304	1180.5833119398476	nan	nan
76.0501	1.461345979842076	23.3039	2.24995	0.05845383919368304	1181.1814067050634	nan	nan
76.2501	1.467025979842076	23.2972	2.25594	0.05868103919368304	1180.8418105248138	nan	nan
76.4601	1.472775979842076	23.2968	2.26154	0.05891103919368304	1180.821536125993	nan	nan
76.6701	1.478875979842076	23.2813	2.26833	0.05915503919368304	1180.0359031716837	nan	nan
76.8901	1.485195979842076	23.3016	2.27525	0.05940783919368304	1181.0648289118435	nan	nan
77.1101	1.491465979842076	23.2959	2.28134	0.05965863919368304	1180.7759187286458	nan	nan
77.3101	1.497165979842076	23.2906	2.28714	0.05988663919368304	1180.5072829442693	nan	nan
77.5201	1.503105979842076	23.2922	2.29334	0.060124239193683045	1180.5883805395526	nan	nan
77.7301	1.509465979842076	23.2881	2.30006	0.06037863919368304	1180.3805679516386	nan	nan
77.9401	1.515245979842076	23.2883	2.30567	0.06060983919368304	1180.390705151049	nan	nan
78.1501	1.522095979842076	23.2871	2.312	0.06088383919368304	1180.3298819545862	nan	nan
78.3401	1.527065979842076	23.2751	2.31779	0.06108263919368304	1179.7216499899598	nan	nan
78.5501	1.533525979842076	23.2757	2.32421	0.061341039193683035	1179.7520615881913	nan	nan
78.7501	1.539465979842076	23.2739	2.3299	0.06157863919368304	1179.6608267934973	nan	nan
78.9501	1.545175979842076	23.2712	2.33588	0.06180703919368304	1179.5239746014563	nan	nan
79.1501	1.550675979842076	23.2725	2.34187	0.06202703919368304	1179.589866397624	nan	nan
79.3601	1.556955979842076	23.2703	2.34866	0.06227823919368304	1179.4783572041092	nan	nan
79.5701	1.563165979842076	23.2687	2.35514	0.06252663919368304	1179.3972596088256	nan	nan
79.7601	1.568235979842076	23.2573	2.36015	0.06272943919368304	1178.8194392424305	nan	nan
79.9701	1.574975979842076	23.2628	2.36665	0.06299903919368303	1179.0982122262176	nan	nan
80.1801	1.580785979842076	23.2561	2.37278	0.06323143919368304	1178.7586160459678	nan	nan
80.3901	1.587375979842076	23.2637	2.37986	0.06349503919368303	1179.1438296235647	nan	nan
80.5901	1.593215979842076	23.2435	2.38538	0.06372863919368305	1178.11997248311	nan	nan
80.8001	1.598925979842076	23.2405	2.39133	0.06395703919368305	1177.9679144919533	nan	nan
81.0001	1.605005979842076	23.2481	2.39764	0.06420023919368303	1178.3531280695502	nan	nan
81.2001	1.611195979842076	23.2354	2.40376	0.06444783919368305	1177.7094159069868	nan	nan
81.4101	1.617865979842076	23.2342	2.41022	0.06471463919368305	1177.6485927105243	nan	nan
81.6301	1.623795979842076	23.2371	2.41616	0.06495183919368304	1177.795582101976	nan	nan
81.8301	1.630365979842076	23.2233	2.42341	0.06521463919368303	1177.0961153426551	nan	nan
82.0301	1.636255979842076	23.2142	2.42905	0.06545023919368304	1176.6348727694801	nan	nan
82.2401	1.642315979842076	23.2133	2.43565	0.06569263919368304	1176.589255372133	nan	nan
82.4501	1.648835979842076	23.2016	2.44157	0.06595343919368304	1175.996229206622	nan	nan
82.6601	1.655015979842076	23.2093	2.44752	0.06620063919368305	1176.3865113839242	nan	nan
82.8801	1.661865979842076	23.2043	2.45479	0.06647463919368304	1176.133081398663	nan	nan
83.0901	1.668165979842076	23.1859	2.46097	0.06672663919368305	1175.2004590529025	nan	nan
83.2901	1.674385979842076	23.1832	2.467	0.06697543919368304	1175.0636068608615	nan	nan
83.5001	1.680385979842076	23.1807	2.47283	0.06721543919368304	1174.936891868231	nan	nan
83.7101	1.686245979842076	23.1703	2.47917	0.06744983919368304	1174.4097574988878	nan	nan
83.9101	1.692215979842076	23.163	2.48488	0.06768863919368304	1174.0397497204067	nan	nan
84.1001	1.698315979842076	23.1607	2.49081	0.06793263919368303	1173.9231719271866	nan	nan
84.3001	1.704465979842076	23.1642	2.49677	0.06817863919368304	1174.1005729168694	nan	nan
84.5201	1.711335979842076	23.1564	2.50367	0.06845343919368303	1173.7052221398621	nan	nan
84.7301	1.717815979842076	23.133	2.50956	0.06871263919368303	1172.5191698088404	nan	nan
84.9301	1.723935979842076	23.129	2.51553	0.06895743919368304	1172.3164258206316	nan	nan
85.1401	1.730155979842076	23.1221	2.52162	0.06920623919368304	1171.9666924409712	nan	nan
85.3501	1.737225979842076	23.1174	2.52872	0.06948903919368304	1171.7284682548259	nan	nan
85.5601	1.743415979842076	23.1077	2.53457	0.06973663919368304	1171.2368140834194	nan	nan
85.7601	1.749615979842076	23.095	2.54038	0.06998463919368304	1170.5931019208563	nan	nan
85.9601	1.755915979842076	23.0774	2.54656	0.07023663919368305	1169.7010283727375	nan	nan
86.1601	1.761895979842076	23.062	2.552	0.07047583919368304	1168.9204640181333	nan	nan
86.3701	1.768245979842076	23.0637	2.55849	0.07072983919368304	1169.006630213122	nan	nan
86.5601	1.774185979842076	23.0404	2.56429	0.07096743919368304	1167.8256464818055	nan	nan
86.7801	1.780955979842076	23.0477	2.57148	0.07123823919368304	1168.1956542602866	nan	nan
86.9701	1.787235979842076	23.0203	2.577	0.07148943919368304	1166.806857941056	nan	nan
87.1801	1.793645979842076	23.0296	2.5834	0.07174583919368305	1167.2782377136414	nan	nan
87.3901	1.800305979842076	22.9985	2.58961	0.07201223919368303	1165.7019032053176	nan	nan
87.5901	1.806715979842076	23.0041	2.59566	0.07226863919368304	1165.9857447888103	nan	nan
87.8001	1.812855979842076	22.9846	2.60194	0.07251423919368304	1164.9973678462918	nan	nan
88.0001	1.819085979842076	22.9739	2.60744	0.07276343919368304	1164.4550276778334	nan	nan
88.2101	1.825985979842076	22.9477	2.61349	0.07303943919368304	1163.1270545550653	nan	nan
88.4201	1.832185979842076	22.9448	2.61992	0.07328743919368304	1162.980065163614	nan	nan
88.6201	1.838535979842076	22.9392	2.62572	0.07354143919368304	1162.6962235801216	nan	nan
88.8301	1.845645979842076	22.9289	2.63248	0.07382583919368303	1162.1741578104836	nan	nan
89.0301	1.851765979842076	22.907	2.63793	0.07407063919368304	1161.0641344750402	nan	nan
89.2401	1.858195979842076	22.8939	2.64401	0.07432783919368303	1160.4001479136562	nan	nan
89.4401	1.864705979842076	22.8896	2.65001	0.07458823919368304	1160.182198126332	nan	nan
89.6501	1.871565979842076	22.8649	2.6571	0.07486263919368304	1158.930253999142	nan	nan
89.8601	1.878185979842076	22.8589	2.66308	0.07512743919368303	1158.6261380168287	nan	nan
90.0601	1.884255979842076	22.8243	2.66921	0.07537023919368303	1156.8724025188221	nan	nan
90.2701	1.891345979842076	22.8257	2.67525	0.07565383919368304	1156.9433629146954	nan	nan
90.4801	1.897175979842076	22.7904	2.68045	0.07588703919368305	1155.1541472187523	nan	nan
90.6901	1.903535979842076	22.7999	2.68711	0.07614143919368303	1155.6356641907482	nan	nan
90.8901	1.910525979842076	22.7847	2.69396	0.07642103919368304	1154.8652370355546	nan	nan
91.0901	1.916885979842076	22.7743	2.69994	0.07667543919368304	1154.3381026662116	nan	nan
91.3001	1.923045979842076	22.7459	2.7063	0.07692183919368305	1152.8986203499287	nan	nan
91.4901	1.929595979842076	22.738	2.7122	0.07718383919368305	1152.4982009732162	nan	nan
91.7001	1.936195979842076	22.7194	2.71802	0.07744783919368305	1151.5554414280452	nan	nan
91.9101	1.942365979842076	22.6896	2.724	0.07769463919368304	1150.044998715889	nan	nan
92.1001	1.948755979842076	22.6906	2.73036	0.07795023919368303	1150.0956847129414	nan	nan
92.3101	1.955405979842076	22.6762	2.73701	0.07821623919368303	1149.3658063553896	nan	nan
92.5101	1.962065979842076	22.6694	2.74317	0.07848263919368305	1149.0211415754343	nan	nan
92.7201	1.968675979842076	22.6482	2.7493	0.07874703919368305	1147.9465984379276	nan	nan
92.9401	1.975115979842076	22.6216	2.75525	0.07900463919368304	1146.5983509163389	nan	nan
93.1401	1.981925979842076	22.6085	2.76092	0.07927703919368305	1145.9343643549548	nan	nan
93.3501	1.989065979842076	22.5932	2.76798	0.07956263919368305	1145.158868600056	nan	nan
93.5501	1.995505979842076	22.5799	2.77411	0.07982023919368304	1144.4847448392613	nan	nan
93.7601	2.001775979842076	22.5516	2.78001	0.08007103919368302	1143.050331122684	nan	nan
93.9601	2.008225979842076	22.539	2.78638	0.08032903919368303	1142.4116875598259	nan	nan
94.1601	2.014565979842076	22.5125	2.79205	0.08058263919368304	1141.0685086379424	nan	nan
94.3701	2.021385979842076	22.5103	2.79918	0.08085543919368304	1140.9569994444273	nan	nan
94.5701	2.027775979842076	22.4883	2.80475	0.08111103919368304	1139.8419075092786	nan	nan
94.7701	2.034245979842076	22.4759	2.81119	0.08136983919368303	1139.213401145831	nan	nan
94.9801	2.040555979842076	22.4414	2.81661	0.08162223919368303	1137.46473424753	nan	nan
95.1901	2.047335979842076	22.4377	2.82346	0.08189343919368303	1137.2771960584369	nan	nan
95.4101	2.054155979842076	22.414	2.82967	0.08216623919368304	1136.0759379282993	nan	nan
95.6001	2.060475979842076	22.4032	2.83544	0.08241903919368304	1135.5285291601353	nan	nan
95.8001	2.066905979842076	22.3906	2.84233	0.08267623919368304	1134.8898855972775	nan	nan
96.0101	2.073675979842076	22.3784	2.84888	0.08294703919368304	1134.2715164332403	nan	nan
96.2101	2.079755979842076	22.3413	2.85385	0.08319023919368304	1132.3910659426033	nan	nan
96.4101	2.086015979842076	22.3326	2.85962	0.08344063919368304	1131.9500977682492	nan	nan
96.6201	2.093045979842076	22.3253	2.86646	0.08372183919368303	1131.5800899897679	nan	nan
96.8301	2.099535979842076	22.2916	2.87237	0.08398143919368303	1129.8719718891084	nan	nan
97.0401	2.106815979842076	22.2954	2.87937	0.08427263919368304	1130.0645786779069	nan	nan
97.2401	2.113275979842076	22.2586	2.88474	0.08453103919368304	1128.1993339863855	nan	nan
97.4501	2.119495979842076	22.2369	2.89097	0.08477983919368304	1127.0994478503524	nan	nan
97.6601	2.126715979842076	22.2175	2.89767	0.08506863919368303	1126.1161395075394	nan	nan
97.8601	2.133455979842076	22.208	2.90396	0.08533823919368304	1125.6346225355435	nan	nan
98.0601	2.139425979842076	22.1643	2.9091	0.08557703919368304	1123.4196444643617	nan	nan
98.2701	2.145515979842076	22.1617	2.91526	0.08582063919368305	1123.287860872026	nan	nan
98.4701	2.152345979842076	22.1585	2.92135	0.08609383919368303	1123.125665681459	nan	nan
98.6801	2.159505979842076	22.1252	2.92797	0.08638023919368304	1121.4378219796204	nan	nan
98.8701	2.164995979842076	22.1011	2.93373	0.08659983919368304	1120.2162894506619	nan	nan
99.0801	2.171605979842076	22.0795	2.93967	0.08686423919368304	1119.121471914334	nan	nan
99.2801	2.178035979842076	22.072	2.94595	0.08712143919368304	1118.7413269364424	nan	nan
99.4901	2.184235979842076	22.0583	2.95209	0.08736943919368305	1118.0469287768271	nan	nan
99.6901	2.190915979842076	22.052	2.95774	0.08763663919368303	1117.7276069953982	nan	nan
99.9001	2.197825979842076	22.0249	2.96425	0.08791303919368304	1116.354016475283	nan	nan
100.11	2.204295979842076	22.0078	2.97034	0.08817183919368304	1115.4872859256905	nan	nan
100.32	2.211715979842076	21.9788	2.97695	0.08846863919368303	1114.0173920111763	nan	nan
100.54	2.218905979842076	21.9625	2.98348	0.08875623919368303	1113.1912102592253	nan	nan
100.75	2.225385979842076	21.9357	2.98973	0.08901543919368304	1111.832825538226	nan	nan
100.95	2.231695979842076	21.9271	2.99574	0.08926783919368304	1111.3969259635767	nan	nan
101.15	2.237895979842076	21.896	3.00132	0.08951583919368304	1109.820591455253	nan	nan
101.36	2.244815979842076	21.8786	3.00808	0.08979263919368304	1108.9386551065445	nan	nan
101.57	2.251455979842076	21.8751	3.01459	0.09005823919368304	1108.7612541168617	nan	nan
101.78	2.258665979842076	21.8341	3.02086	0.09034663919368305	1106.683128237721	nan	nan
101.98	2.264845979842076	21.8236	3.02702	0.09059383919368305	1106.1509252686728	nan	nan
102.18	2.271065979842076	21.8087	3.03252	0.09084263919368304	1105.3957039125949	nan	nan
102.39	2.277625979842076	21.7973	3.03912	0.09110503919368304	1104.8178835461995	nan	nan
102.61	2.284485979842076	21.7712	3.04559	0.09137943919368303	1103.494979023137	nan	nan
102.81	2.291065979842076	21.7627	3.05225	0.09164263919368304	1103.064148048193	nan	nan
103.01	2.297315979842076	21.7349	3.05801	0.09189263919368304	1101.6550773301417	nan	nan
103.21	2.303545979842076	21.7098	3.06374	0.09214183919368304	1100.382858804131	nan	nan
103.42	2.310635979842076	21.6857	3.07049	0.09242543919368304	1099.1613262751728	nan	nan
103.62	2.317115979842076	21.6789	3.0767	0.09268463919368304	1098.8166614952174	nan	nan
103.82	2.323695979842076	21.6561	3.08234	0.09294783919368305	1097.6610207624271	nan	nan
104.03	2.330355979842076	21.6371	3.08894	0.09321423919368303	1096.697986818435	nan	nan
104.22	2.336815979842076	21.6113	3.09486	0.09347263919368304	1095.390288094488	nan	nan
104.43	2.343115979842076	21.5942	3.10091	0.09372463919368304	1094.5235575448953	nan	nan
104.63	2.349215979842076	21.5662	3.10612	0.09396863919368303	1093.104349627433	nan	nan
104.84	2.356215979842076	21.5498	3.11308	0.09424863919368304	1092.273099275777	nan	nan
105.05	2.362535979842076	21.5369	3.11907	0.09450143919368305	1091.6192499138033	nan	nan
105.26	2.369805979842076	21.5174	3.12589	0.09479223919368303	1090.630872971285	nan	nan
105.46	2.376005979842076	21.4871	3.13183	0.09504023919368304	1089.0950872606033	nan	nan
105.67	2.382605979842076	21.4866	3.13728	0.09530423919368303	1089.069744262077	nan	nan
105.88	2.389935979842076	21.4605	3.14431	0.09559743919368303	1087.7468397390144	nan	nan
106.08	2.396315979842076	21.4246	3.14998	0.09585263919368303	1085.92721244484	nan	nan
106.28	2.402595979842076	21.4087	3.15638	0.09610383919368305	1085.1213050917097	nan	nan
106.49	2.409055979842076	21.3867	3.16357	0.09636223919368303	1084.006213156561	nan	nan
106.69	2.415535979842076	21.365	3.16911	0.09662143919368305	1082.906327020528	nan	nan
106.89	2.422055979842076	21.3523	3.17509	0.09688223919368305	1082.2626148579648	nan	nan
107.1	2.429005979842076	21.3322	3.18201	0.09716023919368304	1081.2438263172155	nan	nan
107.31	2.435355979842076	21.3068	3.18755	0.09741423919368303	1079.9564019920892	nan	nan
107.52	2.442545979842076	21.2873	3.19389	0.09770183919368304	1078.968025049571	nan	nan
107.72	2.448965979842076	21.2647	3.2	0.09795863919368304	1077.822521516191	nan	nan
107.93	2.455315979842076	21.2579	3.20623	0.09821263919368305	1077.477856736236	nan	nan
108.13	2.461615979842076	21.2317	3.21214	0.09846463919368303	1076.149883613468	nan	nan
108.34	2.468395979842076	21.2144	3.21896	0.09873583919368305	1075.273015864465	nan	nan
108.53	2.474905979842076	21.1813	3.22444	0.09899623919368304	1073.5953093620365	nan	nan
108.75	2.481945979842076	21.1672	3.23077	0.09927783919368303	1072.8806368036003	nan	nan
108.95	2.488385979842076	21.1499	3.2371	0.09953543919368305	1072.003769054597	nan	nan
109.15	2.494495979842076	21.1077	3.24228	0.09977983919368304	1069.8648199789936	nan	nan
109.36	2.501455979842076	21.1003	3.24902	0.10005823919368304	1069.4897436008073	nan	nan
109.57	2.507895979842076	21.0804	3.25546	0.10031583919368303	1068.4810922594684	nan	nan
109.78	2.515155979842076	21.056	3.26162	0.10060623919368304	1067.2443539313942	nan	nan
109.98	2.521645979842076	21.0406	3.2682	0.10086583919368303	1066.4637895767903	nan	nan
110.19	2.527605979842076	21.0125	3.27374	0.10110423919368303	1065.039513059623	nan	nan
110.4	2.534315979842076	21.0109	3.27975	0.10137263919368303	1064.9584154643394	nan	nan
110.59	2.540745979842076	20.9793	3.28579	0.10162983919368304	1063.3567379574895	nan	nan
110.79	2.547005979842076	20.9537	3.29134	0.10188023919368304	1062.0591764329529	nan	nan
111	2.554155979842076	20.9234	3.29875	0.10216623919368305	1060.523390722271	nan	nan
111.2	2.560265979842076	20.9074	3.30465	0.10241063919368304	1059.7124147694353	nan	nan
111.41	2.567005979842076	20.8999	3.31042	0.10268023919368303	1059.3322697915437	nan	nan
111.6	2.573555979842076	20.8694	3.31671	0.10294223919368305	1057.7863468814512	nan	nan
111.81	2.580095979842076	20.8418	3.32255	0.10320383919368303	1056.38741336281	nan	nan
112.02	2.587015979842076	20.8331	3.32952	0.10348063919368304	1055.946445188456	nan	nan
112.24	2.594245979842076	20.8048	3.3361	0.10376983919368303	1054.5120314718783	nan	nan
112.45	2.600705979842076	20.7837	3.34181	0.10402823919368304	1053.4425569340767	nan	nan
112.66	2.607955979842076	20.7575	3.34866	0.10431823919368303	1052.1145838113086	nan	nan
112.88	2.615015979842076	20.7339	3.35468	0.10460063919368304	1050.9183942808763	nan	nan
113.09	2.621315979842076	20.7153	3.36104	0.10485263919368304	1049.9756347357052	nan	nan
113.3	2.628505979842076	20.6907	3.36803	0.10514023919368304	1048.728759208221	nan	nan
113.51	2.634975979842076	20.6658	3.37354	0.10539903919368304	1047.4666778816206	nan	nan
113.71	2.641355979842076	20.6469	3.37977	0.10565423919368304	1046.5087125373338	nan	nan
113.91	2.647745979842076	20.6297	3.38586	0.10590983919368303	1045.636913388036	nan	nan
114.11	2.654035979842076	20.5888	3.39129	0.10616143919368304	1043.5638561086002	nan	nan
114.32	2.661395979842076	20.583	3.39913	0.10645583919368304	1043.2698773256975	nan	nan
114.53	2.667695979842076	20.5596	3.40481	0.10670783919368304	1042.0838249946758	nan	nan
114.72	2.673985979842076	20.529	3.41097	0.10695943919368305	1040.532833484878	nan	nan
114.93	2.680685979842076	20.5184	3.41686	0.10722743919368304	1039.9955619161246	nan	nan
115.13	2.686865979842076	20.4922	3.42261	0.10747463919368304	1038.6675887933566	nan	nan
115.33	2.693135979842076	20.4652	3.42861	0.10772543919368305	1037.299066872947	nan	nan
115.54	2.700475979842076	20.4504	3.43491	0.10801903919368304	1036.548914116574	nan	nan
115.75	2.707215979842076	20.4242	3.44128	0.10828863919368305	1035.2209409938062	nan	nan
115.97	2.714335979842076	20.3986	3.44822	0.10857343919368305	1033.9233794692693	nan	nan
116.18	2.721385979842076	20.3653	3.45458	0.10885543919368304	1032.235535767431	nan	nan
116.38	2.727785979842076	20.353	3.46057	0.10911143919368303	1031.6120980036885	nan	nan
116.59	2.734075979842076	20.3283	3.46655	0.10936303919368305	1030.3601538764988	nan	nan
116.78	2.740775979842076	20.3091	3.47265	0.10963103919368304	1029.3869827330966	nan	nan
116.98	2.747125979842076	20.2754	3.47817	0.10988503919368303	1027.678864632437	nan	nan
117.19	2.753545979842076	20.2626	3.48444	0.11014183919368303	1027.0300838701685	nan	nan
117.39	2.759985979842076	20.245	3.4909	0.11039943919368303	1026.1380103220497	nan	nan
117.6	2.766935979842076	20.2067	3.49709	0.11067743919368304	1024.19673663495	nan	nan
117.81	2.773415979842076	20.1854	3.50274	0.11093663919368303	1023.1171248977378	nan	nan
118.02	2.780555979842076	20.1554	3.50918	0.11122223919368304	1021.5965449861714	nan	nan
118.22	2.787145979842076	20.1492	3.51578	0.11148583919368305	1021.2822918044476	nan	nan
118.42	2.793505979842076	20.1178	3.52144	0.11174023919368305	1019.690751497008	nan	nan
118.64	2.799875979842076	20.0912	3.52778	0.11199503919368305	1018.3425039754193	nan	nan
118.83	2.806515979842076	20.0868	3.53403	0.11226063919368304	1018.1194855883895	nan	nan
119.03	2.813065979842076	20.0581	3.54041	0.11252263919368304	1016.6647974729909	nan	nan
119.23	2.819655979842076	20.0219	3.54591	0.11278623919368304	1014.8299643797008	nan	nan
119.43	2.826235979842076	20.012	3.5522	0.11304943919368304	1014.3281730088839	nan	nan
119.64	2.833355979842076	19.9679	3.55844	0.11333423919368305	1012.0929205388815	nan	nan
119.84	2.839905979842076	19.9539	3.56481	0.11359623919368303	1011.3833165801504	nan	nan
120.05	2.846345979842076	19.9336	3.57035	0.11385383919368303	1010.3543908399904	nan	nan
120.26	2.853265979842076	19.9039	3.57736	0.11413063919368303	1008.8490167275398	nan	nan
120.47	2.860075979842076	19.882	3.58354	0.11440303919368304	1007.7389933920963	nan	nan
120.67	2.866525979842076	19.8565	3.58949	0.11466103919368305	1006.4465004672649	nan	nan
120.87	2.872915979842076	19.8298	3.59531	0.11491663919368303	1005.0931843459707	nan	nan
121.07	2.879355979842076	19.8077	3.60077	0.11517423919368303	1003.973023811117	nan	nan
121.28	2.886625979842076	19.7852	3.60768	0.11546503919368303	1002.8325888774422	nan	nan
121.48	2.893215979842076	19.7619	3.61369	0.11572863919368304	1001.6516051461256	nan	nan
121.68	2.899735979842076	19.7269	3.62034	0.11598943919368304	999.8775952492982	nan	nan
121.89	2.906155979842076	19.7085	3.6263	0.11624623919368304	998.9449729035374	nan	nan
122.09	2.912885979842076	19.6833	3.63222	0.11651543919368304	997.6676857778216	nan	nan
122.29	2.919325979842076	19.6533	3.63748	0.11677303919368304	996.1471058662554	nan	nan
122.49	2.925545979842076	19.63	3.64375	0.11702183919368304	994.9661221349387	nan	nan
122.69	2.932025979842076	19.6121	3.64938	0.11728103919368303	994.0588427877042	nan	nan
122.9	2.938985979842076	19.5798	3.65604	0.11755943919368304	992.4216850829175	nan	nan
123.1	2.945425979842076	19.5465	3.66164	0.11781703919368304	990.733841381079	nan	nan
123.3	2.952035979842076	19.5392	3.66869	0.11808143919368304	990.3638336025978	nan	nan
123.51	2.958445979842076	19.5178	3.67481	0.11833783919368304	989.2791532656805	nan	nan
123.71	2.965205979842076	19.4946	3.68128	0.11860823919368305	988.103238134069	nan	nan
123.91	2.971555979842076	19.4658	3.68639	0.11886223919368304	986.6434814189655	nan	nan
124.11	2.978305979842076	19.4327	3.69271	0.11913223919368304	984.9657749165372	nan	nan
124.32	2.985675979842076	19.4106	3.69887	0.11942703919368304	983.845614381683	nan	nan
124.52	2.992095979842076	19.3731	3.70481	0.11968383919368303	981.9448894922253	nan	nan
124.73	2.998795979842076	19.3576	3.71072	0.11995183919368303	981.159256537916	nan	nan
124.93	3.005315979842076	19.3341	3.71697	0.12021263919368304	979.9681356071889	nan	nan
125.14	3.012175979842076	19.2893	3.72324	0.12048703919368303	977.6974029392497	nan	nan
125.35	3.018635979842076	19.2726	3.72941	0.12074543919368304	976.8509467884779	nan	nan
125.56	3.025835979842076	19.2517	3.73624	0.12103343919368305	975.7916094500865	nan	nan
125.77	3.032435979842076	19.218	3.74213	0.12129743919368303	974.0834913494269	nan	nan
125.98	3.038805979842076	19.1953	3.74767	0.12155223919368303	972.9329192163417	nan	nan
126.17	3.045215979842076	19.1751	3.75406	0.12180863919368305	971.9090620758872	nan	nan
126.39	3.052465979842076	19.1391	3.7609	0.12209863919368305	970.0843661820073	nan	nan
126.6	3.059605979842076	19.1128	3.76703	0.12238423919368303	968.7513244595341	nan	nan
126.81	3.066335979842076	19.0906	3.77309	0.12265343919368304	967.6260953249749	nan	nan
127.03	3.073745979842076	19.0563	3.78059	0.12294983919368305	965.8875656260841	nan	nan
127.24	3.080745979842076	19.0178	3.78634	0.12322983919368305	963.9361547395741	nan	nan
127.44	3.087475979842076	19.0014	3.79251	0.12349903919368303	963.1049043879177	nan	nan
127.65	3.093975979842076	18.9713	3.79853	0.12375903919368303	961.579255876646	nan	nan
127.85	3.100595979842076	18.9488	3.80525	0.12402383919368304	960.4388209429712	nan	nan
128.05	3.106965979842076	18.9104	3.81038	0.12427863919368304	958.4924786561662	nan	nan
128.26	3.114405979842076	18.9001	3.81741	0.12457623919368305	957.9704128865284	nan	nan
128.47	3.120965979842076	18.8655	3.82359	0.12483863919368304	956.2166773885219	nan	nan
128.68	3.128115979842076	18.8274	3.83027	0.12512463919368305	954.2855409008326	nan	nan
128.89	3.134565979842076	18.7983	3.83604	0.12538263919368306	952.8105783866134	nan	nan
129.1	3.141815979842076	18.7738	3.84252	0.12567263919368304	951.5687714588341	nan	nan
129.3	3.148645979842076	18.7442	3.84883	0.12594583919368305	950.0684659460885	nan	nan
129.51	3.154725979842076	18.7108	3.85468	0.12618903919368304	948.3755536445445	nan	nan
129.72	3.161885979842076	18.6979	3.8612	0.12647543919368304	947.7217042825712	nan	nan
129.93	3.168665979842076	18.6672	3.86726	0.12674663919368304	946.1656441730681	nan	nan
130.14	3.176045979842076	18.6326	3.87428	0.12704183919368306	944.4119086750615	nan	nan
130.34	3.182935979842076	18.6053	3.88044	0.12731743919368305	943.0281809555361	nan	nan
130.55	3.189205979842076	18.5661	3.88625	0.12756823919368304	941.0412898710894	nan	nan
130.76	3.196405979842076	18.5397	3.89291	0.12785623919368302	939.7031795489111	nan	nan
130.97	3.202635979842076	18.5122	3.8985	0.12810543919368303	938.3093146299751	nan	nan
131.17	3.209505979842076	18.499	3.90465	0.12838023919368305	937.6402594688859	nan	nan
131.38	3.216735979842076	18.4533	3.91151	0.12866943919368304	935.3239094035997	nan	nan
131.59	3.223205979842076	18.4167	3.91783	0.12892823919368304	933.4688019114886	nan	nan
131.79	3.230185979842076	18.3997	3.924	0.12920743919368305	932.6071399616012	nan	nan
132	3.237395979842076	18.3637	3.93082	0.12949583919368304	930.7824440677216	nan	nan
132.2	3.243835979842076	18.3328	3.9362	0.12975343919368304	929.2162467588081	nan	nan
132.41	3.250155979842076	18.3127	3.94222	0.13000623919368304	928.1974582180587	nan	nan
132.63	3.257325979842076	18.2758	3.94899	0.13029303919368304	926.3271449268319	nan	nan
132.85	3.264505979842076	18.2467	3.9557	0.13058023919368306	924.8521824126126	nan	nan
133.05	3.271175979842076	18.2094	3.96174	0.13084703919368304	922.961594722565	nan	nan
133.26	3.278705979842076	18.1922	3.96873	0.13114823919368304	922.089795573267	nan	nan
133.46	3.285545979842076	18.1606	3.97475	0.13142183919368303	920.488118066417	nan	nan
133.66	3.292175979842076	18.1258	3.9806	0.13168703919368305	918.7242453690002	nan	nan
133.87	3.298585979842076	18.0899	3.98623	0.13194343919368304	916.9046180748257	nan	nan
134.07	3.304915979842076	18.0682	3.99258	0.13219663919368305	915.8047319387927	nan	nan
134.29	3.312345979842076	18.0244	3.99957	0.13249383919368304	913.5846852679058	nan	nan
134.47	3.318185979842076	17.9941	4.00431	0.13272743919368304	912.0488995572235	nan	nan
134.69	3.325695979842076	17.971	4.01086	0.13302783919368305	910.8780530253175	nan	nan
134.9	3.332695979842076	17.9222	4.01687	0.13330783919368305	908.4045763691696	nan	nan
135.11	3.339505979842076	17.9046	4.02326	0.13358023919368303	907.5125028210505	nan	nan
135.31	3.346805979842076	17.8657	4.02974	0.13387223919368305	905.5408175357195	nan	nan
135.52	3.353465979842076	17.8323	4.03635	0.13413863919368305	903.8479052341755	nan	nan
135.72	3.360025979842076	17.8075	4.04214	0.13440103919368304	902.5908925072807	nan	nan
135.93	3.367305979842076	17.7638	4.04865	0.13469223919368303	900.3759144360989	nan	nan
136.14	3.374135979842076	17.7332	4.05476	0.13496543919368303	898.8249229263014	nan	nan
136.35	3.381505979842076	17.699	4.06147	0.13526023919368305	897.0914618271156	nan	nan
136.55	3.388075979842076	17.6567	4.06706	0.13552303919368305	894.9474441518071	nan	nan
136.75	3.395065979842076	17.6414	4.07401	0.13580263919368304	894.1719483969082	nan	nan
136.95	3.402045979842076	17.5843	4.07955	0.13608183919368305	891.2777779652267	nan	nan
137.16	3.408935979842076	17.5515	4.08569	0.13635743919368304	889.6152772619142	nan	nan
137.37	3.415925979842076	17.4934	4.09152	0.13663703919368303	886.6704208331807	nan	nan
137.58	3.422725979842076	17.463	4.09775	0.13690903919368305	885.1295665227934	nan	nan
137.78	3.429795979842076	17.4074	4.10349	0.13719183919368302	882.3114250866902	nan	nan
