Specimen name:	AWA_3_10_Rz
Specimen ID:	46NTAJ
Material:	42CrMoS4
Specimen type:	Round Tensile Specimen
Gauge diameter:	5.005	mm
Gauge length:	25	mm
Parallel length:	30	mm
Original cross-section:	19.674243628060164	mm²
Cross-section after fracture:	10.009821052684138	mm²
Yield stress at 0.2% plastic strain:	1082.6551017869408	MPa
Yield stress at 1% plastic strain:	1127.0550004870347	MPa
Ultimate tensile strength:	1182.291956923045	MPa
Uniform elongation:	5.200818538703827	%
Elongation after fracture:	13.533600370421366	%
Reduction of area:	49.12220646486381	%
Slope of linear-elastic region:	212446.85529570933	MPa
Crosshead seperation speed:	0.02995686455964125	mm/s
Strain rate:	0.0009985621519880417	s-1
Test temperature:	RT	Cel
Machine type:	INSTRON 8852TT
Standard:	DIN EN ISO 6892-1
Date:	2022-09-06 00:00:00
Heat treatment batch:	Batch 3
Time	Displacement	Force	Machine Displacement	Engineering Strain	Engineering Stress	True Strain	True Stress
s	mm	kN	mm		MPa		MPa
0	0.0008851069374262132	0.146276	0	3.540427749704853e-05	7.434898274380191	3.5403650780401715e-05	7.4351615015818595
0.23	0.0009780591374262133	0.150268	-8.3924e-05	3.912236549704853e-05	7.637803152222939	3.912160023718665e-05	7.638101961149454
0.440001	0.0009529158374262133	0.151191	1.5258e-05	3.811663349704853e-05	7.684717281042793	3.811590707664957e-05	7.685010196594923
0.660001	0.0008418552374262132	0.147212	-0.000106812	3.367420949704853e-05	7.482473165577791	3.367364253360526e-05	7.482725131946725
0.880001	0.0007913731374262133	0.14431	-0.0002594	3.165492549704853e-05	7.334970671715151	3.1654424490478696e-05	7.335202859665287
1.09	0.0012806909374262132	0.220812	0.00520325	5.122763749704853e-05	11.223404781115418	5.122632540648593e-05	11.223979729627029
1.3	0.0018019919374262132	0.320385	0.0111542	7.207967749704853e-05	16.28448879951118	7.207707988198535e-05	16.285662580212055
1.5	0.002322376937426213	0.418439	0.0176086	9.289507749704853e-05	21.268365275461274	9.28907630164729e-05	21.270341001901773
1.7	0.002936896937426213	0.530729	0.0237579	0.00011747587749704852	26.975827382916712	0.00011746897774657588	26.97899639190973
1.9	0.003514476937426213	0.641036	0.0294418	0.00014057907749704852	32.582497813828525	0.00014056919718454487	32.58707823131375
2.11	0.0042456469374262135	0.77173	0.0362396	0.00016982587749704854	39.22539613666921	0.00016981145871524075	39.2320576239883
2.32	0.004853976937426213	0.896733	0.0421906	0.00019415907749704853	45.57903302168348	0.00019414023106272452	45.587882604688176
2.52	0.005615826937426213	1.02611	0.0480041	0.0002246330774970485	52.154991032871145	0.00022460785126503441	52.16670676901369
2.72	0.006176476937426213	1.16017	0.0540619	0.00024705907749704854	58.968975983672415	0.0002470285634288641	58.983544804479884
2.92	0.006908036937426213	1.29954	0.0599289	0.0002763214774970485	66.05285695184469	0.00027628330774879937	66.07110877487052
3.12	0.007788056937426213	1.44539	0.0655594	0.0003115222774970485	73.46610255138495	0.00031147376450727974	73.48898887897059
3.33	0.008417876937426214	1.58571	0.0715103	0.00033671507749704856	80.59827000100778	0.0003366584016974409	80.6254086537373
3.53	0.009293076937426214	1.74053	0.0776672	0.00037172307749704856	88.46744164119168	0.00037165400559048935	88.50032703085684
3.73001	0.010246696937426213	1.90833	0.0842285	0.0004098678774970485	96.9963591016158	0.0004097839046029923	97.03611479344572
3.93001	0.011112506937426212	2.05042	0.0896606	0.0004445002774970485	104.21849189036229	0.00044440151651385353	104.26481703892789
4.13001	0.011942606937426213	2.22286	0.0960159	0.0004777042774970485	112.98325069176592	0.00047759021313325634	113.03722327390689
4.34001	0.012880606937426212	2.40048	0.102554	0.0005152242774970485	122.01129788676313	0.0005150915950411926	122.07416106956332
4.54001	0.013841106937426214	2.5536	0.108902	0.0005536442774970485	129.79406213908814	0.0005534910730487228	129.86592187884455
4.74001	0.014852106937426213	2.71523	0.114334	0.0005940842774970485	138.00937160945972	0.0005939078792927221	138.09136080728013
4.96001	0.015932506937426216	2.90171	0.121048	0.0006373002774970486	147.48775377882734	0.0006370972879142056	147.58174776523802
5.16001	0.016869806937426214	3.07141	0.126907	0.0006747922774970486	156.11324420215254	0.000674564707557324	156.21858821375517
5.37001	0.017683106937426214	3.24041	0.132828	0.0007073242774970485	164.70315511282996	0.0007070742415776919	164.81965365302165
5.57001	0.01875780693742621	3.41094	0.138573	0.0007503122774970485	173.3708326725804	0.0007500309339616626	173.50091493689453
5.77001	0.019942406937426212	3.6043	0.144722	0.0007976962774970485	183.19891062340045	0.0007973782869169492	183.34504771244627
5.99001	0.021003206937426213	3.79737	0.151558	0.0008401282774970486	193.0122484904093	0.000839775567269762	193.17440353826936
6.19001	0.022116206937426212	3.97484	0.157547	0.0008846482774970485	202.03267150412483	0.0008842572068326832	202.2113993589691
6.40001	0.023368606937426213	4.19002	0.164299	0.0009347442774970485	212.96981369205125	0.0009343076761173786	213.1688860066795
6.60001	0.024451506937426214	4.35876	0.17025	0.0009780602774970486	221.5465093551738	0.0009775822881867794	221.76319519559226
6.80001	0.025314306937426215	4.53174	0.175713	0.0010125722774970486	230.33871520919146	0.0010120599719901182	230.57194980664656
7.02001	0.02666140693742621	4.74727	0.182075	0.0010664562774970485	241.2936471534418	0.0010658880169820005	241.55097627816878
7.22001	0.027885706937426213	4.9502	0.188507	0.0011154282774970485	251.60814787003216	0.0011148066495871697	251.88879871301503
7.44001	0.028869906937426214	5.13572	0.194374	0.0011547962774970486	261.03773527919714	0.0011541300131596096	261.3391806841838
7.64001	0.030089206937426213	5.34385	0.201202	0.0012035682774970485	271.6165409468852	0.0012028445698273509	271.94344999921236
7.86001	0.031423006937426216	5.56266	0.207466	0.0012569202774970487	282.73818832182803	0.0012561310144962483	283.09356768395253
8.08001	0.032472206937426216	5.76954	0.214188	0.0012988882774970486	293.2534591455023	0.0012980454518637062	293.6343626259219
8.29001	0.03372950693742622	5.97027	0.220284	0.0013491802774970487	303.4561385366282	0.001348270951590876	303.86555557382724
8.49001	0.03497050693742622	6.15931	0.225822	0.0013988202774970488	313.06464006653624	0.001397842839812941	313.5025612332286
8.69001	0.03606440693742621	6.35143	0.231995	0.0014425762774970484	322.8296914520945	0.0014415367639371126	323.29539790665496
8.89001	0.03699720693742622	6.53997	0.237404	0.0014798882774970487	332.41277904439704	0.0014787943219951364	332.90471281939506
9.10001	0.038546506937426214	6.77437	0.245659	0.0015418602774970485	344.326832993881	0.001540672831366681	344.8577368601506
9.30001	0.039438206937426216	6.95417	0.250778	0.0015775282774970487	353.46568495683846	0.0015762852868274498	354.0232870699827
9.50001	0.04080090693742622	7.1626	0.256874	0.0016320362774970487	364.05973898708993	0.0016307059535195295	364.653897688293
9.70001	0.041868106937426215	7.35432	0.26284	0.0016747242774970486	373.80445922256376	0.001673323490530778	374.43047862546047
9.92001	0.04340780693742621	7.61743	0.270485	0.0017363122774970486	387.1777814693586	0.0017348066299322843	387.85004300489794
10.14	0.044617806937426216	7.80732	0.27578	0.0017847122774970487	396.82948669319615	0.0017831215708947858	397.5377131501703
10.35	0.04584860693742622	8.0066	0.282097	0.0018339442774970489	406.958465665266	0.0018322646549331655	407.7048048145518
10.55	0.046982106937426216	8.21966	0.288368	0.0018792842774970487	417.7878527577449	0.0018775206320476561	418.5729949007618
10.75	0.04816000693742622	8.41458	0.293732	0.0019264002774970488	427.6952221938943	0.0019245471480135539	428.51913438861277
10.95	0.04952190693742622	8.64187	0.300751	0.0019808762774970487	439.24788995062727	0.001978916929141504	440.11798567577114
11.15	0.050592206937426214	8.82429	0.306038	0.0020236882774970484	448.5199109466377	0.002021643378735218	449.42757543264446
11.36	0.05193640693742622	9.04537	0.3125	0.002077456277497049	459.7569375983098	0.0020753013492013127	460.7120625344462
11.56	0.05311590693742622	9.24921	0.318497	0.002124636277497049	470.1176916813422	0.0021223824296812913	471.1165207837816
11.76	0.05423920693742622	9.45383	0.324265	0.0021695682774970485	480.51809150703934	0.0021672181627841575	481.5606083151365
11.97	0.05564940693742622	9.64916	0.32975	0.002225976277497049	490.4463003720253	0.002223502462724822	491.5380222020396
12.17	0.05676300693742622	9.86004	0.336182	0.0022705202774970486	501.16488269654394	0.002267946541408899	502.3027877250759
12.38	0.05825860693742622	10.0845	0.342178	0.0023303442774970486	512.5737075664296	0.002327633236227403	513.7681807726525
12.58	0.059400806937426213	10.3023	0.348701	0.0023760322774970485	523.6440187874091	0.0023732139761723278	524.8882138779662
12.78	0.06048780693742622	10.4904	0.354584	0.0024195122774970487	533.2047421146186	0.0024165899704226075	534.4948375345846
12.98	0.061835106937426214	10.7025	0.360596	0.0024734042774970486	543.985334446895	0.002470350447670965	545.3308301000116
13.19	0.0631531069374262	10.9188	0.366959	0.002526124277497048	554.9794038550577	0.002522938988726784	556.3813508006468
13.39	0.06430200693742621	11.1089	0.372902	0.002572080277497049	564.6417829326897	0.0025687781400499194	566.0940869264217
13.59	0.06547750693742621	11.3107	0.378738	0.0026191002774970484	574.8988481502915	0.0026156764113614986	576.4045658830147
13.79	0.06659840693742622	11.4963	0.384483	0.0026639362774970488	584.3325017894733	0.0026603942882795864	585.8891263391108
13.99	0.06785690693742621	11.7096	0.390259	0.0027142762774970486	595.1740875720029	0.002710599281727156	596.7895544788805
14.21	0.06923420693742621	11.9509	0.397766	0.0027693682774970487	607.4388538604436	0.002765540642294633	609.1210757528438
14.43	0.07080190693742622	12.1854	0.404236	0.0028320762774970486	619.3579905974485	0.0028280735051332286	621.1120596698978
14.63	0.07182010693742621	12.3616	0.409485	0.0028728042774970484	628.3138622096459	0.0028686856613884468	630.1188849606125
14.85	0.07332750693742622	12.6075	0.416428	0.002933100277497049	640.8124367240578	0.002928807131647609	642.6920038600366
15.07	0.07456960693742622	12.8357	0.423248	0.002982784277497049	652.4113578472328	0.0029783446026778273	654.35736018788
15.28	0.07579480693742621	13.0434	0.429634	0.0030317922774970485	662.9683075285801	0.003027205663392426	664.9782897235705
15.48	0.07706150693742622	13.2491	0.435555	0.0030824602774970488	673.4236014595053	0.003077719237029949	675.4994029609333
15.68	0.07833290693742621	13.44	0.44072	0.0031333162774970485	683.126642837306	0.003128417671969306	685.2670946669001
15.88	0.07951740693742622	13.6475	0.446861	0.0031806962774970486	693.6734269436112	0.00317564856375607	695.8797914304893
16.08	0.08075080693742621	13.8641	0.453087	0.0032300322774970486	704.6827447143374	0.003224826929190236	706.9588927251599
16.3	0.08195980693742622	14.069	0.459679	0.0032783922774970485	715.0973763450936	0.0032730300659601897	717.4417460613618
16.51	0.08324720693742621	14.2803	0.465462	0.0033298882774970484	725.837306377201	0.003324356476311737	728.2542635150764
16.71	0.08460410693742622	14.4946	0.472618	0.0033841642774970486	736.7297200349417	0.0033784508799903222	739.2229344356543
16.91	0.08566970693742622	14.6851	0.47876	0.003426788277497049	746.412430262658	0.0034209302176201406	748.97022762886
17.11	0.08676810693742622	14.8552	0.483879	0.003470724277497049	755.0582518360676	0.0034647152138465305	757.6788508416395
17.33	0.08820330693742622	15.0942	0.490967	0.0035281322774970486	767.2061140115227	0.0035219230192504664	769.9129186658599
17.54	0.08950820693742621	15.303	0.497101	0.0035803282774970486	777.8189743556022	0.0035739341596920573	780.6038216242614
17.74	0.09090060693742621	15.538	0.504227	0.0036360242774970486	789.7635250302129	0.0036294299212161125	792.6351243807045
17.94	0.09185930693742622	15.7011	0.509178	0.0036743722774970487	798.0535514771448	0.003667638262158689	800.9858973226504
18.14	0.09314680693742622	15.907	0.515747	0.0037258722774970486	808.5190109831121	0.003718948408355078	811.5314495519635
18.36	0.09449120693742621	16.1244	0.522514	0.0037796482774970484	819.5689910540074	0.003772523354438305	822.6666735793345
18.57	0.09574590693742621	16.3492	0.528893	0.0038298362774970484	830.9950974014645	0.003822521125814342	834.1776725719149
18.77	0.09702330693742621	16.5376	0.534752	0.0038809322774970485	840.5710690912376	0.003873420887683707	843.8332684848041
18.97	0.09815370693742621	16.7477	0.541138	0.003926148277497049	851.2500056730914	0.003918461071519601	854.5921394165842
19.17	0.09938060693742622	16.9195	0.54628	0.003975224277497049	859.9822346343601	0.0039673439506097835	863.4008568916948
19.39	0.10088450693742622	17.1584	0.55307	0.004035380277497049	872.1250140222941	0.004027259968863388	875.6443701033915
19.59	0.10194910693742622	17.3638	0.559265	0.004077964277497049	882.565059590656	0.004069671917493541	886.1641283762337
19.8	0.10310810693742621	17.555	0.565399	0.004124324277497048	892.2833493310198	0.004115842565014929	895.9634152110722
20	0.10450610693742622	17.7664	0.571747	0.004180244277497049	903.0283621506484	0.004171531329448267	906.803241293946
20.2	0.10563310693742621	17.9427	0.577309	0.004225324277497049	911.9893165503668	0.004216422660873956	915.8427671504049
20.42	0.10692110693742622	18.1462	0.583771	0.004276844277497049	922.3327891558276	0.004267724572136852	926.2774628670766
20.63	0.10820510693742622	18.3647	0.59008	0.004328204277497048	933.438679889455	0.004318864541189701	937.4787931765337
20.83	0.10948810693742622	18.5628	0.596306	0.004379524277497049	943.5076819687756	0.004369962069497775	947.6397967679629
21.03	0.11079910693742621	18.7836	0.602806	0.004431964277497049	954.7304768153884	0.004422172045705713	958.961808183272
21.23	0.11169910693742621	18.9414	0.608955	0.004467964277497048	962.7511155237016	0.004458012556715809	967.0526531159819
21.45	0.11332310693742621	19.1747	0.616478	0.004532924277497049	974.6092588104533	0.004522681517683134	979.0270887807885
21.65	0.11441410693742622	19.3428	0.621391	0.004576564277497049	983.1534246334406	0.004566123649887061	987.6528894759169
21.86	0.11568810693742622	19.537	0.627701	0.004627524277497049	993.0241979994381	0.004616850204049732	997.6194415838227
22.06	0.11722510693742622	19.7299	0.633255	0.004689004277497049	1002.8288951276611	0.004678045141875914	1007.5311641065123
22.26	0.11834710693742621	19.9361	0.639847	0.004733884277497049	1013.3096029961916	0.004722714683825715	1018.1064933940521
22.47	0.11981610693742621	20.1298	0.646172	0.004792644277497048	1023.1549624245836	0.004781196121300378	1028.0585802002404
22.67	0.12134410693742621	20.317	0.652893	0.004853764277497049	1032.6699406641033	0.004842022742101614	1037.6822771325437
22.87	0.12291210693742621	20.4751	0.65834	0.004916484277497048	1040.7058277349797	0.0049044378366284915	1045.8224415745383
23.07	0.12456410693742621	20.6511	0.664749	0.004982564277497049	1049.6515337721346	0.004970192382928888	1054.8814900081275
23.29	0.12683210693742622	20.7996	0.670761	0.005073284277497049	1057.1994732409846	0.005060458531629985	1062.5629467067563
23.5	0.1293691069374262	20.92	0.67675	0.005174764277497048	1063.3191494164018	0.005161421196570012	1068.8215753663803
23.7	0.13288710693742622	21.0421	0.683708	0.005315484277497049	1069.5252329796785	0.0053014069541043336	1075.2102775399683
23.9	0.13649210693742622	21.0767	0.68927	0.005459684277497049	1071.2838774619827	0.0054448342278267	1077.132749204498
24.1	0.1410071069374262	21.1062	0.695305	0.0056402842774970485	1072.7832997807104	0.005624437433345331	1078.8341025596249
24.31	0.14628510693742622	21.1306	0.702309	0.005851404277497049	1074.0234999358615	0.005834351301721307	1080.3080456375187
24.51	0.15114410693742622	21.1402	0.708031	0.006045764277497049	1074.5114475378882	0.0060275619723683385	1081.0076904631746
24.71	0.15602910693742622	21.1715	0.713974	0.006241164277497049	1076.1023600319959	0.0062217688698453484	1082.818491640358
24.91	0.16072010693742622	21.1994	0.719841	0.0064288042774970485	1077.520457750386	0.0064082276569046095	1084.4476258782622
25.13	0.16588210693742622	21.2295	0.726357	0.006635284277497049	1079.0503767942403	0.006613367673954151	1086.2101827940103
25.35	0.17110210693742622	21.263	0.733582	0.006844084277497049	1080.7531106138124	0.006820769849520848	1088.1498759860203
25.56	0.1753841069374262	21.2917	0.738838	0.007015364277497048	1082.211870632371	0.006990871095202005	1089.8039811302888
25.76	0.17989510693742622	21.3379	0.745049	0.007195804277497049	1084.5601184671245	0.00717003801007141	1092.3644008067931
25.96	0.18470110693742622	21.3775	0.751312	0.007388044277497049	1086.5729023254844	0.00736088635894627	1094.6005510385935
26.16	0.18881210693742623	21.3998	0.757111	0.007552484277497049	1087.706363942692	0.007524107057557202	1095.9212491549026
26.38	0.19343710693742622	21.4422	0.763542	0.007737484277497049	1089.861465851643	0.00770770346641782	1098.29425180832
26.58	0.1976231069374262	21.4674	0.768997	0.007904924277497049	1091.1423283069632	0.007873844047380497	1099.7677257882017
26.8	0.2024721069374262	21.5077	0.776398	0.008098884277497049	1093.1906916779708	0.00806626431938118	1102.0443165831075
27	0.2069471069374262	21.5369	0.78212	0.008277884277497049	1094.6748656341351	0.008243810503469229	1103.7364574933392
27.21	0.21192810693742622	21.5714	0.788597	0.008477124277497049	1096.4284273289186	0.008441395237165642	1105.7229873687666
27.41	0.21606210693742622	21.588	0.79425	0.008642484277497049	1097.2721700574227	0.008605351801435911	1106.755327535279
27.62	0.2206531069374262	21.6299	0.800003	0.008826124277497049	1099.4018580287682	0.008787401722538423	1109.1053154586411
27.82	0.2251801069374262	21.6523	0.806229	0.00900720427749705	1100.540402433497	0.00896688136332316	1110.4531946538546
28.02	0.22994010693742623	21.6718	0.811974	0.00919760427749705	1101.5315460001136	0.009155563899166604	1111.6629972594021
28.22	0.2343601069374262	21.6901	0.817963	0.009374404277497049	1102.4616961164772	0.009330737239233519	1112.7966177563283
28.42	0.23917610693742622	21.7258	0.824387	0.009567044277497048	1104.2762512615136	0.009521569916151981	1114.840911051921
28.63	0.24428710693742622	21.7578	0.830887	0.009771484277497048	1105.9027432682692	0.009724052063456565	1116.7090545365559
28.83	0.2487381069374262	21.7711	0.836929	0.009949524277497047	1106.578754008577	0.009900353641453741	1117.5886861865479
29.03	0.25326210693742623	21.7984	0.842781	0.01013048427749705	1107.9663550018402	0.010079514862512013	1119.190590741182
29.25	0.2584161069374262	21.8046	0.849617	0.010336644277497049	1108.2814878281492	0.010283586483180222	1119.737399327164
29.45	0.2630491069374262	21.836	0.85511	0.01052196427749705	1109.8774831097778	0.010466993674296807	1121.555574339457
29.66	0.2679301069374262	21.861	0.861557	0.010717204277497047	1111.1481799900555	0.0106601820941975	1123.056582017578
29.86	0.2727341069374262	21.8673	0.86702	0.01090936427749705	1111.4683956038855	0.010850286442416642	1123.5938092144536
30.06	0.2772591069374262	21.8861	0.872849	0.01109036427749705	1112.4239596578543	0.011029317129639126	1124.7611466014757
30.27	0.2826361069374262	21.9123	0.879608	0.011305444277497047	1113.7556499883854	0.01124201535607045	1126.3471524280767
30.47	0.2875731069374262	21.932	0.886192	0.011502924277497049	1114.7569591300444	0.011437268652128775	1127.5799240187303
30.68	0.2922541069374262	21.9485	0.891953	0.011690164277497049	1115.5956190710276	0.011622362207058154	1128.637115125224
30.88	0.2969941069374262	21.9602	0.897728	0.011879764277497049	1116.1903052109976	0.011809753804333094	1129.4503829257317
31.08	0.30180110693742623	21.9739	0.903435	0.01207204427749705	1116.8866471013898	0.011999758328912948	1130.369752158143
31.28	0.3067341069374262	21.9842	0.909302	0.012269364277497048	1117.4101742160642	0.012194705682942354	1131.1200866909026
31.48	0.3117151069374262	22.0068	0.915123	0.012468604277497049	1118.5588841958352	0.012391511396804888	1132.5057522839518
31.69	0.3170471069374262	22.0206	0.921761	0.012681884277497049	1119.2603088737487	0.012602142658030889	1133.4546385872811
31.89	0.3220371069374262	22.0402	0.927727	0.012881484277497048	1120.2565352278862	0.012799223631892134	1134.6871021731877
32.09	0.3267071069374262	22.0461	0.933617	0.013068284277497049	1120.5564196916318	0.012983630968568026	1135.2001695331362
32.29	0.3315961069374262	22.0597	0.939484	0.013263844277497048	1121.247678794503	0.013176649672512381	1136.1197334025383
32.51	0.3368321069374262	22.0714	0.945801	0.013473284277497048	1121.842364934473	0.013383326698155805	1136.9572660317745
32.72	0.3418301069374262	22.0853	0.951889	0.01367320427749705	1122.5488723999074	0.013580569474419775	1137.8977124437051
32.92	0.3466891069374262	22.0985	0.957954	0.013867564277497049	1123.219800352694	0.013772289417722234	1138.7961231318423
33.12	0.3515381069374262	22.1125	0.963623	0.014061524277497049	1123.9313906056495	0.013963578158227154	1139.735579140892
33.33	0.3571011069374262	22.1313	0.971062	0.014284044277497047	1124.8869546596184	0.014182988503626148	1140.954889727155
33.53	0.3618991069374262	22.1462	0.976997	0.014475964277497049	1125.644290000264	0.014372187817259319	1141.9390765314763
33.73	0.3666981069374262	22.155	0.98304	0.014667924277497048	1126.0915753021216	0.014561390763048772	1142.6090012581803
33.93	0.3719061069374262	22.1649	0.988976	0.014876244277497048	1126.5947712667116	0.014766678239871671	1143.354270285826
34.13	0.3766301069374262	22.1686	0.994614	0.015065204277497048	1126.7828344049929	0.014952851097892095	1143.758047981681
34.35	0.3818621069374262	22.1744	1.00101	0.01527448427749705	1127.0776360812172	0.015159003794330892	1144.2931657130582
34.57	0.3872551069374262	22.1967	1.00734	0.015490204277497048	1128.211097698425	0.015371455785472249	1145.6873180699129
34.77	0.3922741069374262	22.2096	1.01346	0.015690964277497048	1128.866777288648	0.01556913386930007	1146.5797855651374
34.98	0.3971581069374262	22.2179	1.01901	0.015886324277497046	1129.2886486529005	0.015761457342990132	1147.228894328297
35.18	0.4020921069374262	22.2321	1.02511	0.016083684277497047	1130.0104044808982	0.015955712179222464	1148.1851350568556
35.38	0.40707810693742624	22.2392	1.03102	0.01628312427749705	1130.371282394897	0.01615197596369358	1148.7772584658467
35.58	0.4121561069374262	22.2563	1.03706	0.01648624427749705	1131.240439061007	0.016351821557412383	1149.8903452759498
35.7901	0.4176611069374262	22.2738	1.04386	0.016706444277497047	1132.1299268772016	0.016568426704677043	1151.0437924154623
35.9901	0.42272610693742624	22.2787	1.04944	0.01690904427749705	1132.378983465736	0.016767677744817563	1151.526429836065
36.1901	0.4274761069374262	22.277	1.05511	0.017099044277497047	1132.292576077877	0.01695450099455943	1151.6536969713136
36.4001	0.4323081069374262	22.2893	1.06081	0.017292324277497047	1132.9177589429735	0.01714451359839659	1152.5085402103505
36.6001	0.43726810693742624	22.3083	1.06706	0.01749072427749705	1133.8834885719846	0.01733952210386825	1153.7159320334038
36.8001	0.44215810693742624	22.314	1.07345	0.01768632427749705	1134.173207460688	0.017531741253294084	1154.2325625946864
37.0001	0.4470331069374262	22.3242	1.07932	0.017881324277497047	1134.6916517878415	0.017723334002112914	1154.9814411684288
37.2201	0.45237210693742624	22.3344	1.08573	0.018094884277497048	1135.2100961149945	0.017933120344296897	1155.7515914348417
37.4401	0.4576931069374262	22.3475	1.09233	0.018307724277497047	1135.8759412802601	0.018142155630227832	1156.6712448266615
37.6401	0.4628921069374262	22.3597	1.09828	0.018515684277497047	1136.4960413578358	0.01834635595495816	1157.5390432422425
37.8501	0.4682951069374262	22.3656	1.10451	0.018731804277497047	1136.7959258215812	0.01855852458152417	1158.0901646075272
38.0501	0.4732641069374262	22.3768	1.1108	0.01893056427749705	1137.3651980239456	0.01875361087618965	1158.8961630121262
38.2501	0.47794610693742623	22.3763	1.11643	0.019117844277497048	1137.3397840863402	0.018937394538776874	1159.083268969105
38.4701	0.4833801069374262	22.3917	1.12267	0.019335204277497048	1138.1225333645912	0.019150654295706584	1160.128365040018
38.6701	0.48835310693742623	22.4073	1.12892	0.01953412427749705	1138.9154482178844	0.019345782053866778	1161.163164124934
38.8801	0.4934391069374262	22.4129	1.1345	0.01973756427749705	1139.2000843190667	0.01954530426742626	1161.6851192082445
39.0801	0.49826410693742623	22.4203	1.14065	0.01993056427749705	1139.576210595629	0.019734550741275548	1162.2886075100116
39.2801	0.5031101069374262	22.4306	1.14649	0.020124404277497048	1140.0997377103033	0.0199245848369948	1163.043565748654
39.4901	0.5086391069374262	22.4409	1.15293	0.02034556427749705	1140.6232648249777	0.020141358427661855	1163.8298887758829
39.6901	0.5136721069374262	22.4565	1.15923	0.020546884277497048	1141.416179678271	0.020338644669565947	1164.868725834583
39.8901	0.5185141069374262	22.4685	1.16533	0.020740564277497046	1142.0261141808044	0.02052840726348039	1165.7123802085516
40.0901	0.5233951069374262	22.4732	1.17129	0.02093580427749705	1142.2650051942965	0.020719661865435873	1166.1792417760782
40.3101	0.5289071069374262	22.4802	1.17773	0.021156284277497047	1142.6208003207744	0.020935597279996734	1166.794410793742
40.5101	0.5336741069374261	22.4772	1.18309	0.021346964277497046	1142.468316695141	0.021122309345878488	1166.8565470398044
40.7201	0.5387231069374262	22.4982	1.18948	0.021548924277497047	1143.5357020745744	0.02132002867341685	1168.177666327194
40.9201	0.5436031069374262	22.5094	1.1955	0.021744124277497046	1144.1049742769387	0.021511092799761045	1168.982535024119
41.1201	0.5482921069374261	22.5101	1.20182	0.021931684277497046	1144.1405537895866	0.021694644417626793	1169.2334831843805
41.3401	0.5534721069374262	22.526	1.20792	0.022138884277497047	1144.948717005443	0.02189737714505519	1170.2966041548952
41.5401	0.5585641069374262	22.535	1.21413	0.02234256427749705	1145.4061678823432	0.02209662571326092	1170.997478812096
41.7501	0.5640371069374261	22.556	1.22137	0.022561484277497046	1146.4735532617765	0.02231073844973974	1172.3396983082582
41.9501	0.5689021069374262	22.5557	1.22709	0.022756084277497046	1146.458304899213	0.02250102674880776	1172.547206706136
42.1501	0.5738691069374262	22.5629	1.23324	0.02295476427749705	1146.824265600733	0.022695267299240405	1173.1493462853114
42.3601	0.5785841069374261	22.5693	1.23853	0.023143364277497046	1147.1495640020842	0.02287961818437348	1173.6984642425562
42.5601	0.5833971069374262	22.5848	1.24503	0.023335884277497047	1147.9373960678565	0.023067765707202263	1174.7255303003074
42.7701	0.5889441069374262	22.5822	1.25141	0.023557764277497048	1147.8052435923075	0.023284562511497093	1174.8449689573304
42.9701	0.5938881069374261	22.5992	1.25764	0.023755524277497043	1148.6693174708964	0.023477752290238258	1175.9565593288921
43.1701	0.5987581069374261	22.6	1.2632	0.023950324277497045	1148.7099797710653	0.02366801399284086	1176.2219562873793
43.3701	0.6038051069374262	22.6214	1.26938	0.024152204277497046	1149.797696300583	0.023865152561676425	1177.5678451394303
43.5701	0.6088641069374262	22.6191	1.27543	0.02435456427749705	1149.6807921875973	0.02406272086241562	1177.6807669395337
43.7801	0.6137601069374261	22.6372	1.2812	0.024550404277497044	1150.6007767289184	0.02425388639093175	1178.8484909596154
43.9801	0.6186451069374261	22.645	1.28727	0.024745804277497046	1150.9972341555651	0.024444586007489284	1179.4795864359191
44.1801	0.6233771069374262	22.6417	1.29365	0.02493508427749705	1150.8295021673684	0.024629278172591685	1179.525532792942
44.3801	0.6281491069374262	22.651	1.29955	0.025125964277497047	1151.3022014068317	0.024815497017816844	1180.2297793919834
44.6001	0.6337021069374261	22.6667	1.30589	0.025348084277497046	1152.1001990476461	0.025032149358308997	1181.3037319892271
44.8001	0.6385751069374261	22.6727	1.31242	0.025543004277497047	1152.405166298913	0.02522223258766685	1181.841056391096
45.0201	0.6439731069374262	22.6807	1.31905	0.025758924277497045	1152.8117893006017	0.02543275254847006	1182.5069808874018
45.2301	0.6493451069374262	22.6894	1.32527	0.02597380427749705	1153.2539918149382	0.025642214529355747	1183.2083852805815
45.4301	0.6539961069374262	22.6915	1.33096	0.026159844277497048	1153.3607303528818	0.025823528256793203	1183.5324674546935
45.6301	0.6590411069374261	22.7083	1.33728	0.026361644277497046	1154.2146386564284	0.026020164444794547	1184.6416343805688
45.8401	0.6637251069374261	22.7129	1.3435	0.026549004277497047	1154.4484468823996	0.026202695526361147	1185.09790363683
46.0401	0.6686241069374261	22.7244	1.34975	0.026744964277497046	1155.032967447327	0.02639356931608251	1185.9242829010373
46.2401	0.6733521069374262	22.7184	1.35516	0.026934084277497047	1154.7280001960605	0.026577746099370626	1185.8295414709269
46.4401	0.6781721069374261	22.7373	1.36129	0.027126884277497047	1155.6886470375507	0.02676547178377602	1187.0388792265553
46.6601	0.6837271069374261	22.7432	1.36725	0.027349084277497045	1155.9885315012962	0.026981779985251576	1187.6037592731452
46.8601	0.6887011069374261	22.7548	1.37379	0.027548044277497047	1156.5781348537448	0.027175424716033514	1188.4396005230808
47.0801	0.6941781069374262	22.7601	1.38036	0.027767124277497047	1156.847522592364	0.02738860856655087	1188.9698515223006
47.2801	0.6989381069374262	22.7627	1.38642	0.027957524277497047	1156.9796750679125	0.02757384738311923	1189.3259624221942
47.5001	0.7045921069374261	22.7787	1.39329	0.028183684277497047	1157.7929210712905	0.027793832275179214	1190.4237912174847
47.7201	0.7101171069374261	22.7878	1.39935	0.028404684277497046	1158.2554547357115	0.02800875131705435	1191.1553352401681
47.9301	0.7154611069374262	22.7934	1.40626	0.028618444277497046	1158.5400908368936	0.02821658563627241	1191.6957058697556
48.1301	0.7202591069374261	22.7826	1.41162	0.028810364277497044	1157.9911497846138	0.02840314859267571	1191.3532966400262
48.3301	0.7250311069374261	22.7984	1.41761	0.029001244277497045	1158.7942302129493	0.028588666061576944	1192.400704750709
48.5401	0.7297461069374261	22.805	1.42364	0.029189844277497046	1159.1296941893427	0.028771933787860096	1192.9645094601522
48.7401	0.7348951069374262	22.8169	1.43022	0.029395804277497047	1159.734545904355	0.02897203233691192	1193.8258756296113
48.9401	0.7395981069374261	22.8235	1.43579	0.029583924277497044	1160.070009880748	0.029154763616792458	1194.3894332096554
49.1401	0.7445271069374262	22.8376	1.44189	0.02978108427749705	1160.7866829212246	0.02934624011540563	1195.356168953498
49.3401	0.7494901069374261	22.8381	1.44806	0.029979604277497046	1160.8120968588303	0.029539000373155818	1195.6127841631896
49.5601	0.7549281069374262	22.8473	1.45412	0.03019712427749705	1161.2797133107724	0.02975016672388022	1196.3470211345539
49.7801	0.7601471069374262	22.8463	1.46094	0.030405884277497047	1161.2288854355613	0.02995278702468299	1196.537076545802
49.9801	0.7651781069374262	22.8624	1.4675	0.030607124277497046	1162.0472142264603	0.0301480696355197	1197.6141377286087
50.2001	0.7705831069374262	22.8685	1.47392	0.030823324277497045	1162.357264265248	0.030357826895042433	1198.1849791480001
50.4001	0.7754951069374262	22.8722	1.47961	0.031019804277497048	1162.5453274035292	0.030548413654891877	1198.6072559233053
50.6201	0.7810381069374261	22.8862	1.48575	0.031241524277497046	1163.2569176564846	0.03076343975055138	1199.5988368904161
50.8401	0.7862911069374262	22.8904	1.49253	0.03145164427749705	1163.4703947323715	0.030967173397348665	1200.063451714893
51.0501	0.7917571069374262	22.8958	1.49883	0.031670284277497046	1163.7448652585115	0.031179124031765672	1200.600995967726
51.2501	0.7969941069374261	22.9045	1.50514	0.031879764277497044	1164.187067772848	0.0313821527888015	1201.3010770683568
51.4501	0.8019061069374261	22.9099	1.5114	0.03207624427749704	1164.461538298988	0.03157254444422358	1201.8130910532163
51.6501	0.8069141069374262	22.9104	1.51678	0.03227656427749705	1164.4869522365934	0.03176661979781492	1202.0725902007646
51.8701	0.8121541069374262	22.9154	1.52359	0.032486164277497044	1164.7410916126491	0.03196964554776776	1202.5790620555288
52.0701	0.8171281069374262	22.9259	1.52962	0.03268512427749705	1165.2747843023656	0.03216232690230552	1203.361935444722
52.2901	0.8221771069374262	22.9207	1.53577	0.03288708427749705	1165.010479351268	0.03235787562222649	1203.3242771698606
52.5101	0.8278231069374261	22.9409	1.54285	0.03311292427749704	1166.0372024305323	0.032576500985212246	1204.648104019359
52.7101	0.8326121069374262	22.9389	1.54884	0.03330448427749705	1165.93554668011	0.032761903992132	1204.7664287630926
52.9201	0.8375941069374262	22.9466	1.55488	0.033503764277497045	1166.3269213192355	0.03295474239478208	1205.403263561614
53.1201	0.8429041069374261	22.9646	1.56148	0.033716164277497046	1167.2418230730357	0.03316023577051186	1206.5967401313312
53.3201	0.8478451069374262	22.9609	1.5672	0.033913804277497045	1167.0537599347545	0.03335141117772476	1206.632992730499
53.5201	0.8524501069374262	22.9623	1.57335	0.03409800427749705	1167.12491896005	0.03352955329444284	1206.9215494391233
53.7401	0.8580391069374261	22.9738	1.58009	0.034321564277497045	1167.7094395249778	0.03374571833587757	1207.7870541110744
53.9501	0.8633621069374262	22.9749	1.58616	0.03453448427749705	1167.76535018771	0.03395155189389676	1208.0935243135734
54.1501	0.8683931069374261	22.989	1.59221	0.03473572427749704	1168.4820232281866	0.03414605525049315	1209.0700926102527
54.3601	0.8730831069374262	22.9872	1.59805	0.034923324277497045	1168.3905330528066	0.03432734114939019	1209.1946145213676
54.5601	0.8782751069374262	23.0025	1.604	0.03513100427749705	1169.1681995435365	0.03452799288865318	1210.242252562814
54.7601	0.8831461069374261	23.0015	1.6102	0.03532584427749705	1169.1173716683254	0.03471620255910457	1210.4174298819974
54.9601	0.8886721069374262	23.007	1.61729	0.03554688427749705	1169.3969249819866	0.03492967777444885	1210.9653421487822
55.1601	0.8935291069374262	23.013	1.62332	0.035741164277497045	1169.7018922332531	0.03511727119073411	1211.508399719261
55.3801	0.8987961069374262	23.0087	1.62899	0.03595184427749705	1169.4833323698456	0.035320660399324764	1211.5284150203347
55.5801	0.9045631069374261	23.0314	1.63577	0.03618252427749705	1170.6371251371377	0.03554331005414793	1212.9937313375517
55.8001	0.9095231069374261	23.0183	1.64152	0.03638092427749704	1169.971279971872	0.03573476378333946	1212.535916515375
56.0201	0.9153451069374262	23.0348	1.64891	0.036613804277497046	1170.8099399128555	0.0359594435645003	1213.677745898973
56.2201	0.9201431069374262	23.0427	1.65488	0.036805724277497044	1171.2114801270232	0.03614456770161294	1214.3187669352176
56.4401	0.9252921069374261	23.0451	1.6611	0.03701168427749704	1171.3334670275299	0.03634319656819248	1214.6864914928187
56.6401	0.9301361069374262	23.0471	1.66702	0.03720544427749705	1171.435122777952	0.03653002368276607	1215.01888696317
56.8601	0.9360841069374262	23.0554	1.67431	0.037443364277497046	1171.8569941422043	0.036759382984506116	1215.7352624550035
57.0701	0.9412521069374261	23.0588	1.68029	0.037650084277497047	1172.0298089179223	0.03695862220510872	1216.1568299994208
57.2701	0.9459791069374262	23.0608	1.68618	0.03783916427749705	1172.1314646683443	0.03714082502852002	1216.483939714753
57.4701	0.9509281069374261	23.0659	1.69205	0.038037124277497045	1172.390686831921	0.03733154930403821	1216.9850570887268
57.6801	0.9563951069374261	23.0773	1.69878	0.038255804277497044	1172.9701246093275	0.0375421939561497	1217.8430401197331
57.8801	0.9608841069374262	23.0728	1.7047	0.038435364277497046	1172.7413991708775	0.037715122895383826	1217.8161420513118
58.0901	0.9665021069374261	23.0832	1.71135	0.038660084277497044	1173.2700090730732	0.03793150197515427	1218.628726504098
58.2901	0.9715971069374262	23.0891	1.71774	0.03886388427749705	1173.5698935368187	0.038127697064826764	1219.179378070788
58.4901	0.9765071069374262	23.0865	1.7233	0.03906028427749705	1173.4377410612697	0.038316731875198407	1219.2725528090668
58.6901	0.9815771069374262	23.0892	1.72932	0.03926308427749705	1173.5749763243398	0.038511889186819956	1219.6531495257238
58.8901	0.9865931069374262	23.0905	1.73531	0.039463724277497045	1173.6410525621143	0.03870493042706127	1219.9572994611772
59.1001	0.9922561069374262	23.1043	1.74153	0.039690244277497046	1174.3424772400274	0.03892282674866335	1220.9524170271252
59.3001	0.9972881069374262	23.1046	1.74783	0.03989152427749705	1174.357725602591	0.03911640413395497	1221.204645323933
59.5001	1.0022851069374263	23.1107	1.75342	0.04009140427749705	1174.6677756413787	0.03930859801965592	1221.7618563263657
59.7001	1.0069151069374263	23.1157	1.75901	0.04027660427749705	1174.9219150174342	0.03948664344212699	1222.2437800455505
59.9201	1.0128951069374263	23.1196	1.76595	0.040515804277497056	1175.1201437307575	0.03971655585440821	1222.7310814766972
60.1201	1.0179451069374263	23.1211	1.77232	0.040717804277497056	1175.196385543574	0.03991067149794193	1223.0478019577595
60.3301	1.0231451069374262	23.1252	1.77827	0.04092580427749705	1175.4047798319398	0.04011051358410635	1223.5091657981764
60.5301	1.0281551069374262	23.1242	1.78387	0.041126204277497046	1175.3539519567285	0.040303015980583876	1223.6917986832643
60.7301	1.0328851069374263	23.1271	1.79015	0.04131540427749705	1175.5013527948406	0.04048472575793678	1224.067666414304
60.9301	1.0378251069374262	23.131	1.79647	0.04151300427749705	1175.699581508164	0.04067446774511282	1224.506403264364
61.1401	1.0437851069374262	23.1419	1.80299	0.041751404277497045	1176.2536053479653	0.0409033393180746	1225.3638451577117
61.3401	1.0485951069374262	23.1332	1.80882	0.04194380427749705	1175.8114028336283	0.04108801124106683	1225.1294061813314
61.5401	1.0536751069374262	23.1487	1.81508	0.04214700427749705	1176.5992348994007	0.041283012341603934	1226.1893678856054
61.7601	1.0593951069374263	23.1512	1.82163	0.042375804277497056	1176.7263045874286	0.041502535006436345	1226.5910281588078
61.9701	1.0644051069374263	23.1518	1.82738	0.04257620427749705	1176.7568013125554	0.04169476964761259	1226.8586392701727
62.1701	1.0693051069374262	23.1571	1.83354	0.04277220427749705	1177.026189051174	0.04188274782888238	1227.3701936492346
62.3701	1.0746751069374263	23.1625	1.83987	0.04298700427749705	1177.300659577314	0.04208871599613632	1227.9092880664643
62.5701	1.0799251069374263	23.1671	1.84585	0.04319700427749705	1177.5344678032852	0.04229004051961839	1228.4004292458837
62.7901	1.0854851069374263	23.1592	1.85169	0.04341940427749705	1177.1329275891173	0.04250320859395205	1228.243338060463
62.9901	1.0904751069374263	23.1688	1.8577	0.043619004277497056	1177.620875191144	0.04269448442269611	1228.9875251833764
63.2001	1.0961151069374262	23.1722	1.8647	0.04384460427749705	1177.7936899668618	0.042910631904217525	1229.433588223992
63.4001	1.1013351069374262	23.1789	1.87086	0.04405340427749705	1178.1342367307761	0.043110641674657016	1230.0350605546375
63.6001	1.1063851069374262	23.1763	1.87675	0.04425540427749705	1178.0020842552276	0.04330409965347921	1230.1350427336768
63.8201	1.1122251069374263	23.1871	1.88318	0.04448900427749705	1178.5510253075074	0.04352777469961431	1230.9835869136616
64.0201	1.1175951069374264	23.1852	1.8893	0.04470380427749705	1178.4544523446061	0.043733404357037264	1231.1358495321642
64.2301	1.1225451069374264	23.1856	1.89511	0.04490180427749706	1178.4747834946909	0.04392291380301319	1231.3904275691352
64.4301	1.1277551069374263	23.1847	1.9012	0.045110204277497054	1178.4290384070007	0.04412233849515623	1231.588213056075
64.6301	1.1326951069374263	23.1911	1.9072	0.04530780427749705	1178.7543368083518	0.044311391593416745	1232.1611075917153
64.8301	1.1375351069374262	23.1822	1.91286	0.04550140427749705	1178.301968718973	0.04449658304920445	1231.9163629586258
65.0501	1.1434551069374264	23.2053	1.91934	0.04573820427749706	1179.4760926363497	0.0447230515992867	1233.423211101775
65.2701	1.1490551069374262	23.204	1.92612	0.045962204277497046	1179.4100163985752	0.044937231411978945	1233.6183004992126
65.4701	1.1543551069374263	23.2009	1.93189	0.04617420427749705	1179.2524499854208	0.04513989506226372	1233.7034935057866
65.6901	1.1599051069374262	23.2019	1.93874	0.04639620427749705	1179.3032778606316	0.04535207430356926	1234.0184736453753
65.9101	1.1656251069374264	23.2043	1.9453	0.04662500427749706	1179.4252647611384	0.0455707056294023	1234.4159727756146
66.1201	1.1712651069374262	23.2079	1.95162	0.04685060427749705	1179.6082451118982	0.04578623238304701	1234.8736042061084
66.3201	1.1764251069374263	23.2062	1.95759	0.04705700427749705	1179.5218377240396	0.04598337575253033	1235.026601887221
66.5201	1.1816451069374263	23.2113	1.96393	0.047265804277497055	1179.7810598876163	0.04618277194860755	1235.5443605545624
66.7301	1.1868251069374263	23.2181	1.96921	0.04747300427749705	1180.1266894390517	0.04638060090926795	1236.1508488147804
66.9301	1.1921651069374262	23.2196	1.9756	0.04768660427749705	1180.2029312518682	0.04658449945701369	1236.4828014016182
67.1301	1.1973551069374262	23.2207	1.98163	0.04789420427749705	1180.2588419146007	0.046782630686152266	1236.7863999895806
67.3301	1.2025851069374263	23.2218	1.9875	0.04810340427749705	1180.314752577333	0.046982249235181926	1237.0919102952541
67.5301	1.2080851069374263	23.2159	1.99361	0.048323404277497053	1180.0148681135875	0.04719213016201412	1237.0372036388978
67.7501	1.2139151069374263	23.2275	2.00025	0.048556604277497056	1180.604471466036	0.04741455586115745	1237.9306155952559
67.9501	1.2189051069374264	23.221	2.00604	0.04875620427749706	1180.2740902771639	0.047604894660204136	1237.8197749261544
68.1601	1.2247151069374262	23.2281	2.01281	0.04898860427749705	1180.634968191163	0.04782646593999261	1238.472627444055
68.3601	1.2299251069374262	23.2252	2.01794	0.04919700427749705	1180.4875673530507	0.04802511376203046	1238.5640192536507
68.5601	1.2350751069374262	23.2317	2.02414	0.04940300427749705	1180.8179485419228	0.04822143511895605	1239.1539027046847
68.7801	1.2406751069374262	23.2319	2.03078	0.04962700427749705	1180.828114116965	0.04843486703744924	1239.4290759872365
68.9801	1.2461051069374263	23.2288	2.03627	0.04984420427749705	1180.6705477038106	0.048641776281919805	1239.5201316679838
69.1901	1.2513751069374264	23.2357	2.0425	0.05005500427749705	1181.0212600427674	0.04884254782357204	1240.137284266023
69.3901	1.2566051069374262	23.2365	2.049	0.050264204277497046	1181.0619223429362	0.04904175563906954	1240.4270600719549
69.5901	1.2618151069374264	23.2364	2.05446	0.05047260427749706	1181.056839555415	0.04924016221702348	1240.6678540475268
69.8101	1.2676151069374262	23.2382	2.06107	0.050704604277497047	1181.148329730795	0.04946099080777557	1241.0379883828216
70.0101	1.2731551069374263	23.2403	2.06711	0.05092620427749705	1181.2550682687386	0.0496718746603715	1241.4119051792209
70.2301	1.2789651069374264	23.2413	2.0741	0.051158604277497056	1181.3058961439494	0.049892988480328776	1241.7398570154517
70.4501	1.2847951069374264	23.2389	2.08054	0.05139180427749705	1181.183909243443	0.050114814316234955	1241.8870815230107
70.6501	1.2900651069374263	23.2362	2.08612	0.05160260427749705	1181.0466739803728	0.05031529036110559	1241.991758131036
70.8701	1.2958651069374263	23.2445	2.09263	0.05183460427749705	1181.468545344625	0.05053588168657725	1242.7094998588739
71.0701	1.3012551069374263	23.2449	2.0985	0.05205020427749705	1181.4888764947095	0.05074083587406699	1242.9856138678497
71.2801	1.3071851069374263	23.251	2.10513	0.05228740427749705	1181.7989265334973	0.05096627498615644	1243.5921247798663
71.4801	1.3125651069374262	23.2468	2.1113	0.05250260427749705	1181.5854494576106	0.05117076094425692	1243.6217627305318
71.6801	1.3178251069374263	23.2435	2.1169	0.052713004277497054	1181.417717469414	0.051370645459501416	1243.69379466389
71.9001	1.3237451069374262	23.2458	2.12361	0.05294980427749705	1181.5346215823995	0.0515955627634839	1244.096648542274
72.1001	1.3292551069374263	23.2511	2.12883	0.05317020427749705	1181.8040093210184	0.05180485758040734	1244.640769912582
72.3101	1.3345051069374263	23.2509	2.13508	0.053380204277497054	1181.7938437459761	0.05200423567251742	1244.8782405390248
72.5101	1.3399451069374262	23.245	2.1412	0.053597804277497045	1181.4939592822307	0.05221078742568231	1244.8194412668845
72.7101	1.3452251069374264	23.2538	2.1474	0.053809004277497054	1181.9412445840883	0.05241122333568297	1245.5403260696637
72.9301	1.3511451069374263	23.25	2.15421	0.05404580427749705	1181.7480986582862	0.05263590674370048	1245.6166251036761
73.1301	1.3566151069374264	23.2487	2.15987	0.054264604277497054	1181.6820224205117	0.052843466313579515	1245.8055297489932
73.3401	1.3628651069374262	23.2585	2.16621	0.05451460427749705	1182.1801355975806	0.0530805703215829	1246.6262178744005
73.5401	1.3685151069374262	23.2541	2.17252	0.054740604277497044	1181.9564929466517	0.05329486397362468	1246.6575056002625
73.7401	1.3738351069374262	23.2456	2.17807	0.054953404277497044	1181.5244560073572	0.05349659939104436	1246.4532471020793
73.9601	1.3800651069374263	23.2499	2.18443	0.055202604277497055	1181.743015870765	0.05373279045952294	1246.9783079335748
74.1601	1.3856651069374262	23.252	2.19061	0.055426604277497044	1181.8497544087083	0.05394504943891456	1247.355673061777
74.3701	1.3912251069374262	23.2529	2.19656	0.05564900427749705	1181.8954994963983	0.05415574771984913	1247.6668072034279
74.5701	1.3966151069374262	23.2468	2.20251	0.055864604277497044	1181.5854494576106	0.0543599614174315	1247.5942530116085
74.7701	1.4025051069374264	23.2513	2.20866	0.056100204277497054	1181.8141748960604	0.05458307119655551	1248.1141915257708
74.9701	1.4080551069374263	23.251	2.21436	0.056322204277497054	1181.7989265334973	0.054793256432158384	1248.3604470886437
75.1901	1.4142151069374262	23.2481	2.2206	0.05656860427749705	1181.651525695385	0.05502649139169278	1248.495903246348
75.4101	1.4205951069374263	23.2577	2.22797	0.05682380427749705	1182.1394732974118	0.055267998837453786	1249.3131353567674
75.6201	1.4267551069374262	23.2564	2.23405	0.05707020427749705	1182.073397059637	0.05550112310964408	1249.5345673008255
75.8201	1.4323851069374263	23.2554	2.23986	0.05729540427749705	1182.0225691844262	0.05571414208795173	1249.7470301509736
76.0201	1.4381651069374262	23.2607	2.24617	0.05752660427749705	1182.291956923045	nan	nan
76.2301	1.4438551069374264	23.2514	2.25217	0.05775420427749706	1181.8192576835818	nan	nan
76.4301	1.4495751069374263	23.2473	2.25792	0.05798300427749705	1181.610863395216	nan	nan
76.6301	1.4551651069374263	23.2406	2.26362	0.05820660427749705	1181.2703166313017	nan	nan
76.8301	1.4608651069374263	23.2479	2.27	0.058434604277497054	1181.6413601203428	nan	nan
77.0301	1.4663451069374263	23.2455	2.27577	0.05865380427749705	1181.519373219836	nan	nan
77.2401	1.4726851069374263	23.2408	2.28195	0.05890740427749705	1181.2804822063438	nan	nan
77.4401	1.4783251069374264	23.2422	2.28778	0.059133004277497056	1181.3516412316394	nan	nan
77.6401	1.4838551069374262	23.2322	2.29405	0.05935420427749705	1180.8433624795282	nan	nan
77.8601	1.4900351069374262	23.2365	2.30106	0.05960140427749705	1181.0619223429362	nan	nan
78.0601	1.4957851069374262	23.2434	2.30701	0.059831404277497044	1181.4126346818928	nan	nan
78.2701	1.5016751069374263	23.2386	2.3127	0.06006700427749705	1181.1686608808795	nan	nan
78.4701	1.5076851069374262	23.2429	2.31886	0.06030740427749705	1181.387220744287	nan	nan
78.6701	1.5135251069374263	23.235	2.32464	0.06054100427749705	1180.9856805301195	nan	nan
78.8701	1.5190951069374263	23.2332	2.33043	0.06076380427749705	1180.8941903547395	nan	nan
79.0901	1.5255651069374263	23.2258	2.33697	0.061022604277497054	1180.5180640781773	nan	nan
79.3001	1.5320051069374263	23.2302	2.34451	0.06128020427749705	1180.7417067291062	nan	nan
79.5001	1.5377651069374263	23.2245	2.35004	0.06151060427749705	1180.4519878404028	nan	nan
79.7001	1.5434451069374262	23.2276	2.356	0.061737804277497046	1180.6095542535572	nan	nan
79.9001	1.5492951069374263	23.2166	2.36195	0.06197180427749705	1180.050447626235	nan	nan
80.1201	1.5558651069374263	23.22	2.36926	0.06223460427749705	1180.2232624019528	nan	nan
80.3401	1.5619951069374263	23.2096	2.37538	0.06247980427749705	1179.6946524997572	nan	nan
80.5401	1.5680551069374262	23.2196	2.3813	0.06272220427749704	1180.2029312518682	nan	nan
80.7601	1.5746051069374263	23.2219	2.3884	0.06298420427749706	1180.319835364854	nan	nan
80.9801	1.5807851069374264	23.2117	2.39429	0.06323140427749706	1179.8013910377006	nan	nan
81.1801	1.5869551069374264	23.2087	2.40038	0.06347820427749705	1179.6489074120673	nan	nan
81.3901	1.5925551069374262	23.2006	2.4063	0.06370220427749705	1179.2372016228574	nan	nan
81.5901	1.5982751069374264	23.1998	2.41251	0.06393100427749705	1179.1965393226883	nan	nan
81.8001	1.6047651069374262	23.2023	2.41906	0.06419060427749705	1179.3236090107162	nan	nan
82.0001	1.6109051069374263	23.1896	2.42456	0.06443620427749705	1178.678094995535	nan	nan
82.2001	1.6166651069374263	23.1965	2.43163	0.06466660427749706	1179.0288073344918	nan	nan
82.4001	1.6228451069374263	23.191	2.43745	0.06491380427749706	1178.7492540208307	nan	nan
82.6001	1.6285951069374263	23.185	2.44313	0.06514380427749705	1178.444286769564	nan	nan
82.8101	1.6347051069374263	23.1755	2.44888	0.06538820427749706	1177.9614219550585	nan	nan
83.0101	1.6407551069374262	23.178	2.4556	0.06563020427749705	1178.0884916430862	nan	nan
83.2101	1.6468051069374263	23.1757	2.46162	0.06587220427749706	1177.9715875301008	nan	nan
83.4201	1.6532751069374263	23.162	2.46784	0.06613100427749705	1177.2752456397086	nan	nan
83.6201	1.6596851069374263	23.1577	2.47389	0.06638740427749705	1177.0566857763006	nan	nan
83.8201	1.6651751069374263	23.1624	2.48006	0.06660700427749705	1177.2955767897931	nan	nan
84.0201	1.6710151069374262	23.1452	2.48538	0.06684060427749705	1176.421337336162	nan	nan
84.2401	1.6776451069374263	23.147	2.49201	0.06710580427749706	1176.512827511542	nan	nan
84.4501	1.6838251069374264	23.1445	2.49828	0.06735300427749706	1176.385757823514	nan	nan
84.6501	1.6897851069374263	23.1415	2.5042	0.06759140427749705	1176.2332741978807	nan	nan
84.8501	1.6960351069374262	23.1237	2.51008	0.06784140427749705	1175.328538019123	nan	nan
85.0501	1.7019951069374262	23.122	2.5161	0.06807980427749705	1175.2421306312642	nan	nan
85.2701	1.7086051069374262	23.102	2.52259	0.06834420427749704	1174.225573127042	nan	nan
85.4701	1.7144451069374262	23.0999	2.52881	0.06857780427749705	1174.1188345890987	nan	nan
85.6901	1.7212051069374263	23.101	2.53545	0.06884820427749705	1174.174745251831	nan	nan
85.8901	1.7273351069374263	23.0941	2.54115	0.06909340427749705	1173.8240329128744	nan	nan
86.1101	1.7340251069374262	23.0841	2.54765	0.06936100427749704	1173.315754160763	nan	nan
86.3201	1.7408351069374264	23.0867	2.5544	0.06963340427749705	1173.447906636312	nan	nan
86.5201	1.7470351069374264	23.0675	2.56031	0.06988140427749706	1172.4720114322588	nan	nan
86.7201	1.7532851069374262	23.063	2.56673	0.07013140427749705	1172.2432859938087	nan	nan
86.9201	1.7593951069374263	23.0485	2.57278	0.07037580427749705	1171.5062818032477	nan	nan
87.1401	1.7661051069374263	23.0485	2.57921	0.07064420427749706	1171.5062818032477	nan	nan
87.3601	1.7728751069374262	23.0429	2.58539	0.07091500427749704	1171.2216457020654	nan	nan
87.5701	1.7791651069374264	23.0285	2.59174	0.07116660427749705	1170.4897242990255	nan	nan
87.7701	1.7851551069374263	23.0131	2.59737	0.07140620427749705	1169.7069750207745	nan	nan
87.9701	1.7912951069374263	23.0114	2.60314	0.07165180427749705	1169.6205676329155	nan	nan
88.1701	1.7972751069374262	22.993	2.60867	0.07189100427749705	1168.6853347290312	nan	nan
88.3801	1.8042351069374263	22.9896	2.61576	0.07216940427749705	1168.5125199533131	nan	nan
88.5801	1.8104251069374262	22.9729	2.62163	0.07241700427749705	1167.6636944372876	nan	nan
88.7801	1.8164651069374262	22.9589	2.62727	0.07265860427749705	1166.9521041843323	nan	nan
88.9801	1.8227551069374264	22.9461	2.63345	0.07291020427749706	1166.3015073816302	nan	nan
89.2001	1.8295751069374262	22.946	2.64069	0.07318300427749705	1166.2964245941089	nan	nan
89.4101	1.8355651069374264	22.9356	2.64683	0.07342260427749706	1165.7678146919136	nan	nan
89.6101	1.8417351069374264	22.9218	2.65217	0.07366940427749706	1165.066390014	nan	nan
89.8101	1.8480951069374263	22.9108	2.65803	0.07392380427749705	1164.507283386678	nan	nan
90.0101	1.8541951069374263	22.8993	2.66431	0.07416780427749706	1163.9227628217502	nan	nan
90.2301	1.8612951069374262	22.8896	2.67096	0.07445180427749705	1163.4297324322024	nan	nan
90.4301	1.8680051069374262	22.8801	2.67724	0.07472020427749705	1162.9468676176969	nan	nan
90.6501	1.8751351069374262	22.8626	2.68372	0.07500540427749705	1162.0573798015025	nan	nan
90.8601	1.8817451069374262	22.8357	2.69013	0.07526980427749705	1160.6901099583235	nan	nan
91.0601	1.8882051069374264	22.8258	2.69593	0.07552820427749705	1160.1869139937337	nan	nan
91.2601	1.8945851069374262	22.8194	2.70193	0.07578340427749705	1159.8616155923826	nan	nan
91.4701	1.9007251069374262	22.8036	2.70824	0.07602900427749705	1159.058535164047	nan	nan
91.6701	1.9072551069374262	22.7909	2.71404	0.07629020427749705	1158.413021148866	nan	nan
91.8701	1.9133551069374262	22.777	2.72009	0.07653420427749705	1157.7065136834315	nan	nan
92.0801	1.9199851069374263	22.7634	2.72652	0.07679940427749705	1157.0152545805604	nan	nan
92.2801	1.9262251069374263	22.7443	2.73249	0.07704900427749706	1156.0444421640282	nan	nan
92.4801	1.9325451069374262	22.7364	2.73865	0.07730180427749705	1155.6429019498605	nan	nan
92.6801	1.9385951069374263	22.7147	2.74458	0.07754380427749705	1154.5399370577795	nan	nan
92.8801	1.9449551069374262	22.7116	2.75084	0.07779820427749705	1154.382370644625	nan	nan
93.1001	1.9519351069374262	22.6853	2.75768	0.07807740427749704	1153.045597526573	nan	nan
93.3201	1.9590451069374262	22.678	2.76424	0.07836180427749705	1152.6745540375316	nan	nan
93.5301	1.9658051069374263	22.6462	2.77062	0.07863220427749705	1151.0582276058185	nan	nan
93.7301	1.9716051069374263	22.6409	2.77597	0.07886420427749705	1150.7888398671994	nan	nan
93.9301	1.9778951069374262	22.6252	2.78145	0.07911580427749705	1149.9908422263852	nan	nan
94.1301	1.9843151069374263	22.6083	2.78778	0.07937260427749705	1149.1318511353174	nan	nan
94.3301	1.9909451069374262	22.596	2.79403	0.07963780427749705	1148.5066682702209	nan	nan
94.5401	1.9977751069374263	22.5786	2.80124	0.07991100427749705	1147.6222632415477	nan	nan
94.7401	2.0042051069374263	22.5658	2.80724	0.08016820427749705	1146.9716664388452	nan	nan
94.9401	2.010485106937426	22.5447	2.81361	0.08041940427749704	1145.8991982718908	nan	nan
95.1601	2.017325106937426	22.5301	2.81922	0.08069300427749704	1145.1571112938088	nan	nan
95.3701	2.0242251069374264	22.5123	2.82542	0.08096900427749705	1144.2523751150509	nan	nan
95.5701	2.0305051069374263	22.4999	2.83201	0.08122020427749704	1143.6221094624332	nan	nan
95.7701	2.0364251069374264	22.4948	2.83755	0.08145700427749705	1143.3628872988568	nan	nan
95.9701	2.0428451069374263	22.4718	2.84336	0.08171380427749705	1142.193846169001	nan	nan
96.1901	2.0494451069374264	22.445	2.84995	0.08197780427749705	1140.8316591133432	nan	nan
96.3901	2.0558151069374264	22.4377	2.85617	0.08223260427749705	1140.4606156243021	nan	nan
96.6001	2.062675106937426	22.4142	2.86249	0.08250700427749705	1139.2661605568412	nan	nan
96.8001	2.0690151069374263	22.3927	2.86813	0.08276060427749705	1138.1733612398023	nan	nan
97.0001	2.075025106937426	22.3759	2.87342	0.08300100427749704	1137.3194529362556	nan	nan
97.2201	2.0823051069374263	22.376	2.8812	0.08329220427749705	1137.3245357237768	nan	nan
97.4201	2.088445106937426	22.3448	2.88699	0.08353780427749705	1135.7387060171902	nan	nan
97.6301	2.095705106937426	22.3272	2.89381	0.08382820427749704	1134.8441354134748	nan	nan
97.8301	2.1016451069374265	22.3053	2.89864	0.08406580427749706	1133.7310049463513	nan	nan
98.0301	2.108645106937426	22.2912	2.90547	0.08434580427749705	1133.0143319058748	nan	nan
98.2301	2.1151351069374265	22.2842	2.91143	0.08460540427749706	1132.6585367793969	nan	nan
98.4401	2.1212751069374263	22.2645	2.91717	0.08485100427749705	1131.657227637738	nan	nan
98.6501	2.1282151069374264	22.2401	2.92399	0.08512860427749706	1130.4170274825872	nan	nan
98.8501	2.1339651069374264	22.2329	2.92966	0.08535860427749706	1130.0510667810672	nan	nan
99.0501	2.1402851069374265	22.2034	2.93593	0.08561140427749706	1128.5516444623393	nan	nan
99.2501	2.147495106937426	22.19	2.94238	0.08589980427749705	1127.8705509345104	nan	nan
99.4501	2.1536351069374264	22.1774	2.94836	0.08614540427749706	1127.2301197068505	nan	nan
99.6601	2.160025106937426	22.161	2.95438	0.08640100427749704	1126.3965425533884	nan	nan
99.8601	2.166535106937426	22.144	2.96062	0.08666140427749705	1125.5324686747995	nan	nan
100.06	2.172845106937426	22.1106	2.96638	0.08691380427749705	1123.8348176427485	nan	nan
100.26	2.1790351069374263	22.0969	2.9728	0.08716140427749705	1123.1384757523563	nan	nan
100.48	2.1856751069374263	22.078	2.97858	0.08742700427749706	1122.1778289108663	nan	nan
100.68	2.192285106937426	22.0711	2.98511	0.08769140427749704	1121.8271165719098	nan	nan
100.9	2.1991251069374265	22.0516	2.99126	0.08796500427749705	1120.835973005293	nan	nan
101.12	2.2064151069374263	22.0403	2.99883	0.08825660427749706	1120.2616180154075	nan	nan
101.32	2.2126651069374264	22.0023	3.00414	0.08850660427749706	1118.3301587573856	nan	nan
101.53	2.2197751069374263	21.9907	3.0107	0.08879100427749705	1117.7405554049365	nan	nan
101.73	2.2260351069374265	21.9796	3.01679	0.08904140427749706	1117.1763659900932	nan	nan
101.94	2.2326551069374263	21.9607	3.02287	0.08930620427749705	1116.2157191486033	nan	nan
102.14	2.2390551069374265	21.9319	3.02888	0.08956220427749706	1114.751876342523	nan	nan
102.34	2.245505106937426	21.9143	3.03491	0.08982020427749704	1113.8573057388078	nan	nan
102.54	2.2518551069374264	21.9022	3.04048	0.09007420427749706	1113.2422884487532	nan	nan
102.74	2.2580851069374264	21.872	3.04633	0.09032340427749705	1111.7072866173778	nan	nan
102.96	2.265365106937426	21.8665	3.05356	0.09061460427749704	1111.4277333037166	nan	nan
103.16	2.2719051069374263	21.8441	3.05916	0.09087620427749706	1110.289188898988	nan	nan
103.38	2.2787651069374264	21.8249	3.06547	0.09115060427749705	1109.3132936949344	nan	nan
103.59	2.2857351069374263	21.8034	3.0731	0.09142940427749706	1108.2204943778959	nan	nan
103.79	2.2918351069374263	21.7878	3.07911	0.09167340427749705	1107.4275795246024	nan	nan
103.99	2.2981551069374264	21.7594	3.0847	0.09192620427749705	1105.9840678686069	nan	nan
104.19	2.3043751069374263	21.7493	3.09076	0.09217500427749706	1105.4707063289748	nan	nan
104.4	2.310845106937426	21.7343	3.09712	0.09243380427749705	1104.708288200808	nan	nan
104.6	2.317025106937426	21.7073	3.10287	0.09268100427749705	1103.3359355701082	nan	nan
104.8	2.3232851069374263	21.6938	3.10915	0.09293140427749705	1102.649759254758	nan	nan
105.02	2.3303551069374264	21.6695	3.11583	0.09321420427749706	1101.4146418871283	nan	nan
105.22	2.3367851069374264	21.6645	3.12152	0.09347140427749706	1101.1605025110728	nan	nan
105.44	2.344015106937426	21.6355	3.12833	0.09376060427749705	1099.6864941299505	nan	nan
105.64	2.350505106937426	21.6083	3.13414	0.09402020427749705	1098.3039759242083	nan	nan
105.86	2.357565106937426	21.5967	3.14088	0.09430260427749705	1097.7143725717592	nan	nan
106.07	2.364535106937426	21.5702	3.14735	0.09458140427749705	1096.367433878665	nan	nan
106.27	2.3708251069374264	21.5482	3.15335	0.09483300427749705	1095.2492206240206	nan	nan
106.47	2.3771151069374263	21.5321	3.15926	0.09508460427749706	1094.4308918331217	nan	nan
106.68	2.3835451069374263	21.514	3.16588	0.09534180427749706	1093.5109072918008	nan	nan
106.88	2.3900051069374264	21.487	3.17158	0.09560020427749706	1092.138554661101	nan	nan
107.08	2.396345106937426	21.4747	3.17774	0.09585380427749705	1091.513371796004	nan	nan
107.28	2.402765106937426	21.4595	3.18366	0.09611060427749704	1090.7407880927954	nan	nan
107.5	2.409625106937426	21.4389	3.19084	0.09638500427749705	1089.6937338634466	nan	nan
107.7	2.416185106937426	21.4134	3.19624	0.09664740427749705	1088.397623045563	nan	nan
107.92	2.423105106937426	21.3979	3.20284	0.09692420427749704	1087.6097909797911	nan	nan
108.14	2.4303151069374263	21.3906	3.20995	0.09721260427749705	1087.2387474907498	nan	nan
108.34	2.436595106937426	21.3601	3.21568	0.09746380427749704	1085.688497296811	nan	nan
108.55	2.4433451069374263	21.3363	3.22216	0.09773380427749706	1084.4787938667869	nan	nan
108.76	2.449685106937426	21.3185	3.2281	0.09798740427749704	1083.574057688029	nan	nan
108.97	2.4569551069374262	21.2994	3.23521	0.09827820427749705	1082.6032452714967	nan	nan
109.17	2.4634951069374265	21.2727	3.24049	0.09853980427749706	1081.2461410033602	nan	nan
109.37	2.470165106937426	21.2546	3.24655	0.09880660427749705	1080.326156462039	nan	nan
109.59	2.4771151069374264	21.2288	3.25338	0.09908460427749706	1079.0147972815923	nan	nan
109.8	2.4835351069374263	21.219	3.25947	0.09934140427749705	1078.5166841045236	nan	nan
110	2.489815106937426	21.1896	3.26503	0.09959260427749704	1077.0223445733168	nan	nan
110.2	2.4961051069374265	21.1722	3.27116	0.09984420427749706	1076.1379395446436	nan	nan
110.4	2.502635106937426	21.1566	3.2775	0.10010540427749705	1075.3450246913505	nan	nan
110.61	2.509665106937426	21.1255	3.28374	0.10038660427749704	1073.764277772285	nan	nan
110.81	2.516105106937426	21.1104	3.28962	0.10064420427749704	1072.996776856597	nan	nan
111.01	2.5224351069374262	21.0988	3.29581	0.10089740427749705	1072.4071735041482	nan	nan
111.21	2.5288851069374263	21.0754	3.30248	0.10115540427749706	1071.2178012242082	nan	nan
111.43	2.535845106937426	21.0527	3.30897	0.10143380427749704	1070.064008456916	nan	nan
111.65	2.5429951069374264	21.0311	3.31562	0.10171980427749705	1068.966126352356	nan	nan
111.86	2.5491651069374264	21.0085	3.32123	0.10196660427749706	1067.817416372585	nan	nan
112.06	2.555505106937426	20.9927	3.32728	0.10222020427749705	1067.0143359442495	nan	nan
112.26	2.5616151069374262	20.9792	3.33295	0.10246460427749705	1066.3281596288994	nan	nan
112.46	2.5682051069374263	20.9534	3.33918	0.10272820427749706	1065.0168004484528	nan	nan
112.66	2.5747951069374264	20.9337	3.3456	0.10299180427749706	1064.0154913067943	nan	nan
112.87	2.5819651069374263	20.9053	3.35179	0.10327860427749705	1062.5719796507985	nan	nan
113.07	2.5884251069374264	20.8901	3.3579	0.10353700427749706	1061.7993959475898	nan	nan
113.27	2.595085106937426	20.8702	3.3634	0.10380340427749704	1060.7879212308887	nan	nan
113.48	2.601405106937426	20.8399	3.36954	0.10405620427749705	1059.2478366119922	nan	nan
113.68	2.6079951069374263	20.8301	3.37582	0.10431980427749706	1058.7497234349235	nan	nan
113.89	2.6148351069374263	20.7972	3.38184	0.10459340427749705	1057.077486340478	nan	nan
114.09	2.621265106937426	20.776	3.38764	0.10485060427749705	1055.9999353860023	nan	nan
114.29	2.627495106937426	20.7597	3.39439	0.10509980427749704	1055.171441020061	nan	nan
114.49	2.6339851069374265	20.7441	3.40058	0.10535940427749706	1054.3785261667679	nan	nan
114.69	2.640365106937426	20.7108	3.40591	0.10561460427749704	1052.685957922238	nan	nan
114.9	2.646885106937426	20.6971	3.4118	0.10587540427749705	1051.9896160318456	nan	nan
115.1	2.6531651069374265	20.6729	3.4179	0.10612660427749705	1050.7595814517367	nan	nan
115.3	2.6592451069374263	20.6508	3.42358	0.10636980427749705	1049.6362854095714	nan	nan
115.5	2.665585106937426	20.6286	3.42966	0.10662340427749704	1048.5079065798848	nan	nan
115.72	2.6727451069374264	20.6114	3.43706	0.10690980427749705	1047.6336671262538	nan	nan
115.94	2.679755106937426	20.5834	3.44327	0.10719020427749705	1046.2104866203426	nan	nan
116.14	2.686185106937426	20.565	3.44933	0.10744740427749705	1045.2752537164583	nan	nan
116.36	2.6933951069374262	20.5367	3.4558	0.10773580427749704	1043.836824847984	nan	nan
116.56	2.6997051069374263	20.5238	3.46193	0.10798820427749706	1043.1811452577606	nan	nan
116.77	2.7068451069374264	20.5005	3.46839	0.10827380427749705	1041.9968557653417	nan	nan
116.97	2.7135451069374263	20.4905	3.47428	0.10854180427749706	1041.4885770132305	nan	nan
117.17	2.7201851069374263	20.4606	3.48067	0.10880740427749705	1039.9688235444185	nan	nan
117.39	2.7270951069374263	20.4283	3.48742	0.10908380427749705	1038.3270831750997	nan	nan
117.6	2.733385106937426	20.4013	3.4935	0.10933540427749705	1036.9547305443996	nan	nan
117.8	2.7398551069374264	20.3904	3.49953	0.10959420427749705	1036.4007067045986	nan	nan
118	2.746325106937426	20.3572	3.50499	0.10985300427749704	1034.7132212475897	nan	nan
118.21	2.7533551069374265	20.3387	3.51224	0.11013420427749705	1033.7729055561842	nan	nan
118.41	2.759885106937426	20.3137	3.51746	0.11039540427749704	1032.5022086759066	nan	nan
118.61	2.7663451069374263	20.2983	3.52403	0.11065380427749705	1031.7194593976556	nan	nan
118.82	2.7728051069374264	20.2766	3.53063	0.11091220427749705	1030.6164945055743	nan	nan
119.02	2.779195106937426	20.2533	3.5364	0.11116780427749705	1029.4322050131555	nan	nan
119.22	2.7854851069374265	20.2228	3.54232	0.11141940427749705	1027.8819548192166	nan	nan
119.42	2.7917151069374264	20.2107	3.54835	0.11166860427749706	1027.2669375291623	nan	nan
119.63	2.7987551069374264	20.18	3.55476	0.11195020427749705	1025.7065217601812	nan	nan
119.83	2.805175106937426	20.1643	3.56069	0.11220700427749705	1024.9085241193668	nan	nan
120.03	2.811525106937426	20.1409	3.56698	0.11246100427749704	1023.7191518394268	nan	nan
120.23	2.8180851069374264	20.1164	3.57293	0.11272340427749705	1022.4738688967545	nan	nan
120.43	2.8245651069374262	20.0944	3.57893	0.11298260427749705	1021.3556556421104	nan	nan
120.64	2.831065106937426	20.072	3.58485	0.11324260427749705	1020.2171112373815	nan	nan
120.84	2.837635106937426	20.0487	3.59113	0.11350540427749704	1019.0328217449627	nan	nan
121.04	2.844215106937426	20.0271	3.59752	0.11376860427749705	1017.9349396404027	nan	nan
121.24	2.8506151069374264	19.9994	3.60336	0.11402460427749705	1016.527007497055	nan	nan
121.46	2.8577851069374263	19.9683	3.61008	0.11431140427749704	1014.9462605779894	nan	nan
121.68	2.8647251069374264	19.9443	3.61617	0.11458900427749706	1013.7263915729228	nan	nan
121.89	2.871735106937426	19.9233	3.62314	0.11486940427749705	1012.6590061934896	nan	nan
122.1	2.878305106937426	19.9007	3.62902	0.11513220427749704	1011.5102962137184	nan	nan
122.32	2.885285106937426	19.8688	3.63535	0.11541140427749705	1009.8888869944841	nan	nan
122.52	2.8920251069374263	19.8397	3.64096	0.11568100427749706	1008.4097958258409	nan	nan
122.73	2.898775106937426	19.8175	3.64767	0.11595100427749705	1007.2814169961542	nan	nan
122.93	2.9051951069374264	19.8052	3.65408	0.11620780427749705	1006.6562341310575	nan	nan
123.13	2.9117551069374263	19.7789	3.6599	0.11647020427749705	1005.3194610130055	nan	nan
123.35	2.918705106937426	19.7472	3.66674	0.11674820427749705	1003.7082173688133	nan	nan
123.56	2.925075106937426	19.7339	3.67316	0.11700300427749705	1003.0322066285054	nan	nan
123.76	2.931575106937426	19.7042	3.67867	0.11726300427749704	1001.5226187347356	nan	nan
123.97	2.9388151069374264	19.6741	3.68497	0.11755260427749706	999.9926996908811	nan	nan
124.18	2.945065106937426	19.6509	3.69077	0.11780260427749704	998.8134929859835	nan	nan
124.38	2.9517651069374264	19.6372	3.69708	0.11807060427749706	998.1171510955912	nan	nan
124.58	2.958305106937426	19.621	3.70317	0.11833220427749705	997.2937395171713	nan	nan
124.8	2.965745106937426	19.5816	3.7094	0.11862980427749704	995.2911212338537	nan	nan
125.01	2.972805106937426	19.5557	3.71616	0.11891220427749705	993.9746792658859	nan	nan
125.21	2.979365106937426	19.5331	3.72213	0.11917460427749704	992.8259692861149	nan	nan
125.41	2.9855151069374264	19.5047	3.72803	0.11942060427749705	991.3824576301193	nan	nan
125.61	2.9920751069374263	19.4809	3.73415	0.11968300427749705	990.1727542000948	nan	nan
125.83	2.9991251069374263	19.4533	3.74083	0.11996500427749705	988.7699048442682	nan	nan
126.03	3.005685106937426	19.4279	3.74635	0.12022740427749705	987.4788768139061	nan	nan
126.24	3.012325106937426	19.4136	3.75266	0.12049300427749704	986.7520381983871	nan	nan
126.44	3.0188751069374264	19.3709	3.75871	0.12075500427749705	984.5816879268727	nan	nan
126.65	3.025745106937426	19.3493	3.76566	0.12102980427749704	983.4838058223129	nan	nan
126.85	3.0323551069374264	19.3298	3.77164	0.12129420427749706	982.4926622556962	nan	nan
127.05	3.038815106937426	19.2983	3.77752	0.12155260427749705	980.8915841865465	nan	nan
127.25	3.0452951069374263	19.286	3.78384	0.12181180427749705	980.2664013214497	nan	nan
127.45	3.0515151069374262	19.2457	3.78939	0.12206060427749704	978.2180379504421	nan	nan
127.67	3.058625106937426	19.2231	3.79603	0.12234500427749705	977.0693279706709	nan	nan
127.87	3.0649551069374263	19.1935	3.80206	0.12259820427749706	975.5648228644221	nan	nan
128.08	3.071635106937426	19.1719	3.80809	0.12286540427749705	974.4669407598623	nan	nan
128.28	3.078285106937426	19.1494	3.81432	0.12313140427749705	973.3233135676123	nan	nan
128.49	3.0853751069374264	19.1204	3.82085	0.12341500427749706	971.8493051864901	nan	nan
128.69	3.0918551069374263	19.0945	3.82684	0.12367420427749705	970.5328632185224	nan	nan
128.89	3.0985651069374263	19.0662	3.83277	0.12394260427749705	969.0944343500478	nan	nan
129.1	3.1050151069374263	19.039	3.83931	0.12420060427749706	967.7119161443057	nan	nan
129.3	3.111705106937426	19.0162	3.84541	0.12446820427749705	966.5530405894925	nan	nan
129.5	3.1181751069374264	18.9889	3.85135	0.12472700427749706	965.1654395962292	nan	nan
129.7	3.1246651069374263	18.9668	3.85712	0.12498660427749705	964.0421435540636	nan	nan
129.9	3.1311351069374265	18.9286	3.86334	0.12524540427749706	962.1005187209993	nan	nan
130.11	3.1384351069374263	18.9031	3.8698	0.12553740427749704	960.8044079031159	nan	nan
130.31	3.1450051069374263	18.8837	3.87582	0.12580020427749705	959.8183471240205	nan	nan
130.51	3.151275106937426	18.8503	3.88128	0.12605100427749705	958.1206960919694	nan	nan
130.71	3.1578451069374265	18.827	3.88728	0.12631380427749705	956.9364065995507	nan	nan
130.93	3.165105106937426	18.802	3.89452	0.12660420427749705	955.665709719273	nan	nan
131.15	3.171895106937426	18.7582	3.90083	0.12687580427749703	953.4394487850262	nan	nan
131.35	3.178325106937426	18.7418	3.9075	0.12713300427749705	952.6058716315644	nan	nan
131.57	3.1855551069374264	18.7175	3.91373	0.12742220427749706	951.3707542639341	nan	nan
131.77	3.1921751069374262	18.6909	3.92042	0.12768700427749705	950.0187327833186	nan	nan
131.98	3.198665106937426	18.6504	3.92566	0.12794660427749704	947.9602038372689	nan	nan
132.18	3.2058851069374263	18.625	3.93243	0.12823540427749705	946.6691758069067	nan	nan
132.38	3.2117351069374265	18.5998	3.93805	0.12846940427749706	945.3883133515866	nan	nan
132.59	3.2189751069374264	18.5684	3.94464	0.12875900427749706	943.7923180699579	nan	nan
132.79	3.225455106937426	18.533	3.95067	0.12901820427749705	941.9930112874846	nan	nan
132.99	3.2321251069374264	18.5157	3.95709	0.12928500427749706	941.1136890463324	nan	nan
133.2	3.238665106937426	18.4854	3.96275	0.12954660427749703	939.5736044274357	nan	nan
133.4	3.245985106937426	18.4622	3.96962	0.12983940427749704	938.3943977225381	nan	nan
133.6	3.2521951069374264	18.423	3.97449	0.13008780427749705	936.4019450142625	nan	nan
133.8	3.2589451069374262	18.4125	3.98126	0.13035780427749705	935.8682523245459	nan	nan
134.01	3.2660951069374264	18.3616	3.98779	0.13064380427749706	933.2811134763004	nan	nan
134.21	3.2725051069374262	18.3421	3.99352	0.13090020427749705	932.2899699096838	nan	nan
134.41	3.2787551069374263	18.3025	3.99896	0.13115020427749705	930.277186051324	nan	nan
134.61	3.285095106937426	18.2767	4.00478	0.13140380427749704	928.9658268708773	nan	nan
134.82	3.291675106937426	18.2541	4.01093	0.13166700427749706	927.8171168911064	nan	nan
135.02	3.2984651069374262	18.2372	4.01742	0.13193860427749704	926.9581258000386	nan	nan
135.22	3.3055551069374265	18.1987	4.02408	0.13222220427749706	925.0012526044106	nan	nan
135.44	3.3122351069374263	18.171	4.03016	0.13248940427749706	923.5933204610631	nan	nan
135.65	3.3193551069374263	18.1343	4.03701	0.13277420427749706	921.7279374408154	nan	nan
135.85	3.3257551069374265	18.1087	4.04253	0.13303020427749707	920.4267438354109	nan	nan
136.05	3.332425106937426	18.075	4.04861	0.13329700427749705	918.7138444407966	nan	nan
136.25	3.3391551069374263	18.0467	4.05455	0.13356620427749705	917.2754155723222	nan	nan
136.45	3.3459351069374264	18.0231	4.06086	0.13383740427749705	916.07587771734	nan	nan
136.67	3.3529951069374264	17.9812	4.06744	0.13411980427749706	913.9461897459946	nan	nan
136.89	3.3603651069374263	17.955	4.07411	0.13441460427749705	912.6144994154636	nan	nan
137.1	3.3672151069374263	17.9109	4.07959	0.13468860427749704	910.3729901186537	nan	nan
137.3	3.3739851069374263	17.8915	4.08633	0.13495940427749706	909.3869293395582	nan	nan
137.5	3.380005106937426	17.8628	4.09189	0.13520020427749704	907.9281693209992	nan	nan
137.71	3.3874851069374263	17.8334	4.09842	0.13549940427749704	906.4338297897928	nan	nan
137.92	3.3940151069374265	17.7979	4.1047	0.13576060427749706	904.6294402197982	nan	nan
138.12	3.4011851069374264	17.7721	4.11122	0.13604740427749706	903.3180810393516	nan	nan
138.34	3.4083051069374264	17.7271	4.11739	0.13633220427749707	901.0308266548517	nan	nan
138.56	3.414775106937426	17.6943	4.12357	0.13659100427749704	899.3636723479274	nan	nan
138.76	3.4212651069374265	17.6602	4.12949	0.13685060427749707	897.6304418032286	nan	nan
138.98	3.4293051069374263	17.63	4.13631	0.13717220427749705	896.0954399718531	nan	nan
139.19	3.435935106937426	17.6018	4.14311	0.13743740427749704	894.6620938908998	nan	nan
139.39	3.4426551069374263	17.5644	4.1486	0.13770620427749705	892.7611313580043	nan	nan
139.59	3.449615106937426	17.5278	4.15474	0.13798460427749704	890.9008311252777	nan	nan
139.79	3.4562351069374264	17.4886	4.16071	0.13824940427749705	888.9083784170024	nan	nan
140.01	3.4634051069374263	17.451	4.16695	0.13853620427749705	886.9972503090645	nan	nan
140.22	3.4707951069374263	17.4078	4.17321	0.13883180427749706	884.8014860999448	nan	nan
140.42	3.4777251069374264	17.3727	4.17977	0.13910900427749706	883.0174276800345	nan	nan
140.62	3.4855951069374265	17.2811	4.18605	0.13942380427749707	878.361594310697	nan	nan
