Specimen name:	AWA_2_02_Rz
Specimen ID:	46NT9B
Material:	42CrMoS4
Specimen type:	Round Tensile Specimen
Gauge diameter:	5.001	mm
Gauge length:	25	mm
Parallel length:	30	mm
Original cross-section:	19.642808851968347	mm²
Cross-section after fracture:	9.275184939732934	mm²
Yield stress at 0.2% plastic strain:	1103.2843170596245	MPa
Yield stress at 1% plastic strain:	1139.2188562583005	MPa
Ultimate tensile strength:	1192.4211133202011	MPa
Uniform elongation:	5.028851943531567	%
Elongation after fracture:	14.359302400578306	%
Reduction of area:	52.78076058453577	%
Slope of linear-elastic region:	210642.11055659756	MPa
Crosshead seperation speed:	0.029878455429505638	mm/s
Strain rate:	0.0009959485143168545	s-1
Test temperature:	RT	Cel
Machine type:	INSTRON 8852TT
Standard:	DIN EN ISO 6892-1
Date:	2022-08-23 00:00:00
Heat treatment batch:	Batch 2
Time	Displacement	Force	Machine Displacement	Engineering Strain	Engineering Stress	True Strain	True Stress
s	mm	kN	mm		MPa		MPa
0	0.0011454452402568317	0.188998	0	4.581780961027327e-05	9.621740018157386	4.581676000654827e-05	9.622180865209657
0.22	0.0011195854402568316	0.175916	-0.000713348	4.478341761027327e-05	8.95574565357398	4.4782414862963474e-05	8.956146722471594
0.430001	0.0012691422402568318	0.1868	-0.000675201	5.076568961027327e-05	9.509841561242974	5.0764401076253844e-05	9.510324334907914
0.630001	0.0010390742402568316	0.184129	-0.000637054	4.156296961027326e-05	9.373863045129056	4.156210589393135e-05	9.374252650713931
0.840001	0.0012222431402568318	0.184124	-0.000740051	4.888972561027327e-05	9.373608499048725	4.888853054666159e-05	9.374066772196223
1.04	0.0013183222402568316	0.195362	-0.000339508	5.273288961027327e-05	9.9457262692053	5.2731499280327985e-05	9.946250736090748
1.24	0.0011901299402568317	0.189414	-0.000740051	4.760519761027327e-05	9.642918252041097	4.7604064518919416e-05	9.643377305070027
1.44	0.0015048122402568317	0.245456	0.00331879	6.0192489610273266e-05	12.495972538846123	6.019067811498935e-05	12.496724702543338
1.64	0.0022684952402568315	0.339367	0.00931931	9.073980961027326e-05	17.276907928877648	9.07356930026639e-05	17.278475632213766
1.85	0.0028112252402568315	0.43626	0.0158463	0.00011244900961027326	22.20965460121981	0.00011244268769431468	22.212152054883504
2.05	0.0034675552402568316	0.547388	0.021553	0.00013870220961027327	27.867093964270182	0.00013869259134810578	27.870959191778443
2.25	0.004160105240256832	0.658436	0.0279617	0.00016640420961027327	33.52046059003523	0.00016639036596558917	33.52603853578549
2.46	0.004829465240256832	0.787573	0.0343704	0.00019317860961027327	40.0947240252292	0.00019315995302538066	40.1024694682691
2.66	0.005443455240256832	0.890951	0.0402641	0.00021773820961027327	45.357616963763334	0.00021771450808670125	45.367493050073215
2.87	0.006325365240256832	1.03161	0.0468216	0.00025301460961027326	52.51845638647679	0.00025298260681191214	52.53174432321675
3.07	0.006837475240256832	1.1434	0.0524559	0.00027349900961027326	58.20959765056326	0.0002734616155741377	58.225517917870505
3.28	0.007903205240256832	1.29601	0.0595627	0.00031612820961027325	65.97885311448881	0.0003160782516162658	65.99971089119603
3.5	0.008633465240256832	1.42302	0.0649223	0.0003453386096102733	72.4448326471091	0.00034527899395718763	72.4698506448889
3.71001	0.009484235240256832	1.55853	0.0711784	0.0003793694096102733	79.34354051629558	0.00037929746723047356	79.37364102841764
3.91001	0.010451145240256832	1.70349	0.0777206	0.00041804580961027327	86.72334047731154	0.0004179584528061397	86.7595948063935
4.11001	0.011213945240256831	1.83439	0.0835838	0.0004485578096102732	93.38735686043094	0.0004484572376297769	93.42924648866955
4.31001	0.012106945240256833	1.98585	0.0901871	0.0004842778096102733	101.09806672587987	0.00048416058495658775	101.14702627618972
4.51001	0.013038445240256833	2.12757	0.0960617	0.0005215378096102733	108.31292082684003	0.0005214018560346461	108.36941011032054
4.72001	0.013996545240256833	2.27386	0.102222	0.0005598618096102733	115.76043004522458	0.0005597051454581779	115.82523988907097
4.93001	0.015021545240256833	2.42687	0.107624	0.0006008618096102733	123.55004919557676	0.0006006813644312782	123.62428570171386
5.13001	0.01589334524025683	2.58684	0.114143	0.0006357338096102732	131.69399648975258	0.0006355318164767186	131.77771881584383
5.34001	0.016715745240256832	2.70352	0.1189	0.0006686298096102733	137.63408382040475	0.0006684063762897768	137.7261100716655
5.55001	0.01793054524025683	2.87597	0.125626	0.0007172218096102732	146.41337813109186	0.0007169647289634434	146.5183889991062
5.76001	0.01925934524025683	3.04574	0.132744	0.0007703738096102731	155.05623574272045	0.0007700772240184542	155.1756870057534
5.97001	0.02009674524025683	3.20009	0.138569	0.0008038698096102733	162.91407324260186	0.0008035468793258392	163.04503494764222
6.17001	0.02115874524025683	3.36085	0.14465	0.0008463498096102733	171.0982388174703	0.0008459918575643704	171.24304777931812
6.37001	0.02215024524025683	3.52045	0.150574	0.0008860098096102732	179.22334970170144	0.0008856175346080484	179.38214334764834
6.58001	0.02311144524025683	3.67697	0.156532	0.0009244578096102732	187.19166020044744	0.0009240307616611023	187.36471099261368
6.79001	0.02437414524025683	3.86742	0.162914	0.0009749658096102733	196.88732040033355	0.0009744908391402726	197.07927880606968
7.01001	0.02535214524025683	4.03065	0.1688	0.0010140858096102732	205.19723173888647	0.0010135719719500628	205.40531933976422
7.22001	0.02666894524025683	4.22369	0.175827	0.0010667578096102733	215.02474680838515	0.0010661892278214537	215.25412613630243
7.43001	0.02776124524025683	4.41348	0.182228	0.0011104498096102733	224.68680692566724	0.0011098337162719777	224.93631034763976
7.64001	0.02895374524025683	4.61913	0.18927	0.0011581498096102732	235.15628720976588	0.0011574796714831717	235.42863341902654
7.85001	0.02985954524025683	4.77032	0.194115	0.0011943818096102731	242.8532515868768	0.0011936691030960754	243.1433110929769
8.05001	0.03094754524025683	4.97855	0.200684	0.0012379018096102734	253.45407764842727	0.0012371362408992645	253.76782890980135
8.26001	0.03214854524025683	5.1817	0.206791	0.0012859418096102732	263.7962848923593	0.0012851156945894824	264.13551156432226
8.46001	0.03309774524025683	5.34557	0.212418	0.0013239098096102734	272.138778129195	0.0013230342137397298	272.49906532713555
8.67001	0.03430984524025683	5.53498	0.218952	0.001372393809610273	281.78149274437175	0.0013714529379584316	282.1682079206768
8.87001	0.03538474524025683	5.7496	0.225506	0.0014153898096102733	292.70762869658785	0.0014143890896150348	293.1219240914402
9.08001	0.03643974524025683	5.93625	0.231701	0.0014575898096102732	302.2098338754208	0.001456528556706213	302.65033184964165
9.27001	0.03756314524025683	6.115	0.236908	0.0015025258096102731	311.3098562473276	0.0015013981471259216	311.77760734112525
9.48001	0.03876824524025683	6.33396	0.243351	0.0015507298096102732	322.4569381972728	0.0015495286697409637	322.956981783651
9.69001	0.03990744524025683	6.52886	0.24942	0.0015962978096102731	332.3791444086553	0.001595025080518174	332.90972050883494
9.91001	0.04104024524025683	6.74137	0.256203	0.0016416098096102732	343.1978619149709	0.0016402638410623076	343.7612588917278
10.12	0.04234614524025683	6.94891	0.262699	0.0016938458096102732	353.76356061743536	0.0016924128706871239	354.36278154218
10.33	0.04347514524025683	7.16046	0.269135	0.0017390058096102732	364.53340527632696	0.0017374954897238816	365.1673309858995
10.54	0.04454784524025683	7.35455	0.274586	0.0017819138096102733	374.4143750226955	0.001780328084668453	375.081549168065
10.75	0.04592064524025683	7.58179	0.281071	0.0018368258096102732	385.98298528167226	0.0018351409080144222	386.691968791108
10.96	0.04714844524025683	7.79723	0.287563	0.0018859378096102732	396.95086679106294	0.0018841616616852097	397.69949143930177
11.17	0.04830414524025683	8.00601	0.293003	0.0019321658096102731	407.5796929214501	0.0019303015782022703	408.3672044688044
11.37	0.04948224524025683	8.20168	0.299419	0.0019792898096102733	417.5410992292039	0.0019773335963850086	418.3675340720017
11.57	0.05079454524025683	8.41248	0.30505	0.0020317818096102732	428.2727619760455	0.002029720532520653	429.14291878337997
11.77	0.05209174524025683	8.62934	0.311729	0.002083669809610273	439.31293457225075	0.0020815019805102597	440.22831767099024
11.98	0.05330494524025683	8.84336	0.317802	0.002132197809610273	450.208524994827	0.0021299279018828126	451.1684586256888
12.18	0.05436744524025683	9.05555	0.324455	0.002174697809610273	461.01095155200125	0.0021723365770205437	462.0135110585477
12.38	0.05555974524025683	9.25123	0.329975	0.0022223898096102733	470.97286695191565	0.0022199239540963574	472.01955225203255
12.59	0.05678764524025683	9.45286	0.336155	0.0022715058096102734	481.23769218742643	0.002268929840437231	482.3308264010336
12.78	0.05799514524025683	9.65547	0.342121	0.0023198058096102732	491.55240845468256	0.0023171192142306687	492.69271458754366
12.99	0.05903994524025683	9.84831	0.347824	0.0023615978096102734	501.3697416809679	0.0023588136200655197	502.55377536472656
13.19	0.06035274524025683	10.0697	0.354286	0.002414109809610273	512.6405330259549	0.0024112005278002146	513.8781035655367
13.4	0.06179124524025683	10.2964	0.36108	0.002471649809610273	524.1816523082557	0.0024686003070542198	525.4772457893846
13.61	0.06288124524025683	10.478	0.365959	0.002515249809610273	533.4267659459523	0.0025120918630492203	534.7684675174389
13.81	0.06417604524025684	10.7055	0.372231	0.0025670418096102737	545.0086126011064	0.0025637525856318554	546.407672496251
14.02	0.06535534524025684	10.9033	0.378754	0.0026142138096102736	555.078455539082	0.002610802696315526	556.5295493029695
14.24	0.06663954524025684	11.1066	0.384281	0.0026655818096102736	565.4282991654242	0.002662035447100015	566.9354945543183
14.44	0.06787884524025684	11.3323	0.391453	0.0027151538096102735	576.9185092316583	0.002711474438040344	578.4849317198332
14.64	0.06918764524025683	11.5503	0.39769	0.0027675058096102733	588.0167183341795	0.002763683316298141	589.6440580183173
14.84	0.07052684524025683	11.757	0.403786	0.0028210738096102733	598.5396532951481	0.002817102048890536	600.2281778350722
15.05	0.07161514524025683	11.9501	0.409962	0.0028646058096102735	608.3702229176107	0.0028605106452117388	610.1129637925744
15.25	0.07283354524025684	12.1507	0.415928	0.0029133418096102736	618.582611660573	0.0029091062537810156	620.3847542458217
15.45	0.07404564524025684	12.3692	0.42178	0.0029618258096102733	629.7062753711274	0.0029574482451392237	631.5713556699951
15.66	0.07539924524025683	12.5868	0.427937	0.003015969809610273	640.7841207872222	0.0030114308965238147	642.716706349994
15.87	0.07675364524025684	12.8162	0.434155	0.0030701458096102736	652.4626949529027	0.003065442535995808	654.4658505617393
16.08	0.07804804524025684	13.0144	0.440285	0.0031219218096102735	662.552901577305	0.0031170587305239797	664.6213399307597
16.28	0.07933834524025683	13.2299	0.446846	0.0031735338096102734	673.5238376396599	0.0031685087797843144	675.6612883099878
16.49	0.08030314524025683	13.3972	0.452385	0.0032121258096102735	682.0409494876037	0.0032069779542621647	684.2317508246639
16.69	0.08159584524025684	13.6112	0.458496	0.0032638338096102736	692.9355217258586	0.003258519065197023	695.1971481095474
16.9	0.08293574524025683	13.8406	0.465202	0.003317429809610273	704.6140958915393	0.0033119392789552	706.9516036975215
17.1	0.08424234524025684	14.047	0.471432	0.0033696938096102733	715.1217580876878	0.003364029113385749	717.5314994490334
17.32	0.08550954524025683	14.2686	0.477642	0.0034203818096102735	726.4032403680487	0.0034145456079875333	728.8878167978456
17.54	0.08703744524025683	14.508	0.48436	0.0034814978096102734	738.5909066943956	0.003475451425695378	741.1623093182502
17.75	0.08808904524025683	14.6759	0.48983	0.0035235618096102735	747.1385640719795	0.003517368609515735	749.7711529828307
17.96	0.08947534524025684	14.9118	0.497215	0.0035790138096102736	759.1480481420931	0.003572624380384359	761.8650494899324
18.18	0.09078674524025683	15.1247	0.502922	0.0036314698096102734	769.9866202426747	0.003624891943193498	772.7828034078898
18.37	0.09194324524025684	15.3077	0.508415	0.0036777298096102736	779.3030067828646	0.003670983497017821	782.1690726816288
18.57	0.09316954524025683	15.5051	0.514111	0.0037267818096102735	789.3524860344136	0.003719854563836582	792.2942305207373
18.77	0.09415064524025683	15.6884	0.519947	0.0037660258096102735	798.6841453394234	0.0037589520887252744	801.6920104444981
18.98	0.09544424524025684	15.8975	0.52594	0.0038177698096102737	809.3292624189518	0.003810500621966522	812.419095243049
19.18	0.09687044524025684	16.1408	0.532818	0.003874817809610274	821.7154746879582	0.0038673300393455554	824.8994724437115
19.39	0.09823984524025683	16.349	0.539185	0.003929593809610273	832.3147734730268	0.003921893122977241	835.5854324545135
19.6	0.09964904524025683	16.5538	0.545418	0.0039859618096102735	842.7409809234687	0.0039780389104404085	846.1001142888232
19.8	0.10079964524025684	16.7616	0.55154	0.004031985809610273	853.3199160221106	0.004023879138176027	856.7604898145696
20.01	0.10185044524025684	16.9203	0.556564	0.004074017809610274	861.3992086118817	0.004065741470075304	864.9085643289508
20.22	0.10352444524025683	17.1739	0.563889	0.0041409778096102735	874.3097858063744	0.004132427557143392	877.9302832281237
20.43	0.10441344524025684	17.3545	0.569218	0.004176537809610273	883.5039902280043	0.004167840284192092	887.1939780481332
20.63	0.10582044524025684	17.5814	0.576054	0.004232817809610274	895.0552913535183	0.004223884635765318	898.8438973313454
20.84	0.10704744524025683	17.7687	0.581856	0.004281897809610274	904.5905875227947	0.004272756570462158	908.4639519781026
21.04	0.10834644524025684	17.9643	0.588364	0.004333857809610274	914.5484301854241	0.004324493693270652	918.5119530418501
21.25	0.10943944524025684	18.1509	0.593929	0.0043775778096102735	924.0480899034536	0.004368024087165467	928.0931823168277
21.46	0.11105944524025683	18.3779	0.600426	0.004442377809610274	935.6044819505744	0.004432539575316907	939.7607905397635
21.67	0.11207944524025684	18.5713	0.606617	0.0044831778096102734	945.4503243378568	0.004473158302966172	949.6889462520172
21.87	0.11339044524025683	18.7886	0.612797	0.004535617809610273	956.5128969891314	0.004525362891719835	960.8512739198372
22.08	0.11436344524025684	18.9675	0.618919	0.004574537809610274	965.6205557434482	0.004564106411975265	970.0378234854335
22.29	0.11591344524025683	19.176	0.625153	0.004636537809610273	976.2351272933367	0.004625822177702444	980.761478372102
22.49	0.11712644524025684	19.3859	0.631699	0.004685057809610273	986.9209717457182	0.004674117084914124	991.5447535518637
22.69	0.11836844524025683	19.5689	0.638107	0.004734737809610273	996.2373582859082	0.004723564194093084	1000.9542809735308
22.9	0.11986344524025684	19.8032	0.644787	0.0047945378096102735	1008.1653876103153	0.004783080619898107	1012.9990746795535
23.1	0.12090444524025684	19.9562	0.649971	0.0048361778096102735	1015.9544976685067	0.00482452106931219	1020.8678342657049
23.31	0.12230844524025684	20.1731	0.656799	0.004892337809610274	1026.9967066333547	0.004880409214977761	1032.0211214515623
23.53	0.12370244524025684	20.3915	0.662868	0.004948097809610273	1038.1152794223026	0.0049358962069063605	1043.2519753625352
23.75	0.12511344524025683	20.5831	0.669456	0.005004537809610274	1047.8694852206654	0.00499205673428841	1053.113587678989
23.95	0.12647344524025683	20.7621	0.675365	0.005058937809610273	1056.9822348965886	0.005046184378189341	1062.3294422887932
24.16	0.12798344524025684	20.9643	0.68198	0.005119337809610274	1067.2760783852577	0.005106278550682329	1072.7398251666282
24.36	0.12960044524025685	21.1411	0.687962	0.005184017809610274	1076.2768277858345	0.005170627047978971	1081.856266029147
24.56	0.13118844524025683	21.2928	0.694321	0.005247537809610273	1083.9997558631392	0.005233817460846764	1089.6880855676393
24.77	0.13324244524025683	21.4375	0.700333	0.005329697809610273	1091.366319427978	0.0053155452339362485	1097.1829721101155
24.98	0.13580044524025683	21.5526	0.706757	0.005432017809610274	1097.225970197245	0.0054173176113329466	1103.1861212085234
25.19	0.13894444524025684	21.659	0.71302	0.005557777809610274	1102.6427107867323	0.005542390349581419	1108.7709539766713
25.39	0.14270844524025683	21.6817	0.718845	0.005708337809610273	1103.7983499914444	0.005692106987386856	1110.099203846886
25.59	0.14693244524025684	21.6985	0.725216	0.005877297809610274	1104.6536248213636	0.00586009387037651	1111.146003150904
25.79	0.15164344524025683	21.7301	0.730724	0.006065737809610273	1106.2623560490683	0.0060474152778070035	1112.9726534495037
26	0.15790944524025682	21.6976	0.73782	0.006316377809610273	1104.6078065269037	0.006296513100085013	1111.5849267643725
26.21	0.16346244524025683	21.693	0.743736	0.006538497809610273	1104.373624132997	0.006517214556103672	1111.594568655382
26.41	0.16919344524025684	21.6755	0.749947	0.006767737809610274	1103.4827128518314	0.0067449394763715274	1110.95079452985
26.61	0.17473544524025683	21.6713	0.755886	0.006989417809610273	1103.2688941443516	0.006965105051229438	1110.9801014018733
26.82	0.18105244524025685	21.6715	0.76215	0.007242097809610274	1103.279075987565	0.007215999746666476	1111.2691309671634
27.03	0.18633544524025683	21.6976	0.768196	0.007453417809610273	1104.6078065269037	0.007425778345106258	1112.8409100247056
27.23	0.19146844524025683	21.7278	0.774483	0.0076587378096102735	1106.1452648521151	0.007629558566607118	1114.6169414149595
27.44	0.19705844524025684	21.7496	0.781307	0.007882337809610274	1107.2550857623673	0.00785143447240933	1115.9828443897552
27.64	0.20193944524025684	21.801	0.787403	0.008077577809610274	1109.8718194681912	0.008045128800454023	1118.8368954486393
27.85	0.20719244524025685	21.8092	0.793613	0.008287697809610273	1110.2892750399374	0.008253543419869672	1119.4910170327196
28.06	0.21230344524025685	21.8382	0.80024	0.008492137809610273	1111.765642305869	0.008456282456714093	1121.2069093523205
28.26	0.21714144524025683	21.8632	0.805435	0.008685657809610274	1113.0383727075343	0.008648154488038066	1122.7058431418372
28.47	0.22164944524025684	21.8561	0.811264	0.008865977809610273	1112.6769172734614	0.008826905799575043	1122.5418861312735
28.66	0.22651444524025685	21.9278	0.818478	0.009060577809610275	1116.3271080654376	0.009019777041653987	1126.4416766890417
28.87	0.23143244524025683	21.923	0.823586	0.009257297809610272	1116.0827438283177	0.009214711648337521	1126.4146541681034
29.07	0.23597844524025682	21.9524	0.829967	0.009439137809610273	1117.579474780676	0.009394867512570798	1128.1284614563228
29.27	0.24095944524025684	21.9745	0.836231	0.009638377809610273	1118.7045684557481	0.009592224968245825	1129.4870657438616
29.48	0.24564544524025683	21.9802	0.842186	0.009825817809610273	1118.994750987328	0.009777858366396481	1129.9897895404397
29.74	0.2516544452402568	22.0061	0.849567	0.010066177809610272	1120.3132996834531	0.010015851290429905	1131.590572560538
29.89	0.25537944524025685	22.0359	0.854416	0.010215177809610274	1121.8303943222381	0.010163355498054928	1133.290091272465
30.09	0.26017044524025684	22.0455	0.860619	0.010406817809610273	1122.3191227964776	0.01035303966559346	1133.998893431662
30.29	0.26514744524025685	22.0534	0.866367	0.010605897809610274	1122.7213056034038	0.010550049807197572	1134.6287730393058
30.49	0.26962644524025686	22.0664	0.871811	0.010785057809610275	1123.38312541227	0.01072731388367042	1135.498877362182
30.7	0.27528744524025683	22.1059	0.878788	0.011011497809610273	1125.3940394469007	0.010951312683468066	1137.7863134472188
30.9	0.2799814452402568	22.1272	0.884781	0.011199257809610272	1126.4784057491195	0.01113701044026003	1139.0941278320627
31.11	0.28473744524025685	22.1237	0.891304	0.011389497809610273	1126.3002234928865	0.011325125794933576	1139.1282174213222
31.32	0.29051844524025683	22.1643	0.898396	0.011620737809610274	1128.367137665191	0.011553735613050767	1141.4795963249785
31.53	0.29566744524025684	22.1639	0.904621	0.011826697809610274	1128.3467739787645	0.01175730897708847	1141.69139029906
31.74	0.3013824452402568	22.1921	0.911514	0.012055297809610272	1129.7824138718427	0.011983211476806335	1143.402277331128
31.95	0.30587244524025686	22.176	0.917103	0.012234897809610274	1128.9627754931703	0.012160656391433676	1142.7755196821831
32.14	0.31068644524025685	22.18	0.922535	0.012427457809610274	1129.1664123574367	0.012350870824023943	1143.1990803070375
32.36	0.31605444524025683	22.2071	0.928516	0.012642177809610274	1130.546052112842	0.012562932668246906	1144.8386163256055
32.56	0.32155844524025684	22.2317	0.935135	0.012862337809610274	1131.7984188280807	0.012780320483647294	1146.35599242343
32.77	0.32676544524025686	22.2435	0.941463	0.013070617809610274	1132.3991475776666	0.012985934396147364	1147.2003040435827
32.98	0.33186544524025685	22.2419	0.947853	0.013274617809610274	1132.3176928319601	0.0131872821202206	1147.3487774433643
33.17	0.33611744524025683	22.2528	0.952869	0.013444697809610273	1132.8726032870861	0.013355119865771719	1148.1037330950676
33.38	0.3416614452402568	22.2683	0.95937	0.013666457809610273	1133.6616961361185	0.013573913985936048	1149.1548358767338
33.58	0.34662144524025684	22.2853	0.965439	0.013864857809610274	1134.527152809251	0.013769619965029942	1150.2572104640933
33.8	0.35218144524025685	22.2947	0.971256	0.014087257809610274	1135.0056994402769	0.013988954533315489	1150.9948173436692
34	0.35717544524025685	22.3055	0.977325	0.014287017809610274	1135.5555189737966	0.014185920155535001	1151.7792208971764
34.21	0.3621604452402568	22.3127	0.983963	0.014486417809610273	1135.922065329476	0.014382492130642008	1152.3775069669941
34.41	0.36724444524025684	22.3337	0.990017	0.014689777809610274	1136.991158866875	0.014582928151052502	1153.6933063621204
34.62	0.37286144524025683	22.3429	0.996647	0.014914457809610274	1137.459523654688	0.014804330922070412	1154.4241157303752
34.83	0.37785744524025683	22.3526	1.00248	0.015114297809610273	1137.9533430505337	0.015001214833288352	1155.1527087708412
35.04	0.3834614452402568	22.3765	1.00934	0.015338457809610273	1139.1700733145258	0.015222012879724295	1156.6431854220314
35.25	0.38874944524025684	22.3792	1.01478	0.015549977809610274	1139.3075281979059	0.015430315804744634	1157.023734979705
35.46	0.39443144524025686	22.3933	1.0222	0.015777257809610274	1140.025348144445	0.015654090681547477	1158.0118219716105
35.6601	0.39978444524025686	22.4045	1.0284	0.015991377809610276	1140.595531364391	0.01586486271241656	1158.8352254343922
35.8701	0.4046304452402568	22.392	1.03348	0.016185217809610273	1139.9591661635584	0.016055633535194097	1158.4096535619772
36.0701	0.4094564452402568	22.419	1.03926	0.01637825780961027	1141.3337149973568	0.016245580863182646	1160.0267728283839
36.2801	0.41534744524025685	22.4326	1.04676	0.016613897809610274	1142.0260803358628	0.016477396810336015	1160.9995849304726
36.4901	0.42031644524025685	22.4417	1.0525	0.016812657809610273	1142.489354202069	0.016672889487545046	1161.697636765391
36.6801	0.42532044524025686	22.4279	1.0579	0.017012817809610274	1141.7868070203497	0.016869720536271487	1161.2118179456036
36.8901	0.43017944524025686	22.4526	1.06446	0.017207177809610275	1143.0442646571948	0.01706081097979289	1162.7128305634064
37.0901	0.43539844524025684	22.4544	1.0704	0.017415937809610274	1143.135901246115	0.017266018518358645	1163.0446850101503
37.3001	0.4405904452402568	22.4701	1.07663	0.017623617809610272	1143.9351759383605	0.017470122659870243	1164.0954522780676
37.5001	0.44560644524025683	22.4792	1.08247	0.017824257809610274	1144.3984498045668	0.017667268460608246	1164.7965028108015
37.7101	0.45079244524025686	22.4963	1.08838	0.018031697809610274	1145.268997399306	0.01787105498110877	1165.9201418711257
37.9201	0.45673944524025684	22.5049	1.0957	0.018269577809610273	1145.7068166574786	0.018104694279900437	1166.6383964914032
38.1201	0.46156144524025683	22.5104	1.10114	0.018462457809610273	1145.986817345845	0.018294095730070008	1167.1445506114621
38.3301	0.46661544524025683	22.515	1.1074	0.018664617809610273	1146.2209997397515	0.018492571321586413	1167.6147766252434
38.5301	0.47161544524025684	22.5308	1.11334	0.018864617809610275	1147.025365353604	0.018688887523725748	1168.6635604889284
38.7301	0.4764174452402568	22.5247	1.11857	0.019056697809610272	1146.7148191355977	0.01887739333020273	1168.5674169176668
38.9401	0.48210944524025684	22.5431	1.12574	0.019284377809610273	1147.6515487112233	0.01910079068373718	1169.783294770355
39.1501	0.48718844524025684	22.5676	1.13141	0.019487537809610274	1148.8988245048552	0.019300087131874304	1171.2880337868103
39.3501	0.49236044524025685	22.5629	1.1377	0.019694417809610273	1148.6595511893422	0.01950299202728084	1171.2817323114646
39.5601	0.49801044524025684	22.5715	1.14453	0.019920417809610274	1149.097370447515	0.0197246024970401	1171.987870170754
39.7601	0.5031434452402569	22.5795	1.15068	0.020125737809610276	1149.504644176048	0.019925892061129397	1172.6392732556644
39.9701	0.5082874452402568	22.5926	1.15662	0.02033149780961027	1150.1715549065207	0.02012757234837644	1173.5562653557786
40.1801	0.5138964452402568	22.613	1.163	0.02055585780961027	1151.2101029142793	0.020347437497019855	1174.8742140987722
40.4001	0.5189674452402568	22.6023	1.16928	0.020758697809610274	1150.6653743023667	0.020546172180128126	1174.5516890874917
40.5901	0.5239034452402568	22.627	1.17543	0.02095613780961027	1151.922831939212	0.020739578229955417	1176.062685551367
40.7901	0.5291404452402568	22.6388	1.18216	0.021165617809610272	1152.523560688798	0.020944737398509605	1176.9174338909081
41.0001	0.5343974452402568	22.6239	1.18748	0.021375897809610273	1151.7650133694053	0.0211506377428943	1176.3850245958743
41.2101	0.5391494452402569	22.6435	1.19398	0.021565977809610275	1152.7628340043111	0.021336722332785784	1177.6232917021914
41.4101	0.5445434452402569	22.6653	1.20001	0.021781737809610277	1153.872654914563	0.021547905186445726	1179.0060065495911
41.6101	0.5493734452402569	22.685	1.20623	0.021974937809610275	1154.8755664710754	0.021736968789642975	1180.2538852221157
41.8301	0.5548704452402569	22.6869	1.21228	0.022194817809610273	1154.972293981602	0.02195209769490491	1180.6066936216714
42.0201	0.5595344452402569	22.6708	1.21785	0.022381377809610276	1154.1526556029296	0.022134590282774647	1179.9841822379437
42.2301	0.5647654452402568	22.6897	1.22425	0.022590617809610275	1155.1148397865884	0.022339228782644993	1181.2095976584164
42.4201	0.5697664452402569	22.6909	1.2298	0.022790657809610274	1155.1759308458684	0.02253483045654532	1181.5031501956746
42.6301	0.5751734452402568	22.7318	1.23686	0.023006937809610273	1157.2581177829927	0.022746268774068965	1183.8830833284926
42.8401	0.5803574452402568	22.7179	1.24226	0.023214297809610273	1156.550479679667	0.02294894480645524	1183.3989869467985
43.0501	0.5855094452402568	22.7219	1.24837	0.023420377809610274	1156.7541165439334	0.023150329062425604	1183.8457349862142
43.2501	0.5907814452402569	22.7482	1.25481	0.023631257809610274	1158.0930289264852	0.023356361970513155	1185.4602238605594
43.4601	0.5961624452402569	22.7361	1.26096	0.023846497809610276	1157.4770274120795	0.023566610897713575	1185.0788008109357
43.6701	0.6012624452402568	22.7457	1.26691	0.024050497809610275	1157.9657558863187	0.023765839668605127	1185.8154087618664
43.8801	0.6065584452402568	22.7728	1.27366	0.024262337809610273	1159.3453956417238	0.02397268307364702	1187.4738252687996
44.0801	0.6120054452402568	22.7814	1.28033	0.024480217809610273	1159.7832148998968	0.024185379393371235	1188.1749606125763
44.2901	0.6170464452402569	22.7803	1.28629	0.024681857809610276	1159.7272147622234	0.024382181786944603	1188.3514369749198
44.4801	0.6219504452402569	22.7897	1.29216	0.024878017809610277	1160.2057613932498	0.02457359849346037	1189.0693809880033
44.7001	0.6266184452402568	22.7857	1.29782	0.02506473780961027	1160.0021245289831	0.024755769434580195	1189.077273638893
44.9101	0.6321074452402569	22.7949	1.30394	0.025284297809610275	1160.470489316796	0.02496993784885979	1189.8121707679459
45.1101	0.6369724452402569	22.8194	1.31025	0.025478897809610275	1161.717765110428	0.025159720853547934	1191.3170533312855
45.3201	0.6423334452402568	22.8119	1.3167	0.02569333780961027	1161.3359459899284	0.025368811047981502	1191.1745427606909
45.5301	0.6470894452402568	22.8087	1.32174	0.025883577809610273	1161.1730364985153	0.025554268389694528	1191.228349139146
45.7301	0.6522534452402569	22.8413	1.32798	0.026090137809610274	1162.8326769422868	0.025755596505279532	1193.1711417332292
45.9301	0.6574334452402568	22.8506	1.33446	0.02629733780961027	1163.306132651706	0.02595750769716242	1193.8979869980394
46.1401	0.6627114452402568	22.8434	1.3407	0.026508457809610274	1162.9395862960266	0.02616319690672601	1193.7673212544803
46.3501	0.6676734452402568	22.8514	1.34685	0.026706937809610275	1163.3468600245596	0.026356532687318572	1194.416292266241
46.5601	0.6733754452402568	22.8748	1.3533	0.026935017809610273	1164.5381356805183	0.026578655146702043	1195.9049911050433
46.7701	0.6782874452402569	22.871	1.35968	0.027131497809610276	1164.3446806594652	0.02676996346033771	1195.9350958124087
46.9601	0.6835304452402569	22.8877	1.3661	0.027341217809610276	1165.1948645677774	0.026974122901477042	1197.0527111505642
47.1701	0.6886064452402568	22.893	1.3722	0.027544257809610274	1165.4646834129305	0.02717173975464959	1197.5665431208522
47.3701	0.6933684452402569	22.8826	1.3778	0.027734737809610274	1164.9352275658377	0.02735709658547523	1197.2444006675548
47.5701	0.6985384452402569	22.8987	1.38341	0.027941537809610274	1165.7548659445104	0.02755829558081343	1198.3278496080359
47.7701	0.7037534452402568	22.92	1.38983	0.028150137809610273	1166.8392322467291	0.027761204821864657	1199.6859174361343
47.9801	0.7093064452402569	22.9279	1.3961	0.028372257809610276	1167.2414150536554	0.027977219975734862	1200.3586894076118
48.1901	0.7144644452402569	22.9238	1.40175	0.028578577809610275	1167.0326872677822	0.028177827590772985	1200.3848217272232
48.3901	0.7198224452402568	22.9291	1.40849	0.028792897809610273	1167.3025061129351	0.02838617110414918	1200.912527884347
48.5901	0.7248234452402569	22.9418	1.41436	0.028992937809610275	1167.949053156981	0.028580593669576056	1201.8113274199548
48.7901	0.7295584452402568	22.9499	1.42074	0.029182337809610274	1168.3614178071207	0.028764640191539695	1202.4569353852833
49.0001	0.7342754452402568	22.9457	1.42623	0.02937101780961027	1168.147599099641	0.02894795339060084	1202.45728303705
49.2101	0.7402184452402568	22.9741	1.4331	0.029608737809610274	1169.5934208359326	0.029178863869839502	1204.223605777309
49.4201	0.7448814452402568	22.9546	1.43852	0.029795257809610273	1168.6006911226339	0.02936000365679411	1203.4194499911216
49.6201	0.7500104452402568	22.9804	1.4451	0.030000417809610273	1169.9141488971522	0.02955920788186045	1205.0120621654414
49.8301	0.7553954452402568	22.9785	1.45147	0.030215817809610274	1169.817421386626	0.02976831214680204	1205.1644114617525
50.0401	0.7602914452402568	22.9952	1.458	0.030411657809610273	1170.6676052949383	0.02995839017197322	1206.2695479159638
50.2401	0.7654224452402568	23.0012	1.46399	0.030616897809610272	1170.973060591338	0.030157552866850717	1206.8246231252695
50.4501	0.7709794452402569	22.9994	1.47003	0.030839177809610274	1170.881424002418	0.030373206262031306	1206.9904444311983
50.6401	0.7753124452402569	22.9983	1.47491	0.031012497809610275	1170.8254238647446	0.030541326988131758	1207.135644757786
50.8501	0.7808914452402569	23.0304	1.48184	0.031235657809610275	1172.459609700483	0.030757750991482653	1209.0821568646766
51.0501	0.7860344452402568	23.0211	1.48775	0.031441377809610274	1171.9861539910637	0.030957219931243663	1208.835013446329
51.2601	0.7913064452402568	23.0353	1.49437	0.03165225780961027	1172.7090648592093	0.03116165078895522	1209.8279545158
51.4701	0.7970844452402568	23.0525	1.50144	0.03188337780961027	1173.5847033755551	0.031385654675272504	1211.0025478648574
51.6801	0.8021204452402568	23.0535	1.50719	0.032084817809610276	1173.6356125916218	0.03158085148214874	1211.2914973964944
51.8801	0.8072244452402568	23.0474	1.51336	0.03228897780961027	1173.3250663736155	0.03177864511923022	1211.2105334052128
52.0901	0.8124094452402568	23.056	1.51916	0.032496377809610275	1173.7628856317883	0.03197953767218558	1211.9059278221773
52.2901	0.8174174452402568	23.0552	1.52533	0.03269669780961027	1173.722158258935	0.03217353406215334	1212.0989969799712
52.5001	0.8225704452402568	23.0679	1.53133	0.03290281780961027	1174.368705302981	0.03237310808327933	1213.0087448548727
52.7101	0.8277254452402568	23.0723	1.53782	0.03310901780961027	1174.592705853674	0.0325727197187305	1213.4823166708218
52.9101	0.8327424452402569	23.0792	1.54353	0.033309697809610274	1174.9439794445336	0.03276694947392396	1214.081008343052
53.1201	0.8380714452402568	23.1005	1.54982	0.03352285780961027	1176.0283457467524	0.032973216788783274	1215.4521767612919
53.3301	0.8435794452402569	23.1073	1.55708	0.033743177809610274	1176.3745284160054	0.03318636787532749	1216.0691432990432
53.5501	0.8485504452402568	23.0942	1.56244	0.03394201780961027	1175.7076176855328	0.03337869889460874	1215.6135065839098
53.7301	0.8535864452402568	23.1159	1.56853	0.03414345780961028	1176.8123476741782	0.0335735070908963	1216.9927904168198
53.9401	0.8587404452402568	23.1114	1.57388	0.034349617809610274	1176.5832562018786	0.033772840608723986	1216.9984413736
54.1501	0.8643934452402569	23.1213	1.58099	0.03457573780961028	1177.0872574409382	0.03399142751935002	1217.7859178332494
54.3601	0.8691134452402568	23.1099	1.58682	0.03476453780961027	1176.5068923777787	0.03417390113449023	1217.407610721113
54.5701	0.8748564452402569	23.1045	1.59304	0.034994257809610275	1176.2319826110188	0.03439587869190377	1217.393347854418
54.7601	0.8795204452402569	23.149	1.59936	0.03518081780961027	1178.497442725983	0.03457611465619696	1219.9579465476174
54.9701	0.8849984452402568	23.1537	1.60564	0.035399937809610274	1178.7367160414963	0.034787765421542334	1220.4639224832697
55.1801	0.8899694452402568	23.1541	1.61151	0.03559877780961027	1178.7570797279227	0.03497978871842927	1220.719391100662
55.3901	0.8954504452402569	23.1526	1.61728	0.035818017809610275	1178.6807159038228	0.035191469922600624	1220.8987227779103
55.6001	0.9008234452402568	23.1635	1.624	0.036032937809610276	1179.2356263589488	0.035398936584416126	1221.7269503464177
55.8001	0.9060024452402569	23.1688	1.63015	0.036240097809610274	1179.505445204102	0.03559887162881356	1222.2508379052665
56.0101	0.9116184452402568	23.1803	1.63605	0.03646473780961027	1180.090901188868	0.035815631870811604	1223.1226064922269
56.2101	0.9167244452402569	23.18	1.64263	0.03666897780961027	1180.075628424048	0.0360126669188859	1223.3477954563914
56.4301	0.9214084452402569	23.1548	1.64825	0.03685633780961028	1178.7927161791695	0.036193383304741956	1222.238698734177
56.6201	0.9265644452402568	23.1881	1.65419	0.037062577809610274	1180.4879930741874	0.03639227246972004	1224.2399211708102
56.8301	0.9323234452402568	23.1977	1.661	0.03729293780961027	1180.9767215484271	0.03661437518954064	1225.01881297973
57.0401	0.9370774452402568	23.1862	1.6665	0.037483097809610275	1180.3912655636611	0.036797681722166714	1224.6359868243935
57.2401	0.9422144452402569	23.1749	1.67222	0.037688577809610276	1179.8159914221083	0.03699571835025457	1224.281578215843
57.4501	0.9479844452402568	23.2086	1.67933	0.03791937780961027	1181.531632003553	0.03721811102352063	1226.3345763515013
57.6501	0.9528134452402568	23.1977	1.68429	0.03811253780961027	1180.9767215484271	0.037404196795231714	1225.986741500711
57.8601	0.9580284452402569	23.2209	1.69089	0.03832113780961027	1182.1578153611724	0.03760511821463553	1227.4594479163356
58.0701	0.9636234452402568	23.2143	1.69692	0.03854493780961027	1181.821814535133	0.03782063524146127	1227.3750628784305
58.2701	0.9686014452402568	23.2211	1.70277	0.03874405780961027	1182.1679972043858	0.03801234665092792	1227.9699824287438
58.4801	0.9739824452402568	23.2392	1.70919	0.03895929780961027	1183.0894540151914	0.0382195369605434	1229.1817883895785
58.6901	0.9789744452402568	23.2412	1.71521	0.03915897780961027	1183.1912724473245	0.03841171081605213	1229.5238332296137
58.8901	0.9843724452402568	23.2309	1.72176	0.039374897809610274	1182.6669075218383	0.03861947264597409	1229.2342961483184
59.0801	0.9892264452402568	23.2501	1.72792	0.03956905780961027	1183.6443644703174	0.038806259788590085	1230.4800567540626
59.2901	0.9950024452402568	23.2551	1.73446	0.039800097809610274	1183.8989105506505	0.03902848103326566	1231.0182029872574
59.5001	1.0001674452402567	23.2483	1.73983	0.04000669780961027	1183.5527278813975	0.03922715333409166	1230.9027642074884
59.6901	1.0051354452402568	23.2435	1.74578	0.04020541780961027	1183.3083636442777	0.03941821077396751	1230.8837708022022
59.9001	1.0105954452402568	23.2512	1.75224	0.04042381780961027	1183.7003646079907	0.03962814726535513	1231.5500524880733
60.1001	1.0157554452402568	23.2673	1.75843	0.04063021780961027	1184.520002986663	0.0398265082854382	1232.6473087078514
60.3101	1.0212854452402569	23.2623	1.76449	0.040851417809610276	1184.26545690633	0.04003904919576606	1232.6443798838993
60.5201	1.026205445240257	23.2608	1.77053	0.04104821780961028	1184.18909308223	0.04022810730137235	1232.7979449028344
60.7301	1.031835445240257	23.2694	1.77755	0.041273417809610274	1184.6269123404031	0.04044440433928029	1233.5205138419371
60.9401	1.0373054452402568	23.2813	1.78405	0.04149221780961027	1185.2327320115958	0.04065450959266344	1234.4106666833002
61.1401	1.042135445240257	23.2732	1.78986	0.04168541780961028	1184.8203673614562	0.04083999545546313	1234.2100994042544
61.3501	1.0480054452402567	23.2929	1.7963	0.04192021780961027	1185.8232789179683	0.041065373998293006	1235.5332490539158
61.5601	1.0525854452402568	23.2685	1.80173	0.04210341780961027	1184.581094045943	0.041241187743723394	1234.4560067779246
61.7701	1.0588654452402568	23.2923	1.80895	0.04235461780961027	1185.7927333883283	0.041482209627516364	1236.0165314124042
61.9801	1.063695445240257	23.2948	1.81425	0.042547817809610276	1185.9200064284948	0.041667542041400406	1236.3783147987865
62.1701	1.068805445240257	23.3006	1.82046	0.04275221780961028	1186.2152798816812	0.04186358097792092	1236.9286138962707
62.3801	1.073855445240257	23.2909	1.82616	0.04295421780961028	1185.7214604858352	0.042057280337698406	1236.653198361073
62.5801	1.0792054452402569	23.3054	1.83291	0.043168217809610276	1186.459644118801	0.042262445669413055	1237.676992458434
62.7801	1.0841454452402568	23.3082	1.83869	0.04336581780961027	1186.6021899237876	0.04245185068003606	1238.0601643045072
62.9801	1.0897354452402568	23.3099	1.84465	0.04358941780961027	1186.6887355911008	0.0426661341462449	1238.4158066967395
63.1901	1.095385445240257	23.3199	1.85159	0.04381541780961028	1187.197827751767	0.04288267096462	1239.215396597372
63.4001	1.100735445240257	23.3102	1.8572	0.044029417809610276	1186.7040083559207	0.04308766704200916	1238.953894956163
63.5901	1.1059754452402568	23.3177	1.86365	0.04423901780961027	1187.0858274764203	0.043288407518787694	1239.6013385396857
63.8001	1.1112554452402568	23.3369	1.86911	0.04445021780961027	1188.0632844248994	0.04349063961451355	1240.872956189187
64.0001	1.1164054452402568	23.321	1.87515	0.04465621780961027	1187.2538278894401	0.04368785311896265	1240.2720934229646
64.2101	1.122195445240257	23.3416	1.8827	0.04488781780961028	1188.3025577404123	0.04390952827583942	1241.642866454958
64.4101	1.1266554452402568	23.323	1.88752	0.04506621780961027	1187.3556463215734	0.04408024973419938	1240.8652744961719
64.6301	1.132695445240257	23.3457	1.89478	0.045307817809610275	1188.5112855262855	0.044311404538994174	1242.360138315576
64.8301	1.1383154452402569	23.3205	1.90034	0.04553261780961027	1187.228373281407	0.04452643768742252	1241.2859890547545
65.0401	1.1435854452402567	23.3462	1.90681	0.04574341780961027	1188.5367401343187	0.044728037090967156	1242.904472820355
65.2601	1.1491254452402568	23.3307	1.91259	0.04596501780961027	1187.7476472852863	0.04493992130681236	1242.3424890460772
65.4701	1.1547554452402569	23.3408	1.91953	0.04619021780961027	1188.2618303675592	0.04515520170000282	1243.147903127083
65.6701	1.160185445240257	23.3677	1.92623	0.046407417809610274	1189.631288279751	0.04536279058100215	1244.8390045143344
65.8701	1.1655354452402569	23.3617	1.93249	0.04662141780961027	1189.3258329833513	0.04556727892545664	1244.7738895546308
66.0801	1.170695445240257	23.3511	1.9376	0.046827817809610275	1188.786195293045	0.045764465460632085	1244.4544586608074
66.2901	1.1762454452402569	23.3494	1.94434	0.047049817809610275	1188.6996496257318	0.0459765122364852	1244.62775157097
66.5001	1.1815354452402569	23.3539	1.95001	0.047261417809610275	1188.9287410980317	0.04617858344454738	1245.1191990769196
66.7001	1.186865445240257	23.3628	1.95628	0.04747461780961028	1189.3818331210246	0.04638214131256609	1245.847281078139
66.9001	1.1924454452402569	23.3692	1.96264	0.04769781780961027	1189.707652103851	0.04659520253564233	1246.4541109405998
67.1101	1.1982954452402568	23.3896	1.9697	0.04793181780961027	1190.7462001116098	0.046818524440424635	1247.8208300328452
67.3201	1.2035854452402568	23.365	1.97493	0.04814341780961027	1189.493833396371	0.04702042559084435	1246.7601319995274
67.5301	1.2095254452402568	23.3734	1.98168	0.04838101780961027	1189.9214708113307	0.04724708643674763	1247.4910826826913
67.7301	1.2150054452402568	23.3737	1.98762	0.04860021780961027	1189.9367435761505	0.04745614887095081	1247.7679284936098
67.9301	1.220075445240257	23.3651	1.99297	0.04880301780961028	1189.4989243179778	0.04764953085605315	1247.5500615059805
68.1401	1.2254454452402568	23.3713	1.99926	0.04901781780961027	1189.8145614575908	0.04785431478907879	1248.1366748583405
68.3301	1.2306454452402569	23.3625	2.00506	0.04922581780961027	1189.3665603562044	0.04805257584623189	1247.914101965142
68.5401	1.236145445240257	23.3745	2.01134	0.04944581780961028	1189.9774709490039	0.04826223227563404	1248.816880175089
68.7401	1.2415254452402569	23.3852	2.01767	0.049661017809610276	1190.5221995609168	0.048467271863998226	1249.6447437160477
68.9501	1.2471754452402568	23.375	2.0237	0.04988701780961027	1190.002925557037	0.04868255629382674	1249.3686226977893
69.1501	1.2523654452402568	23.37	2.0292	0.050094617809610276	1189.748379476704	0.04888027230920042	1249.3483698361927
69.3501	1.2577154452402568	23.3778	2.03541	0.050308617809610275	1190.1454713620237	0.049084042706342805	1250.0200450186144
69.5601	1.263155445240257	23.3915	2.04201	0.05052621780961028	1190.8429276221364	0.049291198449467985	1251.0117167602064
69.7601	1.268615445240257	23.3838	2.04777	0.05074461780961028	1190.4509266584234	0.04949907265310167	1250.8599039528015
69.9701	1.274745445240257	23.3924	2.05514	0.050989817809610274	1190.888745916596	0.049732403750462846	1251.6119461023984
70.1801	1.280005445240257	23.3919	2.06039	0.05120021780961028	1190.863291308563	0.04993257594911055	1251.8357512050309
70.3901	1.286035445240257	23.3848	2.0671	0.05144141780961028	1190.5018358744899	0.05016200163627669	1251.7429382168177
70.6101	1.2920854452402568	23.4025	2.07339	0.05168341780961027	1191.402928998869	0.050392135384848644	1252.9787043579108
70.8201	1.2975054452402568	23.396	2.07992	0.05190021780961027	1191.072019094436	0.05059825982610843	1252.8889163123695
71.0301	1.3029354452402568	23.3969	2.08585	0.052117417809610274	1191.1178373888959	0.0508047219746138	1253.1958233805724
71.2301	1.3090654452402568	23.3904	2.09287	0.052362617809610275	1190.7869274844631	0.051037748657651524	1253.1396482610123
71.4301	1.314845445240257	23.4155	2.09896	0.052593817809610276	1192.064748807735	0.05125742066322603	1254.759985023788
71.6401	1.3201054452402567	23.4033	2.10482	0.05280421780961027	1191.4436563717225	0.05145728785901578	1254.3569067106532
71.8501	1.3256954452402567	23.3847	2.11062	0.05302781780961027	1190.496744952883	0.05166965047584202	1253.6261894471786
72.0601	1.3311254452402568	23.387	2.11644	0.05324501780961027	1190.6138361498365	0.05187589156398297	1254.008091060003
72.2601	1.336775445240257	23.4046	2.12349	0.05347101780961028	1191.5098383526088	0.05209044349888632	1255.221082139487
72.4701	1.3426154452402568	23.3807	2.12942	0.05370461780961027	1190.293108088617	0.0523121620846637	1254.2173445399294
72.6701	1.3483754452402568	23.4134	2.13584	0.05393501780961027	1191.957839453995	0.052530795286491905	1256.2461067532506
72.8701	1.353585445240257	23.386	2.14108	0.054143417809610274	1190.5629269337699	0.052728510890577264	1255.0240729153775
73.0801	1.3591954452402568	23.396	2.14768	0.054367817809610273	1191.072019094436	0.05294136249606689	1255.828005626687
73.2801	1.364535445240257	23.4	2.15337	0.054581417809610275	1191.2756559587024	0.05314392782777113	1256.2971702630018
73.4901	1.370395445240257	23.3895	2.16	0.05481581780961028	1190.741109190003	0.05336617141186881	1256.0125568897756
73.6901	1.3759354452402568	23.4025	2.16623	0.05503741780961027	1191.402928998869	0.053576233417200435	1256.9746697817732
73.8901	1.3812954452402568	23.4017	2.17205	0.055251817809610276	1191.3622016260158	0.05377942831306476	1257.1871289355124
74.1001	1.3868054452402567	23.3973	2.1783	0.05547221780961027	1191.1382010753227	0.05398826660464796	1257.2132788067204
74.3101	1.3931254452402568	23.3962	2.18476	0.055725017809610276	1191.0822009376493	0.05422775157264909	1257.4552777976096
74.5101	1.398865445240257	23.4225	2.19151	0.05595461780961028	1192.4211133202011	nan	nan
74.7201	1.404085445240257	23.3885	2.1967	0.056163417809610275	1190.6901999739364	nan	nan
74.9201	1.409845445240257	23.4009	2.20282	0.056393817809610274	1191.3214742531625	nan	nan
75.1301	1.4160354452402568	23.4083	2.20921	0.056641417809610274	1191.6982024520553	nan	nan
75.3301	1.421945445240257	23.4128	2.21531	0.05687781780961028	1191.9272939243551	nan	nan
75.5401	1.4274454452402567	23.4139	2.2214	0.05709781780961027	1191.9832940620283	nan	nan
75.7501	1.433705445240257	23.4118	2.22828	0.057348217809610275	1191.8763847082885	nan	nan
75.9601	1.4393454452402568	23.4153	2.23502	0.05757381780961027	1192.0545669645217	nan	nan
76.1601	1.4448554452402569	23.3977	2.24021	0.05779421780961028	1191.1585647617494	nan	nan
76.3701	1.450625445240257	23.3943	2.2467	0.05802501780961028	1190.985473427123	nan	nan
76.5801	1.4560654452402568	23.3942	2.25269	0.05824261780961027	1190.9803825055162	nan	nan
76.7901	1.4624954452402568	23.4125	2.26	0.05849981780961027	1191.912021159535	nan	nan
76.9801	1.4674054452402567	23.4019	2.26491	0.05869621780961027	1191.3723834692291	nan	nan
77.1901	1.4733454452402568	23.3852	2.27116	0.058933817809610274	1190.5221995609168	nan	nan
77.3801	1.4785254452402568	23.3922	2.27636	0.05914101780961027	1190.878564073383	nan	nan
77.5901	1.484925445240257	23.3956	2.28316	0.05939701780961028	1191.0516554080095	nan	nan
77.7901	1.4902354452402569	23.3989	2.28971	0.05960941780961027	1191.2196558210292	nan	nan
77.9901	1.4960254452402568	23.3992	2.29525	0.05984101780961027	1191.2349285858493	nan	nan
78.2001	1.5011454452402568	23.3824	2.30069	0.060045817809610276	1190.3796537559301	nan	nan
78.4101	1.507665445240257	23.3946	2.30738	0.060306617809610275	1191.0007461919429	nan	nan
78.6201	1.5135554452402569	23.4038	2.31352	0.06054221780961028	1191.4691109797554	nan	nan
78.8401	1.519865445240257	23.3926	2.3201	0.06079461780961028	1190.8989277598096	nan	nan
79.0401	1.525765445240257	23.394	2.32674	0.06103061780961028	1190.970200662303	nan	nan
79.2501	1.532005445240257	23.3977	2.33327	0.06128021780961028	1191.1585647617494	nan	nan
79.4601	1.5377354452402567	23.3882	2.33878	0.06150941780961027	1190.6749272091165	nan	nan
79.6701	1.5438154452402568	23.3811	2.34528	0.06175261780961027	1190.3134717750434	nan	nan
79.8701	1.5499154452402568	23.3965	2.35177	0.06199661780961027	1191.0974737024694	nan	nan
80.0701	1.5556754452402568	23.3847	2.35744	0.06222701780961027	1190.496744952883	nan	nan
80.2701	1.5614454452402569	23.3896	2.36371	0.06245781780961027	1190.7462001116098	nan	nan
80.4801	1.567015445240257	23.3704	2.36967	0.06268061780961028	1189.768743163131	nan	nan
80.6901	1.5731754452402569	23.3946	2.37655	0.06292701780961027	1191.0007461919429	nan	nan
80.9001	1.5789354452402569	23.364	2.3823	0.06315741780961028	1189.4429241803045	nan	nan
81.1001	1.5843954452402569	23.3763	2.38761	0.06337581780961027	1190.0691075379239	nan	nan
81.3001	1.5905454452402568	23.3803	2.3941	0.06362181780961026	1190.2727444021903	nan	nan
81.5101	1.5967454452402567	23.3773	2.40073	0.06386981780961026	1190.1200167539905	nan	nan
81.7201	1.6020854452402569	23.3647	2.40623	0.06408341780961027	1189.478560631551	nan	nan
81.9301	1.6086954452402569	23.3669	2.4127	0.06434781780961027	1189.5905609068977	nan	nan
82.1301	1.614835445240257	23.3873	2.41964	0.06459341780961028	1190.6291089146564	nan	nan
82.3401	1.620125445240257	23.3561	2.42448	0.06480501780961027	1189.0407413733783	nan	nan
82.5401	1.626425445240257	23.3741	2.4307	0.06505701780961028	1189.9571072625772	nan	nan
82.7401	1.632195445240257	23.3475	2.43644	0.06528781780961028	1188.6029221152053	nan	nan
82.9401	1.6380954452402567	23.3579	2.44271	0.06552381780961027	1189.1323779622983	nan	nan
83.1401	1.6441754452402568	23.3527	2.44887	0.06576701780961028	1188.8676500387517	nan	nan
83.3501	1.6504054452402568	23.3558	2.45533	0.06601621780961027	1189.0254686085582	nan	nan
83.5401	1.6561354452402568	23.3681	2.46165	0.06624541780961027	1189.6516519661775	nan	nan
83.7501	1.6623654452402568	23.3338	2.4678	0.06649461780961027	1187.9054658550929	nan	nan
83.9601	1.6680654452402568	23.3486	2.47385	0.06672261780961027	1188.6589222528787	nan	nan
84.1601	1.6738554452402568	23.3385	2.47953	0.06695421780961026	1188.1447391706058	nan	nan
84.3701	1.6802354452402568	23.3375	2.48576	0.06720941780961028	1188.0938299545392	nan	nan
84.5801	1.6859254452402568	23.3227	2.49171	0.06743701780961027	1187.3403735567535	nan	nan
84.7901	1.6923654452402568	23.3372	2.49808	0.06769461780961027	1188.0785571897193	nan	nan
85.0001	1.698115445240257	23.3163	2.50391	0.06792461780961027	1187.0145545739272	nan	nan
85.2001	1.704215445240257	23.325	2.51085	0.06816861780961028	1187.4574647537065	nan	nan
85.4001	1.7101754452402569	23.3047	2.51682	0.06840701780961028	1186.4240076675544	nan	nan
85.6001	1.7160654452402568	23.3128	2.52269	0.06864261780961027	1186.836372317694	nan	nan
85.8201	1.722685445240257	23.3134	2.52937	0.06890741780961028	1186.866917847334	nan	nan
86.0301	1.729025445240257	23.3082	2.5355	0.06916101780961027	1186.6021899237876	nan	nan
86.2401	1.7351554452402569	23.3033	2.5415	0.06940621780961027	1186.352734765061	nan	nan
86.4501	1.7417154452402568	23.2901	2.54878	0.06966861780961027	1185.680733112982	nan	nan
86.6601	1.7477954452402569	23.2829	2.55492	0.06991181780961027	1185.3141867573024	nan	nan
86.8701	1.7543054452402569	23.2823	2.56104	0.07017221780961028	1185.2836412276622	nan	nan
87.0701	1.7603654452402568	23.2838	2.56681	0.07041461780961028	1185.3600050517623	nan	nan
87.2801	1.7665554452402568	23.2975	2.57318	0.07066221780961027	1186.057461311875	nan	nan
87.4801	1.7726054452402569	23.2708	2.57862	0.07090421780961027	1184.6981852428964	nan	nan
87.6901	1.7791054452402568	23.2623	2.58552	0.07116421780961027	1184.26545690633	nan	nan
87.9001	1.7850754452402569	23.2598	2.59148	0.07140301780961028	1184.1381838661634	nan	nan
88.1001	1.7912354452402568	23.2492	2.59768	0.07164941780961027	1183.5985461758573	nan	nan
88.3101	1.797555445240257	23.2492	2.60431	0.07190221780961027	1183.5985461758573	nan	nan
88.5201	1.8036154452402569	23.2354	2.60991	0.07214461780961028	1182.8959989941382	nan	nan
88.7301	1.810405445240257	23.2286	2.6167	0.07241621780961027	1182.5498163248853	nan	nan
88.9301	1.816475445240257	23.231	2.62297	0.07265901780961027	1182.671998443445	nan	nan
89.1301	1.8223754452402567	23.2096	2.62847	0.07289501780961027	1181.5825412196195	nan	nan
89.3401	1.828435445240257	23.215	2.63459	0.07313741780961028	1181.8574509863795	nan	nan
89.5401	1.8342854452402568	23.2	2.63997	0.07337141780961028	1181.0938127453803	nan	nan
89.7401	1.8413254452402568	23.2004	2.64717	0.07365301780961027	1181.1141764318068	nan	nan
89.9501	1.8472854452402567	23.1951	2.65335	0.07389141780961027	1180.8443575866538	nan	nan
90.1501	1.8532854452402567	23.1694	2.65915	0.07413141780961027	1179.5359907337418	nan	nan
90.3501	1.8593754452402569	23.1614	2.66483	0.07437501780961027	1179.1287170052092	nan	nan
90.5501	1.8657054452402568	23.1745	2.67106	0.07462821780961028	1179.7956277356816	nan	nan
90.7501	1.8722554452402569	23.156	2.67667	0.07489021780961028	1178.8538072384492	nan	nan
90.9601	1.8792554452402568	23.1473	2.68355	0.07517021780961027	1178.41089705867	nan	nan
91.1601	1.8855654452402568	23.1343	2.68956	0.07542261780961028	1177.7490772498038	nan	nan
91.3701	1.891445445240257	23.1068	2.69504	0.07565781780961028	1176.349073807972	nan	nan
91.5701	1.8970854452402568	23.0995	2.7008	0.07588341780961028	1175.9774365306857	nan	nan
91.7801	1.9039254452402568	23.1006	2.70764	0.07615701780961028	1176.033436668359	nan	nan
91.9901	1.9103654452402568	23.0993	2.714	0.07641461780961027	1175.9672546874724	nan	nan
92.1901	1.9167054452402568	23.09	2.71994	0.07666821780961026	1175.493798978053	nan	nan
92.4001	1.9233254452402568	23.0548	2.7261	0.07693301780961027	1173.7017945725083	nan	nan
92.5901	1.9291454452402568	23.065	2.73189	0.07716581780961027	1174.2210685763878	nan	nan
92.8101	1.9357354452402569	23.0389	2.73828	0.07742941780961027	1172.8923380370493	nan	nan
93.0201	1.9420554452402568	23.0206	2.74461	0.07768221780961027	1171.9606993830303	nan	nan
93.2301	1.9485154452402569	23.0347	2.75091	0.07794061780961027	1172.6785193295693	nan	nan
93.4401	1.9553854452402568	23.0182	2.75718	0.07821541780961028	1171.8385172644703	nan	nan
93.6401	1.9614454452402568	22.994	2.76271	0.07845781780961027	1170.6065142356583	nan	nan
93.8501	1.9679854452402568	22.9756	2.76857	0.07871941780961027	1169.6697846600325	nan	nan
94.0501	1.974215445240257	22.9705	2.77507	0.07896861780961027	1169.410147658093	nan	nan
94.2601	1.9807154452402569	22.9505	2.78129	0.07922861780961027	1168.3919633367607	nan	nan
94.4701	1.987025445240257	22.9363	2.7875	0.07948101780961028	1167.6690524686148	nan	nan
94.6701	1.9933054452402568	22.9295	2.7935	0.07973221780961028	1167.3228697993618	nan	nan
94.8801	2.0004554452402568	22.9152	2.79962	0.08001821780961027	1166.5948680096092	nan	nan
95.0901	2.006785445240257	22.9139	2.80622	0.08027141780961028	1166.5286860287229	nan	nan
95.2901	2.013545445240257	22.8958	2.81204	0.08054181780961027	1165.6072292179172	nan	nan
95.5001	2.020155445240257	22.8641	2.81824	0.08080621780961028	1163.9934070686056	nan	nan
95.7001	2.026035445240257	22.8477	2.82457	0.08104141780961027	1163.1584959251131	nan	nan
95.9001	2.032195445240257	22.8411	2.83065	0.08128781780961028	1162.8224950990736	nan	nan
96.1101	2.038575445240257	22.8343	2.83673	0.08154301780961028	1162.4763124298204	nan	nan
96.3101	2.045275445240257	22.8134	2.84293	0.08181101780961027	1161.4123098140285	nan	nan
96.5201	2.052015445240257	22.7891	2.84896	0.08208061780961028	1160.1752158636098	nan	nan
96.7301	2.057915445240257	22.773	2.85486	0.08231661780961028	1159.3555774849372	nan	nan
96.9401	2.0646354452402567	22.7861	2.86171	0.08258541780961026	1160.02248821541	nan	nan
97.1301	2.0704054452402567	22.7516	2.86723	0.08281621780961027	1158.2661202611116	nan	nan
97.3401	2.077285445240257	22.721	2.87406	0.08309141780961028	1156.7082982494735	nan	nan
97.5401	2.083865445240257	22.7371	2.88102	0.08335461780961027	1157.527936628146	nan	nan
97.7501	2.089905445240257	22.6938	2.88579	0.08359621780961028	1155.3235675724616	nan	nan
97.9501	2.0961654452402567	22.6803	2.89215	0.08384661780961027	1154.6362931555623	nan	nan
98.1601	2.103025445240257	22.668	2.89847	0.08412101780961027	1154.010109797943	nan	nan
98.3801	2.1098654452402568	22.6513	2.90549	0.08439461780961027	1153.1599258896306	nan	nan
98.5901	2.116175445240257	22.6355	2.91139	0.08464701780961027	1152.355560275778	nan	nan
98.7901	2.122785445240257	22.6249	2.91781	0.08491141780961028	1151.8159225854722	nan	nan
99.0001	2.129325445240257	22.5976	2.92362	0.08517301780961027	1150.4261009868535	nan	nan
99.2001	2.1362254452402567	22.5797	2.93045	0.08544901780961027	1149.5148260192614	nan	nan
99.4001	2.142435445240257	22.5695	2.93605	0.08569741780961028	1148.995552015382	nan	nan
99.6201	2.1487754452402568	22.5436	2.94268	0.08595101780961027	1147.6770033192568	nan	nan
99.8201	2.155505445240257	22.5228	2.94899	0.08622021780961027	1146.618091625071	nan	nan
100.03	2.162035445240257	22.5128	2.95502	0.08648141780961029	1146.1089994644049	nan	nan
100.24	2.168775445240257	22.4859	2.96181	0.08675101780961027	1144.7395415522133	nan	nan
100.45	2.175285445240257	22.4901	2.96812	0.08701141780961028	1144.953360259693	nan	nan
100.64	2.181205445240257	22.4765	2.97445	0.08724821780961028	1144.260994921187	nan	nan
100.85	2.1873954452402566	22.4583	2.98064	0.08749581780961027	1143.334447188775	nan	nan
101.06	2.1934454452402568	22.4283	2.98607	0.08773781780961026	1141.8071707067763	nan	nan
101.26	2.200785445240257	22.4242	2.99322	0.08803141780961027	1141.5984429209034	nan	nan
101.46	2.207025445240257	22.3915	2.99813	0.08828101780961027	1139.933711555525	nan	nan
101.66	2.213485445240257	22.384	3.00497	0.08853941780961028	1139.5518924350254	nan	nan
101.88	2.219955445240257	22.3772	3.0111	0.08879821780961027	1139.2057097657723	nan	nan
102.06	2.226355445240257	22.3541	3.01743	0.08905421780961027	1138.0297068746338	nan	nan
102.27	2.232315445240257	22.317	3.02229	0.08929261780961027	1136.1409749585625	nan	nan
102.47	2.238815445240257	22.3065	3.02855	0.08955261780961027	1135.6064281898632	nan	nan
102.67	2.2452854452402566	22.3006	3.03469	0.08981141780961027	1135.30606381507	nan	nan
102.87	2.2515354452402567	22.2713	3.04093	0.09006141780961027	1133.8144237843183	nan	nan
103.09	2.2587854452402567	22.2559	3.04768	0.09035141780961027	1133.0304218568926	nan	nan
103.29	2.264645445240257	22.2284	3.05364	0.09058581780961028	1131.6304184150608	nan	nan
103.5	2.2718654452402567	22.2275	3.06033	0.09087461780961027	1131.5846001206007	nan	nan
103.71	2.278155445240257	22.223	3.0665	0.09112621780961028	1131.355508648301	nan	nan
103.9	2.284455445240257	22.1855	3.07201	0.09137821780961028	1129.4464130458032	nan	nan
104.12	2.291745445240257	22.178	3.07913	0.09166981780961027	1129.0645939253036	nan	nan
104.33	2.298135445240257	22.1477	3.08494	0.09192541780961028	1127.5220446784854	nan	nan
104.54	2.304625445240257	22.1223	3.09134	0.09218501780961028	1126.2289505903932	nan	nan
104.75	2.311035445240257	22.1105	3.09761	0.09244141780961028	1125.6282218408073	nan	nan
104.95	2.317105445240257	22.0834	3.10308	0.09268421780961028	1124.2485820854022	nan	nan
105.16	2.323275445240257	22.0767	3.109	0.09293101780961027	1123.9074903377557	nan	nan
105.35	2.3298354452402568	22.0624	3.11503	0.09319341780961027	1123.1794885480033	nan	nan
105.57	2.337065445240257	22.0416	3.12239	0.09348261780961029	1122.1205768538177	nan	nan
105.78	2.343605445240257	21.9978	3.12783	0.09374421780961027	1119.8907531901004	nan	nan
105.99	2.350005445240257	21.9927	3.13398	0.09400021780961028	1119.6311161881606	nan	nan
106.2	2.356835445240257	21.9728	3.14056	0.09427341780961028	1118.618022788435	nan	nan
106.41	2.363205445240257	21.9663	3.14671	0.09452821780961028	1118.287112884002	nan	nan
106.62	2.370475445240257	21.946	3.15312	0.09481901780961027	1117.2536557978497	nan	nan
106.83	2.377105445240257	21.9234	3.15913	0.09508421780961028	1116.1031075147444	nan	nan
107.03	2.383085445240257	21.894	3.16485	0.09532341780961028	1114.606376562386	nan	nan
107.24	2.3899554452402567	21.874	3.17113	0.09559821780961027	1113.5881922410538	nan	nan
107.45	2.3966554452402566	21.8797	3.17814	0.09586621780961027	1113.8783747726334	nan	nan
107.65	2.403265445240257	21.8429	3.18334	0.09613061780961027	1112.0049156213822	nan	nan
107.85	2.409525445240257	21.8352	3.18999	0.09638101780961028	1111.6129146576693	nan	nan
108.06	2.4164454452402566	21.7999	3.19625	0.09665781780961026	1109.815819330518	nan	nan
108.27	2.422605445240257	21.7694	3.20206	0.09690421780961028	1108.2630882404862	nan	nan
108.47	2.428775445240257	21.774	3.20798	0.09715101780961027	1108.4972706343926	nan	nan
108.68	2.4357854452402568	21.7556	3.21486	0.09743141780961027	1107.560541058767	nan	nan
108.89	2.442125445240257	21.7396	3.22068	0.09768501780961028	1106.7459936017012	nan	nan
109.09	2.448065445240257	21.7033	3.22626	0.09792261780961027	1104.8979890584833	nan	nan
109.29	2.4544854452402567	21.6853	3.23241	0.09817941780961027	1103.9816231692844	nan	nan
109.49	2.460635445240257	21.6692	3.23817	0.09842541780961028	1103.1619847906118	nan	nan
109.7	2.467945445240257	21.6522	3.24467	0.09871781780961028	1102.2965281174795	nan	nan
109.91	2.474505445240257	21.6322	3.25143	0.09898021780961028	1101.2783437961473	nan	nan
110.12	2.481485445240257	21.602	3.25763	0.09925941780961027	1099.7408854709356	nan	nan
110.32	2.487955445240257	21.5803	3.26348	0.09951821780961029	1098.6361554822902	nan	nan
110.52	2.494125445240257	21.5759	3.26855	0.09976501780961028	1098.4121549315971	nan	nan
110.72	2.5002354452402566	21.5515	3.27479	0.10000941780961027	1097.1699700595716	nan	nan
110.93	2.506655445240257	21.5252	3.28101	0.10026621780961027	1095.8310576770198	nan	nan
111.13	2.513075445240257	21.504	3.28706	0.10052301780961027	1094.7517822964076	nan	nan
111.34	2.5203854452402568	21.4939	3.29377	0.10081541780961027	1094.237599214135	nan	nan
111.55	2.526725445240257	21.4605	3.2995	0.10106901780961028	1092.53723139751	nan	nan
111.76	2.533835445240257	21.4734	3.30591	0.10135341780961028	1093.1939602847694	nan	nan
111.96	2.540125445240257	21.4303	3.3118	0.10160501780961027	1090.9997730722982	nan	nan
112.17	2.5459954452402567	21.4241	3.31805	0.10183981780961027	1090.6841359326852	nan	nan
112.37	2.552215445240257	21.3895	3.32371	0.10208861780961027	1088.9226770567807	nan	nan
112.58	2.559265445240257	21.3762	3.33034	0.10237061780961028	1088.2455844830947	nan	nan
112.79	2.5654554452402567	21.3559	3.33673	0.10261821780961027	1087.2121273969424	nan	nan
112.99	2.572015445240257	21.3266	3.34224	0.10288061780961028	1085.7204873661908	nan	nan
113.2	2.579125445240257	21.317	3.34865	0.10316501780961028	1085.2317588919514	nan	nan
113.4	2.5855254452402567	21.2905	3.35501	0.10342101780961027	1083.8826646661862	nan	nan
113.61	2.591665445240257	21.2738	3.36126	0.10366661780961028	1083.0324807578738	nan	nan
113.81	2.598365445240257	21.2555	3.36687	0.10393461780961027	1082.1008421038548	nan	nan
114.02	2.605135445240257	21.233	3.37352	0.10420541780961028	1080.955384742356	nan	nan
114.22	2.6114154452402567	21.2037	3.37889	0.10445661780961027	1079.4637447116042	nan	nan
114.42	2.617815445240257	21.187	3.38483	0.10471261780961028	1078.6135608032919	nan	nan
114.63	2.6241654452402567	21.166	3.39088	0.10496661780961027	1077.544467265893	nan	nan
114.84	2.6313354452402566	21.1472	3.39723	0.10525341780961027	1076.5873740038408	nan	nan
115.05	2.6378454452402567	21.135	3.40355	0.10551381780961026	1075.966281567828	nan	nan
115.26	2.6442954452402567	21.0962	3.40937	0.10577181780961027	1073.9910039844435	nan	nan
115.45	2.650615445240257	21.0822	3.41556	0.10602461780961027	1073.278274959511	nan	nan
115.65	2.657005445240257	21.0672	3.42212	0.10628021780961028	1072.5146367185118	nan	nan
115.86	2.6638754452402567	21.0452	3.42796	0.10655501780961027	1071.3946339650465	nan	nan
116.07	2.6704554452402567	21.0244	3.43428	0.10681821780961026	1070.335722270861	nan	nan
116.28	2.6775854452402568	21.0105	3.44123	0.10710341780961027	1069.628084167535	nan	nan
116.48	2.6836854452402568	20.9708	3.44642	0.10734741780961027	1067.6069882896904	nan	nan
116.69	2.6899754452402567	20.9798	3.45296	0.10759901780961027	1068.06517123429	nan	nan
116.88	2.696065445240257	20.9253	3.45789	0.10784261780961028	1065.2906189586597	nan	nan
117.09	2.702495445240257	20.9148	3.46408	0.10809981780961028	1064.7560721899602	nan	nan
117.29	2.7086954452402567	20.8916	3.47004	0.10834781780961027	1063.574978377215	nan	nan
117.5	2.715075445240257	20.8923	3.47643	0.10860301780961028	1063.6106148284614	nan	nan
117.7	2.721735445240257	20.8537	3.48186	0.10886941780961028	1061.6455190882903	nan	nan
117.91	2.7285454452402567	20.8508	3.48837	0.10914181780961027	1061.497882361697	nan	nan
118.12	2.7357254452402566	20.8244	3.49444	0.10942901780961027	1060.1538790575387	nan	nan
118.32	2.7419154452402568	20.785	3.49965	0.10967661780961027	1058.1480559445142	nan	nan
118.52	2.7485554452402567	20.7803	3.50623	0.10994221780961028	1057.908782629001	nan	nan
118.73	2.755375445240257	20.7638	3.5127	0.11021501780961028	1057.068780563902	nan	nan
118.93	2.7615754452402568	20.7163	3.51826	0.11046301780961026	1054.650592800738	nan	nan
119.15	2.7684154452402567	20.6997	3.52499	0.11073661780961026	1053.8054998140321	nan	nan
119.35	2.774835445240257	20.6865	3.53119	0.11099341780961028	1053.133498161953	nan	nan
119.55	2.781395445240257	20.6667	3.53711	0.11125581780961027	1052.1254956838338	nan	nan
119.76	2.788085445240257	20.6338	3.54346	0.11152341780961027	1050.4505824752425	nan	nan
119.96	2.794385445240257	20.6069	3.54952	0.11177541780961027	1049.0811245630505	nan	nan
120.17	2.800715445240257	20.612	3.5563	0.11202861780961028	1049.3407615649903	nan	nan
120.38	2.807695445240257	20.5739	3.56239	0.11230781780961027	1047.4011204328524	nan	nan
120.58	2.8138254452402567	20.5493	3.56814	0.11255301780961027	1046.1487537176138	nan	nan
120.79	2.820215445240257	20.5271	3.57391	0.11280861780961027	1045.0185691209351	nan	nan
120.99	2.826545445240257	20.5059	3.57952	0.11306181780961028	1043.939293740323	nan	nan
121.2	2.8331554452402568	20.4726	3.58631	0.11332621780961027	1042.2440168453047	nan	nan
121.41	2.8398654452402567	20.4659	3.59233	0.11359461780961028	1041.9029250976587	nan	nan
121.62	2.846955445240257	20.4447	3.59981	0.11387821780961029	1040.8236497170465	nan	nan
121.83	2.8536754452402566	20.4217	3.60564	0.11414701780961027	1039.6527377475143	nan	nan
122.04	2.860645445240257	20.3849	3.612	0.11442581780961028	1037.7792785962629	nan	nan
122.23	2.866255445240257	20.3775	3.61693	0.11465021780961028	1037.40255039737	nan	nan
122.45	2.8734754452402567	20.3503	3.62354	0.11493901780961027	1036.0178197203581	nan	nan
122.64	2.8799854452402567	20.3244	3.62918	0.11519941780961027	1034.699271024233	nan	nan
122.84	2.886185445240257	20.2976	3.63515	0.11544741780961028	1033.3349040336477	nan	nan
123.05	2.8923154452402566	20.2774	3.64147	0.11569261780961027	1032.3065378691024	nan	nan
123.25	2.8991754452402567	20.2601	3.64729	0.11596701780961027	1031.42580843115	nan	nan
123.46	2.9060254452402567	20.2127	3.65404	0.11624101780961027	1029.0127115895925	nan	nan
123.65	2.912145445240257	20.2274	3.65979	0.11648581780961027	1029.7610770657716	nan	nan
123.86	2.918815445240257	20.169	3.66615	0.11675261780961028	1026.7879788474816	nan	nan
124.06	2.925245445240257	20.1727	3.673	0.11700981780961028	1026.976342946928	nan	nan
124.28	2.931755445240257	20.1456	3.67867	0.11727021780961028	1025.5967031915231	nan	nan
124.46	2.938235445240257	20.1442	3.6852	0.11752941780961028	1025.5254302890296	nan	nan
124.68	2.9449854452402566	20.0985	3.69144	0.11779941780961027	1023.1988791147855	nan	nan
124.89	2.951265445240257	20.0812	3.69737	0.11805061780961028	1022.3181496768332	nan	nan
125.09	2.957635445240257	20.0449	3.70292	0.11830541780961028	1020.4701451336151	nan	nan
125.3	2.9648554452402567	20.0176	3.70986	0.11859421780961027	1019.0803235349968	nan	nan
125.51	2.9713754452402568	20.0132	3.71684	0.11885501780961027	1018.8563229843037	nan	nan
125.71	2.977435445240257	19.9786	3.722	0.11909741780961028	1017.0948641083987	nan	nan
125.91	2.983875445240257	19.9541	3.72776	0.11935501780961028	1015.847588314767	nan	nan
126.12	2.9911654452402567	19.9451	3.73422	0.11964661780961026	1015.3894053701673	nan	nan
126.33	2.9976754452402568	19.9197	3.74078	0.11990701780961027	1014.0963112820752	nan	nan
126.53	3.0039154452402568	19.8943	3.74631	0.12015661780961027	1012.8032171939836	nan	nan
126.73	3.0101454452402567	19.8558	3.75199	0.12040581780961027	1010.843212375419	nan	nan
126.94	3.0175954452402567	19.8334	3.7589	0.12070381780961027	1009.702845935527	nan	nan
127.15	3.023985445240257	19.813	3.76484	0.12095941780961027	1008.6642979277681	nan	nan
127.36	3.0312254452402567	19.7967	3.77171	0.12124901780961027	1007.8344777058824	nan	nan
127.56	3.0375354452402568	19.7624	3.77744	0.12150141780961027	1006.0882915947974	nan	nan
127.76	3.043855445240257	19.7325	3.78347	0.12175421780961028	1004.5661060344058	nan	nan
127.97	3.049975445240257	19.704	3.78868	0.12199901780961028	1003.1151933765074	nan	nan
128.18	3.0572554452402567	19.6878	3.79662	0.12229021780961027	1002.2904640762283	nan	nan
128.4	3.064185445240257	19.6753	3.80295	0.12256741780961028	1001.6540988753957	nan	nan
128.59	3.0697354452402568	19.6321	3.80774	0.12278941780961027	999.4548207413181	nan	nan
128.79	3.076135445240257	19.6091	3.81337	0.12304541780961027	998.2839087717862	nan	nan
128.99	3.0830754452402567	19.5838	3.82028	0.12332301780961026	996.9959056053007	nan	nan
129.2	3.089335445240257	19.5765	3.82673	0.12357341780961027	996.6242683280145	nan	nan
129.42	3.096465445240257	19.5584	3.83324	0.12385861780961027	995.7028115172087	nan	nan
129.62	3.102995445240257	19.5142	3.8387	0.12411981780961029	993.4526241670644	nan	nan
129.82	3.109495445240257	19.49	3.84459	0.12437981780961029	992.2206211382526	nan	nan
130.02	3.115875445240257	19.4601	3.85047	0.12463501780961028	990.698435577861	nan	nan
130.23	3.122815445240257	19.4309	3.85694	0.12491261780961027	989.211886468716	nan	nan
130.42	3.1288454452402568	19.4135	3.86265	0.12515381780961027	988.3260661091568	nan	nan
130.64	3.136315445240257	19.3909	3.86956	0.12545261780961028	987.1755178260513	nan	nan
130.85	3.143105445240257	19.351	3.87566	0.12572421780961027	985.1442401049936	nan	nan
131.05	3.149345445240257	19.3219	3.88162	0.12597381780961028	983.6627819174552	nan	nan
131.25	3.155995445240257	19.3082	3.88792	0.12623981780961027	982.9653256573428	nan	nan
131.46	3.162425445240257	19.2954	3.89409	0.12649701780961028	982.3136876916901	nan	nan
131.67	3.1688954452402567	19.2666	3.89988	0.12675581780961026	980.8475022689718	nan	nan
131.87	3.1758854452402567	19.2097	3.90612	0.12703541780961028	977.9507678747815	nan	nan
132.08	3.182415445240257	19.202	3.91225	0.12729661780961027	977.5587669110686	nan	nan
132.29	3.1892954452402567	19.1829	3.91958	0.12757181780961027	976.5864008841963	nan	nan
132.49	3.1956154452402568	19.1544	3.92564	0.12782461780961027	975.1354882262978	nan	nan
132.69	3.201735445240257	19.1265	3.93117	0.1280694178096103	973.7151210980394	nan	nan
132.9	3.208435445240257	19.0894	3.9372	0.12833741780961028	971.8263891819682	nan	nan
133.11	3.2153954452402567	19.0645	3.9443	0.12861581780961026	970.5587497019095	nan	nan
133.32	3.221595445240257	19.0442	3.94992	0.1288638178096103	969.5252926157574	nan	nan
133.53	3.2288854452402567	19.0141	3.95656	0.12915541780961026	967.9929252121523	nan	nan
133.74	3.235715445240257	18.9987	3.96392	0.1294286178096103	967.2089232847266	nan	nan
133.94	3.2417654452402567	18.954	3.96854	0.12967061780961026	964.933281326549	nan	nan
134.15	3.2491554452402567	18.9303	3.97525	0.12996621780961026	963.7267329057703	nan	nan
134.35	3.255615445240257	18.9204	3.98174	0.13022461780961028	963.222731666711	nan	nan
134.56	3.262075445240257	18.8738	3.98685	0.13048301780961027	960.8503621980068	nan	nan
134.76	3.268515445240257	18.8559	3.99346	0.13074061780961027	959.9390872304143	nan	nan
134.96	3.2751254452402567	18.8306	3.99943	0.13100501780961027	958.6510840639293	nan	nan
135.18	3.2824354452402567	18.8021	4.00585	0.13129741780961027	957.2001714060307	nan	nan
135.38	3.288635445240257	18.7571	4.01194	0.13154541780961027	954.9092566830334	nan	nan
135.59	3.295845445240257	18.7412	4.01878	0.1318338178096103	954.0998001475741	nan	nan
135.79	3.3023054452402567	18.6946	4.02414	0.13209221780961028	951.7274306788702	nan	nan
136	3.3085354452402567	18.6868	4.03011	0.13234141780961026	951.3303387935506	nan	nan
136.21	3.315755445240257	18.6578	4.03725	0.13263021780961026	949.8539715276189	nan	nan
136.41	3.321985445240257	18.6211	4.04293	0.13287941780961027	947.9856032979741	nan	nan
136.62	3.328585445240257	18.6028	4.04924	0.13314341780961028	947.053964643955	nan	nan
136.83	3.335435445240257	18.572	4.05635	0.13341741780961028	945.4859607891035	nan	nan
137.05	3.341515445240257	18.5419	4.0616	0.13366061780961028	943.9535933854984	nan	nan
137.25	3.348975445240257	18.5301	4.06944	0.13395901780961028	943.3528646359126	nan	nan
137.44	3.3549154452402568	18.4765	4.07454	0.13419661780961026	940.6241306547421	nan	nan
137.65	3.362105445240257	18.459	4.081	0.13448421780961028	939.7332193735765	nan	nan
137.85	3.368215445240257	18.4198	4.08675	0.13472861780961026	937.7375781037653	nan	nan
138.06	3.375225445240257	18.4134	4.0928	0.13500901780961028	937.4117591209389	nan	nan
138.27	3.382585445240257	18.3635	4.09939	0.13530341780961028	934.8713892392151	nan	nan
138.49	3.389185445240257	18.3448	4.106	0.1355674178096103	933.9193868987694	nan	nan
138.68	3.395475445240257	18.3085	4.11177	0.13581901780961028	932.0713823555515	nan	nan
138.88	3.4019554452402567	18.2825	4.1178	0.13607821780961027	930.7477427378195	nan	nan
139.09	3.4092154452402568	18.2517	4.12408	0.13636861780961027	929.179738882968	nan	nan
139.3	3.415795445240257	18.234	4.13038	0.13663181780961028	928.2786457585889	nan	nan
139.5	3.4220754452402566	18.1955	4.13641	0.13688301780961026	926.3186409400244	nan	nan
139.71	3.429455445240257	18.1642	4.14275	0.1371782178096103	924.7251824771395	nan	nan
139.91	3.435725445240257	18.1311	4.14914	0.13742901780961028	923.0400874253346	nan	nan
140.12	3.441855445240257	18.1054	4.15475	0.13767421780961028	921.7317205724227	nan	nan
140.32	3.448545445240257	18.077	4.1611	0.13794181780961026	920.285898836131	nan	nan
140.53	3.455685445240257	18.0405	4.16706	0.1382274178096103	918.4277124496997	nan	nan
140.74	3.461955445240257	18.009	4.17286	0.13847821780961028	916.8240721436014	nan	nan
140.94	3.4686554452402567	17.9858	4.17953	0.13874621780961027	915.6429783308562	nan	nan
141.14	3.474995445240257	17.9529	4.18525	0.13899981780961027	913.9680651222645	nan	nan
141.35	3.482175445240257	17.9238	4.19228	0.13928701780961028	912.4866069347261	nan	nan
141.56	3.488735445240257	17.891	4.19786	0.13954941780961028	910.8167846477413	nan	nan
141.76	3.495385445240257	17.8633	4.20385	0.13981541780961027	909.406599362696	nan	nan
141.98	3.5026754452402566	17.8302	4.2107	0.14010701780961027	907.7215043108913	nan	nan
142.19	3.5098754452402567	17.794	4.21716	0.14039501780961028	905.87859068928	nan	nan
142.4	3.516735445240257	17.776	4.22321	0.1406694178096103	904.962224800081	nan	nan
142.62	3.524125445240257	17.7269	4.23	0.14096501780961027	902.4625822912104	nan	nan
142.81	3.530425445240257	17.7017	4.23492	0.14121701780961027	901.1796700463316	nan	nan
143.02	3.537005445240257	17.6678	4.24166	0.1414802178096103	899.4538476216736	nan	nan
143.23	3.543855445240257	17.6127	4.24739	0.14175421780961028	896.6487498164034	nan	nan
143.43	3.550575445240257	17.596	4.25412	0.14202301780961027	895.798565908091	nan	nan
143.64	3.556815445240257	17.5717	4.25922	0.14227261780961029	894.5614719576723	nan	nan
143.84	3.563245445240257	17.551	4.26561	0.14252981780961027	893.5076511850934	nan	nan
144.04	3.5695954452402567	17.5196	4.27127	0.14278381780961028	891.909101800602	nan	nan
144.25	3.576955445240257	17.4696	4.27792	0.14307821780961028	889.3636409972712	nan	nan
144.46	3.5834754452402566	17.4587	4.28481	0.14333901780961025	888.8087305421453	nan	nan
144.67	3.590725445240257	17.4165	4.29078	0.1436290178096103	886.6603616241342	nan	nan
144.87	3.597145445240257	17.3786	4.29678	0.14388581780961027	884.7309023352096	nan	nan
145.08	3.603725445240257	17.3428	4.3029	0.14414901780961029	882.908352400025	nan	nan
145.29	3.610855445240257	17.3071	4.30951	0.14443421780961027	881.090893386447	nan	nan
145.5	3.617275445240257	17.2697	4.31525	0.14469101780961027	879.1868887055558	nan	nan
145.7	3.6241654452402567	17.2544	4.32085	0.14496661780961026	878.4079776997366	nan	nan
145.9	3.6311454452402567	17.2216	4.32762	0.14524581780961027	876.7381554127517	nan	nan
146.11	3.637945445240257	17.1727	4.33337	0.14551781780961026	874.2486947470945	nan	nan
146.3	3.6440754452402566	17.1395	4.3389	0.14576301780961026	872.558508773683	nan	nan
146.51	3.6514154452402567	17.094	4.34542	0.14605661780961027	870.2421394426522	nan	nan
146.73	3.6576554452402568	17.0709	4.35075	0.14630621780961028	869.0661365515135	nan	nan
146.92	3.6644154452402566	17.041	4.35723	0.14657661780961026	867.5439509911217	nan	nan
147.12	3.671015445240257	17.0024	4.36311	0.14684061780961027	865.5788552509506	nan	nan
147.33	3.678235445240257	16.9779	4.37015	0.14712941780961028	864.3315794573186	nan	nan
147.54	3.6848354452402567	16.9316	4.37585	0.14739341780961027	861.9744827534344	nan	nan
147.75	3.691965445240257	16.883	4.38191	0.14767861780961028	859.5002948525972	nan	nan
