Specimen name:	AWA_4_10_Rz
Specimen ID:	46NTBB
Material:	42CrMoS4
Specimen type:	Round Tensile Specimen
Gauge diameter:	5.004	mm
Gauge length:	25	mm
Parallel length:	30	mm
Original cross-section:	19.666382577842715	mm²
Cross-section after fracture:	13.170361436965894	mm²
Yield stress at 0.2% plastic strain:	1077.1065064221755	MPa
Yield stress at 1% plastic strain:	1144.9953222035329	MPa
Ultimate tensile strength:	1196.0613451353008	MPa
Uniform elongation:	5.014295979615404	%
Elongation after fracture:	10.78391715188548	%
Reduction of area:	33.0310931111226	%
Slope of linear-elastic region:	214578.75586566847	MPa
Crosshead seperation speed:	0.02980030634376788	mm/s
Strain rate:	0.0009933435447922628	s-1
Test temperature:	RT	Cel
Machine type:	INSTRON 8852TT
Standard:	DIN EN ISO 6892-1
Date:	2022-09-13 00:00:00
Heat treatment batch:	Batch 4
Time	Displacement	Force	Machine Displacement	Engineering Strain	Engineering Stress	True Strain	True Stress
s	mm	kN	mm		MPa		MPa
0	0.0009039174156163357	0.149325	0	3.615669662465343e-05	7.592906291177219	3.61560429871119e-05	7.593180825586489
0.23	0.0008375416156163357	0.15044	0.000350952	3.3501664624653425e-05	7.649602025412361	3.350110345644699e-05	7.649858299813928
0.440001	0.0008664629156163357	0.15035	0.000343323	3.465851662465343e-05	7.64502568811984	3.4657916032142437e-05	7.645290653369747
0.640001	0.0012600924156163356	0.227215	0.00576782	5.040369662465342e-05	11.553471976894906	5.040242640104478e-05	11.554054314591392
0.840001	0.0018936264156163359	0.317674	0.0112381	7.574505662465344e-05	16.153148589609458	7.574218811271331e-05	16.154372110764044
1.04	0.0024671074156163357	0.409962	0.0175629	9.868429662465342e-05	20.84582654574649	9.867942764975409e-05	20.847883701476718
1.25	0.003243547415616336	0.522421	0.024292	0.00012974189662465343	26.564163385522146	0.00012973348087266378	26.56760987046203
1.45	0.0038721974156163356	0.62701	0.0300598	0.0001548878966246534	31.88232495316275	0.00015487590273285191	31.88726313941425
1.65	0.004540057415616336	0.74147	0.0363464	0.00018160229662465344	37.70240902540882	0.00018158580892359754	37.70925586947611
1.86	0.005486577415616335	0.863722	0.0423355	0.0002194630966246534	43.918702210803076	0.00021943901812201323	43.92834074518999
2.06	0.006226747415616335	0.992742	0.0484085	0.0002490698966246534	50.47913596059504	0.00024903888386740774	50.49170879377044
2.26	0.007142917415616335	1.12919	0.054718	0.0002857166966246534	57.417270081596534	0.00028567588738228727	57.43367515433345
2.46	0.007869917415616335	1.26245	0.0603333	0.0003147966966246534	64.19330016605846	0.00031474715854050536	64.21350800489617
2.67	0.008739647415616336	1.40694	0.0666428	0.00034958589662465345	71.54035544824293	0.00034952480571241127	71.56536494754715
2.88	0.009558107415616336	1.55312	0.0728302	0.00038232429662465346	78.97334417514256	0.00038225122931366523	79.0035376034064
3.09	0.010540647415616335	1.71401	0.0794296	0.0004216258966246534	87.15430980840894	0.0004215370374024253	87.19105632242662
3.29	0.011383417415616335	1.8675	0.085083	0.0004553366966246534	94.95899881984568	0.0004552330623288339	95.00223713668309
3.5	0.012324217415616335	2.02151	0.0914612	0.0004929686966246533	102.79012889119478	0.0004928472274753895	102.84080120706015
3.69001	0.013194817415616336	2.16043	0.0976334	0.0005277926966246534	109.85395974316422	0.0005276534630482464	109.91193986081197
3.90001	0.014200617415616335	2.34215	0.104172	0.0005680246966246535	119.09409321868893	0.0005678634316620906	119.16174160485926
4.10001	0.015075917415616336	2.48853	0.109489	0.0006030366966246534	126.53725158401636	0.0006028549430617291	126.61355819021156
4.30001	0.016104617415616335	2.65431	0.115944	0.0006441846966246534	134.96686487684315	0.0006439772987266555	135.05380846574823
4.50001	0.017143517415616337	2.8231	0.122086	0.0006857406966246535	143.54953122800876	0.0006855056839056309	143.6479689835532
4.71001	0.018219017415616337	3.01606	0.128639	0.0007287606966246535	153.3611983831774	0.0007284952794907248	153.4729619969463
4.92001	0.019256117415616336	3.17377	0.134026	0.0007702446966246535	161.3804667654413	0.0007699482104131919	161.5047692141062
5.11001	0.020249517415616338	3.35272	0.140427	0.0008099806966246535	170.47975074874057	0.0008096528392869811	170.61783605601244
5.32001	0.021270517415616336	3.53385	0.146545	0.0008508206966246534	179.6898837909032	0.0008504589538667164	179.84276766300658
5.62001	0.022858117415616337	3.79875	0.155251	0.0009143246966246535	193.1595698885616	0.0009139069564131982	193.3361804537001
5.72001	0.023276617415616336	3.90081	0.158493	0.0009310646966246535	198.3491363782823	0.0009306315247432686	198.53381225677015
5.93001	0.02433591741561634	4.07583	0.164124	0.0009734366966246535	207.24858696647476	0.0009729632143686737	207.45033034635156
6.13001	0.025518817415616336	4.27576	0.170197	0.0010207526966246533	217.41466602085322	0.0010202320828392691	217.63659262747973
6.33001	0.026482417415616338	4.47014	0.176521	0.0010592966966246535	227.2985376088594	0.0010587360377801152	227.53931419889608
6.54001	0.027562017415616338	4.65858	0.182739	0.0011024806966246534	236.88037093555914	0.00110187341108752	237.1415269719249
6.75001	0.028766617415616338	4.86334	0.189697	0.0011506646966246536	247.29204675796964	0.0011500031894026283	247.57659698593008
6.96001	0.030019917415616337	5.05982	0.195564	0.0012007966966246534	257.2826995494681	0.0012000763169001752	257.5916437651858
7.16001	0.030909717415616336	5.26197	0.201828	0.0012363886966246535	267.5616615903954	0.0012356249975412372	267.89247180443584
7.36001	0.03212501741561634	5.44252	0.207184	0.0012850006966246535	276.7423026811173	0.0012841757898244966	277.09791673284803
7.56001	0.03313051741561634	5.63545	0.213768	0.0013252206966246536	286.5524443905217	0.0013243433666954856	286.9321896204964
7.78001	0.034384217415616335	5.84935	0.220467	0.0013753686966246534	297.428872689084	0.0013744237434389836	297.83794705005295
7.99001	0.03582901741561634	6.08207	0.227425	0.0014331606966246535	309.26226396370487	0.0014321347019933183	309.7054864853668
8.20001	0.03687251741561634	6.27869	0.233398	0.0014749006966246537	319.26003550210277	0.0014738140988767767	319.73091235086923
8.42001	0.03815931741561634	6.49074	0.23941	0.0015263726966246536	330.0423946452076	0.0015252089738526963	330.54616234512264
8.61001	0.039234517415616336	6.69397	0.245277	0.0015693806966246534	340.3762727336452	0.0015681505056629097	340.9104526856624
8.81001	0.04043721741561634	6.89261	0.251556	0.0016174886966246534	350.47675762016416	0.0016161819706693897	351.04364981404444
9.01001	0.04157381741561634	7.08368	0.257141	0.0016629526966246535	360.1923216921898	0.0016615715217960772	360.79130448485137
9.23001	0.042844417415616336	7.3083	0.263908	0.0017137766966246533	371.61384261048363	0.0017123098569929625	372.2507057540926
9.43001	0.04412781741561634	7.51534	0.269867	0.0017651126966246537	382.1414523109714	0.0017635567159272742	382.8159750403521
9.64001	0.04521461741561634	7.70792	0.275597	0.0018085846966246536	391.93379715312716	0.0018069511765985934	392.6426426207483
9.85001	0.04652801741561634	7.92371	0.281647	0.0018611206966246535	402.90632853483237	0.0018593909573374145	403.6561858416696
10.05	0.04789861741561634	8.15737	0.288254	0.0019159446966246535	414.787517110064	0.0019141116155987961	415.5822270536971
10.26	0.048958117415616335	8.35805	0.293961	0.0019583246966246534	424.9917323085469	0.0019564096785597614	425.82400411378796
10.47	0.05034571741561634	8.5814	0.300713	0.0020138286966246534	436.34867602282395	0.0020118036618746544	437.22740750833293
10.67	0.051511617415616336	8.77642	0.30677	0.0020604646966246535	446.26509045379925	0.0020583448506540825	447.18460391801534
10.88	0.052802617415616336	8.98861	0.312805	0.0021121046966246534	457.05456834380345	0.002109877339223138	458.0199154442161
11.07	0.05387341741561634	9.19194	0.318092	0.0021549366966246535	467.3935312514551	0.002152618150823622	468.40073472371387
11.29	0.05522281741561634	9.4089	0.325294	0.0022089126966246537	478.42555501796306	0.002206476635678453	479.48235530083195
11.5	0.05633661741561634	9.60454	0.33091	0.0022534646966246535	488.3734953280646	0.0022509294530619747	489.4740277585536
11.71	0.057732217415616335	9.83817	0.338203	0.0023092886966246534	500.2531584575321	0.0023066263873885084	501.40838742180887
11.92	0.05895481741561634	10.0278	0.343628	0.0023581926966246536	509.89550113287737	0.0023554165238711226	511.0979329796907
12.13	0.060204117415616334	10.26	0.350067	0.0024081646966246533	521.7024513475859	0.0024052697148188563	522.9587967730638
12.34	0.06148291741561634	10.4578	0.356041	0.0024593166966246534	531.760223752708	0.0024562975263682715	533.067990549584
12.54	0.06279881741561634	10.6672	0.361923	0.0025119526966246534	542.4078351866441	0.0025088030169112463	543.7703380109115
12.75	0.06403951741561634	10.8761	0.368935	0.0025615806966246533	553.0300225245105	0.0025583054408209725	554.4466535548631
12.95	0.06517771741561634	11.0805	0.374771	0.0026071086966246537	563.4233929977511	0.002603716084073752	564.8922990255172
13.16	0.06633931741561634	11.2843	0.380867	0.0026535726966246537	573.786254555708	0.0026500581885586425	575.3088380944955
13.38	0.06777911741561633	11.5111	0.387039	0.002711164696624653	585.3186245328651	0.0027074961188683203	586.9055197239755
13.58	0.06898101741561634	11.7128	0.393021	0.0027592406966246534	595.5747048873299	0.0027554409799640683	597.2180388509352
13.78	0.07027181741561633	11.9138	0.398941	0.002810872696624653	605.7951915072971	0.002806929581301655	607.4980046708515
13.97	0.07144631741561634	12.1127	0.404869	0.0028578526966246535	615.9088969237723	0.0028537767993031325	617.6690738257211
14.19	0.07259541741561634	12.3323	0.411186	0.002903816696624654	627.0751599175276	0.0028996087649941	628.8960712369346
14.4	0.07399031741561633	12.5374	0.417664	0.0029596126966246533	637.5041241252654	0.0029552416652173425	639.3908894251772
14.6	0.07499531741561634	12.7287	0.423584	0.0029998126966246535	647.2313832814832	0.0029953222366351177	649.1729562027049
14.81	0.07637901741561634	12.9595	0.429848	0.0030551606966246537	658.9671460271968	0.0030505031770861053	660.9803965521061
15	0.07756021741561633	13.1416	0.434845	0.0031024086966246534	668.2266018157344	0.003097606157160622	670.2997138365236
15.22	0.07893901741561633	13.3549	0.441185	0.003157560696624653	679.0725211990133	0.003152586070885991	681.2167339021092
15.44	0.08017701741561634	13.5712	0.447685	0.0032070806966246535	690.0709851587093	0.0032019489822813813	692.2840984945126
15.63	0.08122061741561634	13.7722	0.453995	0.0032488246966246538	700.2914717786766	0.003243558668189581	702.5665960070269
15.84	0.08259571741561633	13.9714	0.460121	0.0033038286966246533	710.4204316527936	0.0032983830456319433	712.7675390615566
16.04	0.08379461741561633	14.1628	0.465973	0.0033517846966246534	720.1527756282252	0.0033461799866606	722.5665726808077
16.25	0.08516131741561633	14.387	0.473091	0.0034064526966246533	731.5529403058205	0.0034006638791343803	734.0449407920489
16.46	0.08648181741561634	14.5988	0.478889	0.0034592726966246536	742.3225874008906	0.00345330317566919	744.8904836595743
16.66	0.08761971741561633	14.7825	0.484055	0.0035047886966246534	751.6634002968508	0.003498661237513226	754.2978216858776
16.86	0.08876201741561633	14.9809	0.490356	0.0035504806966246533	761.7516816172563	0.003544192619438496	764.4562662584598
17.07	0.09005911741561634	15.2009	0.49678	0.0036023646966246536	772.9382838878674	0.003595891721607551	775.7226894744147
17.28	0.09115241741561633	15.3881	0.502754	0.0036460966966246535	782.4570654563145	0.0036394657991054105	785.3099795779254
17.48	0.09274561741561634	15.6014	0.508865	0.0037098246966246534	793.3029848395933	0.0037029602689622196	796.2459998446573
17.7	0.09382621741561634	15.8242	0.515572	0.0037530486966246535	804.6319620481938	0.0037460235809461816	807.6517849846214
17.91	0.09559611741561634	16.0344	0.522141	0.0038238446966246536	815.3202520358413	0.003816552386355587	818.4379100576392
18.12	0.09641001741561633	16.2376	0.528015	0.003856400696624653	825.6526046785148	0.003848983845575876	828.8366519583669
18.33	0.09769861741561633	16.4453	0.533897	0.003907944696624654	836.2137741858143	0.0039003285167067774	839.4816513698881
18.53	0.09900071741561633	16.66	0.540184	0.003960028696624654	847.1308810380879	0.003952208421861766	850.4855436367956
18.74	0.10028681741561633	16.8447	0.545906	0.004011472696624653	856.5225421261872	0.004003448192919953	859.95845891797
18.94	0.10139191741561633	17.0306	0.552032	0.004055676696624653	865.9752210448534	0.004047474609088789	869.4873365686993
19.14	0.10263291741561634	17.2218	0.557777	0.004105316696624653	875.6973953818574	0.004096912876412471	879.2924105203093
19.35	0.10415791741561634	17.4417	0.564209	0.0041663166966246536	886.8789128332544	0.0041576616307187385	890.5739312556758
19.54	0.10514691741561634	17.6193	0.569527	0.004205876696624654	895.9095517571657	0.004197056719074674	899.6776368631846
19.75	0.10642491741561634	17.8138	0.575317	0.004256996696624654	905.7995251282287	0.004247961319491443	909.6555107145036
19.96	0.10793091741561633	18.0099	0.581299	0.004317236696624653	915.7708556067141	0.004307944166046572	919.7244551502388
20.17	0.10930491741561633	18.2132	0.588554	0.004372196696624653	926.1082930686016	0.004362666413398477	930.1574206882727
20.38	0.11066291741561633	18.4002	0.593781	0.004426516696624653	935.616904998621	0.0044167484870787565	939.7584288502417
20.58	0.11207491741561634	18.5806	0.599968	0.004482996696624653	944.789918860522	0.0044729779983019935	949.025408945778
20.79	0.11367191741561633	18.7716	0.606178	0.004546876696624653	954.5019235590978	0.00453657088048601	958.841926112212
21	0.11525991741561634	18.9424	0.612389	0.004610396696624653	963.186794776463	0.004599801371062767	967.6274679933329
21.2	0.11694091741561634	19.1113	0.618568	0.004677636696624654	971.775054428764	0.004666730550859314	976.3206650842243
21.41	0.11868991741561634	19.2816	0.624481	0.0047475966966246536	980.4345015500598	0.004736362402660203	985.0892091508757
21.6	0.12045891741561633	19.4174	0.629997	0.004818356696624653	987.3396860425551	0.004806785570319687	992.0970408306415
21.81	0.12284391741561634	19.5869	0.636719	0.004913756696624654	995.9584546101395	0.004901723596572897	1000.8523521360399
22.01	0.12516291741561633	19.7306	0.64257	0.005006516696624653	1003.2653398205339	0.004994025765264673	1008.2882044954902
22.22	0.1275279174156163	19.8615	0.648697	0.005101116696624652	1009.9213681715476	0.0050881500783096344	1015.0730949250054
22.43	0.13022991741561632	19.9838	0.6548	0.005209196696624653	1016.1401020701644	0.005195675766641459	1021.433375733176
22.63	0.1329409174156163	20.1102	0.661247	0.005317636696624653	1022.5673135565519	0.005303547990283581	1028.004955027889
22.84	0.13567991741561633	20.2212	0.667755	0.005427196696624653	1028.2114628839965	0.005412522533735321	1033.7917687387921
23.04	0.13848891741561634	20.3148	0.673363	0.005539556696624653	1032.9708536682203	0.00552426978159755	1038.6930542780763
23.26	0.14176191741561633	20.4289	0.680183	0.005670476696624654	1038.772632391296	0.00565446006308094	1044.6629683963622
23.45	0.14499691741561632	20.5244	0.686798	0.005799876696624653	1043.6286347405842	0.005783122163380129	1049.6815521391463
23.65	0.14796591741561632	20.6079	0.692078	0.005918636696624653	1047.8744587842025	0.005901190371578429	1054.0764470094184
23.86	0.15123791741561632	20.6924	0.698341	0.0060495166966246525	1052.1711310199596	0.006031291834629742	1058.5362578447712
24.07	0.15497491741561634	20.7893	0.704491	0.006198996696624654	1057.0983208382424	0.006179861953360292	1063.6512698371262
24.28	0.15852191741561633	20.8579	0.710121	0.006340876696624653	1060.5865068189876	0.006320857917823601	1067.3115550848306
24.48	0.16201191741561632	20.9317	0.716721	0.006480476696624653	1064.3391033988562	0.006459568688144584	1071.2365281557388
24.69	0.16564991741561633	20.9975	0.722961	0.006625996696624653	1067.6849144416117	0.0066041412700489945	1074.7593911577378
24.88	0.1692129174156163	21.0674	0.728966	0.0067685166966246525	1071.2392030721373	0.006745713127218586	1078.4899035042101
25.09	0.17342991741561634	21.1443	0.735878	0.0069371966966246534	1075.1494290476376	0.006913245055317773	1082.6079521152049
25.3	0.1769559174156163	21.2013	0.741592	0.007078236696624652	1078.0477759995686	0.00705330356519012	1085.6784533283633
25.52	0.18139491741561634	21.2684	0.747993	0.007255796696624653	1081.459689692105	0.007229600045829727	1089.3065413361057
25.71	0.18533391741561633	21.3272	0.754448	0.007413356696624653	1084.4495633898864	0.0073860128246284115	1092.4889748227945
25.91	0.18907291741561633	21.3712	0.759995	0.007562916696624653	1086.6868838440087	0.00753446122300374	1094.9054062218356
26.12	0.19300891741561632	21.4306	0.765915	0.007720356696624653	1089.7072664570735	0.007690707247965936	1098.120195249026
26.33	0.19759391741561633	21.483	0.772285	0.007903756696624653	1092.3717117251645	0.007872685623088103	1101.0055519569155
26.53	0.20145891741561633	21.532	0.778694	0.008058356696624653	1094.8632731399825	0.008026061521648758	1103.6860719289784
26.74	0.2057109174156163	21.5739	0.784973	0.008228436696624652	1096.9938123906122	0.008194767680872395	1106.0203565324573
26.94	0.20960391741561632	21.601	0.790459	0.008384156696624652	1098.3717983975832	0.008349204879985264	1107.580719666502
27.15	0.21418891741561633	21.6709	0.797173	0.008567556696624653	1101.926087028109	0.00853106347311613	1111.3669012542118
27.35	0.21852491741561633	21.6996	0.80291	0.008740996696624653	1103.3854301425024	0.008703015354384667	1113.030118542482
27.56	0.22268191741561633	21.7411	0.808655	0.008907276696624652	1105.4956301162767	0.008867840911513875	1115.342585580632
27.76	0.22702191741561634	21.7815	0.814842	0.009080876696624654	1107.549897078698	0.009039893458141782	1117.607421129429
27.97	0.23201591741561634	21.8208	0.822273	0.009280636696624654	1109.5482310297664	0.009237836194690012	1119.8455450593362
28.18	0.23633791741561633	21.8659	0.82856	0.009453516696624652	1111.8414844952417	0.009409111842978891	1122.3522965329175
28.38	0.24061791741561633	21.8893	0.834541	0.009624716696624654	1113.0313321912975	0.00957869417770832	1123.7439434381054
28.58	0.24491491741561633	21.9203	0.840141	0.009796596696624653	1114.6076261476107	0.009748921162315474	1125.526987535961
28.79	0.24916491741561633	21.9508	0.846008	0.009966596696624653	1116.1584960078546	0.009917257728659019	1127.2827975870762
28.99	0.25381491741561635	21.9685	0.851807	0.010152596696624654	1117.0585090087175	0.010101405279094595	1128.399553537216
29.18	0.25830891741561635	22.0141	0.857712	0.010332356696624655	1119.3771865702622	0.010279342759076689	1130.9429909399703
29.4	0.26326391741561633	22.0406	0.864838	0.010530556696624654	1120.7246636619495	0.010475496589524038	1132.5265182739474
29.61	0.2683619174156163	22.0718	0.871063	0.010734476696624654	1122.3111272566907	0.010677271218108422	1134.3585498985901
29.81	0.27309891741561637	22.0986	0.877251	0.010923956696624654	1123.6738588060198	0.010864721281309013	1135.9488233807458
30.02	0.27729091741561634	22.1277	0.882568	0.011091636696624654	1125.1535411972686	0.0110305755911693	1137.6333355041495
30.21	0.28208591741561634	22.156	0.888916	0.011283436696624653	1126.5925450348063	0.011220253562479621	1139.3043806995956
30.43	0.28697991741561635	22.1556	0.894783	0.011479196696624654	1126.5722057579505	0.01141381062881989	1139.5043497007962
30.64	0.29193391741561636	22.1933	0.901024	0.011677356696624654	1128.4891826015962	0.011609702538718193	1141.6669533151173
30.85	0.29701891741561637	22.2143	0.907288	0.011880756696624655	1129.5569946365185	0.011810734571688972	1142.9769864647656
31.07	0.3018859174156164	22.2091	0.913467	0.012075436696624656	1129.2925840373946	0.012003110277483398	1142.9292851479058
31.28	0.30649891741561636	22.251	0.919937	0.012259956696624654	1131.4231232880247	0.012185412084894511	1145.2943217850957
31.48	0.31138291741561636	22.2801	0.926643	0.012455316696624655	1132.9028056792738	0.012378387367072167	1147.0134689105037
31.69	0.31622491741561637	22.2937	0.932915	0.012648996696624655	1133.5943410923662	0.012569666403228059	1147.9331721681558
31.89	0.32133291741561637	22.3132	0.939568	0.012853316696624656	1134.5858808390792	0.012771413890102935	1149.1690724850228
32.1	0.32604691741561637	22.3369	0.945381	0.013041876696624655	1135.7909829927771	0.012957563698009504	1150.6038289461071
32.31	0.33149591741561635	22.3698	0.952248	0.013259836696624654	1137.4638885141549	0.013172694543924328	1152.5464739241602
32.51	0.33616791741561636	22.3727	0.95752	0.013446716696624655	1137.611348271358	0.013357111967568376	1152.9084857824282
32.71	0.34053491741561637	22.3689	0.962944	0.013621396696624655	1137.4181251412297	0.01352945940797082	1152.9113486337094
32.91	0.34556491741561635	22.3873	0.969147	0.013822596696624653	1138.3537318765896	0.013727935914662145	1154.0887364104171
33.12	0.35045491741561635	22.4211	0.97551	0.014018196696624654	1140.0724007708925	0.013920850468155657	1156.0541599332919
33.33	0.35570791741561636	22.4465	0.982216	0.014228316696624655	1141.3639448512267	0.014128044218386877	1157.6036325246787
33.54	0.3606119174156164	22.4542	0.988327	0.014424476696624656	1141.7554759306981	0.014321433645350618	1158.224701186504
33.74	0.36586791741561636	22.4645	0.9944	0.014634716696624655	1142.2792123097313	0.01452866269163677	1158.9961449703278
33.95	0.37085391741561635	22.4894	1.00071	0.014834156696624655	1143.5453322939961	0.014725206726636816	1160.5088629429388
34.15	0.37572091741561636	22.4889	1.00663	0.015028836696624654	1143.5199081979265	0.014917022628725444	1160.7056821575725
34.35	0.38088091741561636	22.5172	1.01297	0.015235236696624655	1144.9589120354642	0.015120345933723921	1162.4026320682344
34.56	0.3860359174156163	22.5185	1.01894	0.015441436696624653	1145.025014685245	0.015323430948104066	1162.7058459655589
34.75	0.3899199174156163	22.5209	1.02441	0.015596796696624653	1145.147050346379	0.01547641674398777	1163.0076760783709
34.96	0.39520891741561637	22.5272	1.03048	0.015808356696624656	1145.4673939568556	0.01568470606570342	1163.5753511048788
35.18	0.40038391741561635	22.5572	1.03695	0.016015356696624655	1146.9928397210297	0.015888463900944273	1165.3623391776364
35.38	0.40562291741561635	22.5704	1.04373	0.016224916696624653	1147.6640358572663	0.016094699357928816	1166.2847892347625
35.58	0.4106799174156163	22.583	1.05013	0.016427196696624652	1148.3047230782195	0.016293729973482773	1167.1681506318885
35.7901	0.41548791741561636	22.5992	1.05625	0.016619516696624655	1149.1284637908736	0.01648292385604998	1168.226423481413
35.9901	0.42071291741561634	22.6187	1.06237	0.016828516696624652	1150.1200035375869	0.016688486031530905	1169.4748172202412
36.2001	0.4259649174156164	22.6252	1.06842	0.017038596696624653	1150.4505167864913	0.016895067867053703	1170.0525791614398
36.4101	0.43088891741561636	22.6338	1.07421	0.017235556696624653	1150.887811238888	0.017088709417566388	1170.72400336095
36.6101	0.43602391741561636	22.6468	1.08105	0.017440956696624654	1151.5488377366967	0.017290608834349068	1171.6329511497108
36.8101	0.44078991741561635	22.6584	1.08682	0.017631596696624653	1152.1386767655108	0.01747796333455084	1172.4527212528233
37.0201	0.44629491741561633	22.6786	1.09361	0.017851796696624653	1153.1658102467213	0.01769432471737885	1173.7518918487444
37.2201	0.45079291741561633	22.6672	1.09952	0.018031716696624654	1152.5861408563353	0.017871073533590253	1173.3692476167125
37.4301	0.45621491741561637	22.6948	1.10539	0.018248596696624656	1153.9895509593755	0.01808408939333567	1175.048240866952
37.6301	0.46086191741561633	22.6968	1.11086	0.018434476696624652	1154.0912473436538	0.018266621474978092	1175.3663155485888
37.8501	0.4664389174156163	22.7216	1.11727	0.018657556696624653	1155.3522825087043	0.018485639562757065	1176.9083332241853
38.0501	0.4713129174156164	22.7257	1.1237	0.018852516696624654	1155.560760096475	0.018677010396345416	1177.345988620158
38.2501	0.47614091741561637	22.7264	1.12911	0.019045636696624655	1155.5963538309725	0.01886653900478601	1177.6054221539814
38.4701	0.48185191741561634	22.7535	1.1363	0.019274076696624655	1156.974339837943	0.019090684411863505	1179.2739520000061
38.6601	0.48667191741561633	22.7522	1.14241	0.019466876696624655	1156.908237188162	0.019279820751381134	1179.4296271908133
38.8601	0.4916659174156163	22.7659	1.14831	0.01966663669662465	1157.6048574204683	0.019475747108656984	1180.3710515896048
39.0701	0.49655791741561633	22.769	1.15411	0.01986231669662465	1157.7624868160997	0.019667634554309466	1180.7583319887128
39.2801	0.5018549174156164	22.788	1.161	0.020074196696624656	1158.7286024667435	0.01987536651005492	1181.989148350666
39.4801	0.5068479174156163	22.7984	1.16727	0.020273916696624653	1159.2574236649905	0.020071137025220228	1182.760112102318
39.6801	0.5115649174156164	22.8014	1.17294	0.020462596696624657	1159.409968241408	0.020256050657430455	1183.1345068275784
39.8901	0.5163939174156164	22.8005	1.17824	0.020655756696624655	1159.3642048684826	0.020445319447508513	1183.3117498070217
40.0901	0.5218279174156164	22.8242	1.1854	0.020873116696624658	1160.5693070221803	0.020658257901286243	1184.794005602175
40.3001	0.5274549174156163	22.8327	1.19262	0.021098196696624653	1161.001516655363	0.02087871153786297	1185.4965550188374
40.5101	0.5320969174156164	22.8382	1.19796	0.021283876696624654	1161.2811817121283	0.02106053843786414	1185.9977471937998
40.7201	0.5376279174156163	22.8567	1.20502	0.02150511669662465	1162.2218732667025	0.021277144266053608	1187.2155902786726
40.9201	0.5423629174156164	22.8626	1.21075	0.021694516696624654	1162.5218776003235	0.021462539757954667	1187.7422278841152
41.1201	0.5473719174156163	22.8696	1.21656	0.02189487669662465	1162.8778149452974	0.021658626115898923	1188.338881316765
41.3301	0.5524369174156164	22.878	1.22274	0.022097476696624655	1163.304939759266	0.02185686560571609	1189.0110435566648
41.5401	0.5579269174156164	22.8976	1.2295	0.022317076696624655	1164.3015643251933	0.022071694834436058	1190.2853716342388
41.7501	0.5626039174156163	22.8825	1.23458	0.022504156696624655	1163.5337566238923	0.022254674155529494	1189.7181026047685
41.9501	0.5679409174156164	22.91	1.24113	0.022717636696624653	1164.9320819077186	0.022463433911038555	1191.3965857207406
42.1501	0.5727729174156163	22.913	1.24674	0.022910916696624654	1165.0846264841362	0.022652402724809277	1191.7777833060322
42.3601	0.5785109174156163	22.927	1.25378	0.023140436696624654	1165.7965011740841	0.022876756820890076	1192.7735413106495
42.5701	0.5835319174156164	22.9387	1.25953	0.023341276696624655	1166.3914250221121	0.023073035145128557	1193.6164900101235
42.7701	0.5884539174156164	22.9512	1.26611	0.023538156696624655	1167.0270274238512	0.023265406026769436	1194.4966924645498
42.9801	0.5938339174156163	22.9452	1.2723	0.023753356696624654	1166.7219382710164	0.023475635004308524	1194.435500636545
43.1801	0.5986349174156164	22.9595	1.2784	0.023945396696624655	1167.449067418606	0.023663201657113248	1195.4040984610492
43.3901	0.6034919174156164	22.9493	1.28432	0.024139676696624656	1166.9304158587868	0.02385292033931694	1195.0997388250757
43.5801	0.6087629174156164	22.9806	1.29081	0.024350516696624656	1168.521964272742	0.02405876950708406	1196.9760778741381
43.7901	0.6135909174156163	22.9756	1.29707	0.024543636696624654	1168.2677233120462	0.02424728095385852	1196.94126187741
44.0001	0.6185769174156164	22.9762	1.30248	0.024743076696624657	1168.2982322273297	0.02444192428934305	1197.2055249918615
44.2001	0.6238739174156164	22.99	1.30894	0.024954956696624654	1168.99993727885	0.024648666938555715	1198.1722800920006
44.3901	0.6280639174156164	22.9951	1.31385	0.025122556696624655	1169.2592630587596	0.024812172951648764	1198.634045188007
44.6101	0.6336139174156163	23.0035	1.32069	0.025344556696624655	1169.6863878727283	0.025028708978408042	1199.3315708474388
44.8201	0.6391919174156163	23.0164	1.32761	0.02556767669662465	1170.3423295513232	0.025246290206163563	1200.265263857666
45.0201	0.6441199174156164	23.0183	1.33418	0.025764796696624653	1170.4389411163875	0.02543847748264206	1200.5950624800637
45.2301	0.6491689174156163	23.0296	1.33984	0.025966756696624654	1171.0135256875599	0.025635345343175103	1201.4209489975453
45.4201	0.6541959174156163	23.0423	1.34595	0.026167836696624654	1171.6592977277269	0.025831316895227274	1202.3190868947481
45.6301	0.6593989174156164	23.045	1.35195	0.026375956696624656	1171.7965878465027	0.026034109158547612	1202.7038439047944
45.8301	0.6652089174156164	23.0634	1.35829	0.026608356696624657	1172.732194581863	0.026260511279086563	1203.9366711249127
46.0301	0.6695189174156163	23.038	1.36311	0.026780756696624653	1171.4406505015286	0.0264284287958209	1202.812717547146
46.2401	0.6749069174156164	23.0757	1.37016	0.026996276696624653	1173.3576273451743	0.026638305522736137	1205.0339145170797
46.4401	0.6800529174156164	23.0838	1.37605	0.027202116696624656	1173.7694977015012	0.026838714598462203	1205.698512552916
46.6401	0.6850149174156164	23.0926	1.38226	0.027400596696624657	1174.216961792326	0.027031919834027675	1206.3912071967334
46.8401	0.6899989174156164	23.0831	1.38777	0.027599956696624656	1173.7339039670042	0.02722594411328767	1206.1289088898538
47.0501	0.6950489174156164	23.0899	1.39417	0.027801956696624653	1174.0796716735501	0.027422499345949366	1206.7213838638054
47.2501	0.6995669174156164	23.0856	1.39911	0.027982676696624655	1173.8610244473516	0.02759831542855853	1206.7087979812304
47.4501	0.7045069174156163	23.099	1.40618	0.028180276696624654	1174.5423902220164	0.02779051809448257	1207.6413197703876
47.6701	0.7098199174156163	23.0966	1.41187	0.028392796696624655	1174.4203545608823	0.027997192006055157	1207.7654329243073
47.8601	0.7150559174156164	23.1108	1.4184	0.028602236696624653	1175.1423988892582	0.028200828862074565	1208.754099934528
48.0601	0.7198699174156163	23.1339	1.42465	0.028794796696624655	1176.3169921276724	0.028388016845178218	1210.1888007667737
48.2601	0.7250969174156163	23.1301	1.42998	0.02900387669662465	1176.1237689975435	0.02859122428565614	1210.2359177735177
48.4801	0.7304319174156163	23.1436	1.43719	0.02921727669662465	1176.8102195914219	0.028798587814509845	1211.19340939664
48.6901	0.7353629174156163	23.1529	1.44334	0.029414516696624652	1177.2831077783158	0.028990210232114236	1211.9123214087151
48.9001	0.7408979174156164	23.154	1.44958	0.029635916696624656	1177.339040789669	0.02920526081782372	1212.2305625261956
49.1101	0.7461879174156163	23.1685	1.45561	0.02984751669662465	1178.0763395756865	0.029410749240127564	1213.2389927910701
49.3101	0.7511499174156163	23.1623	1.46125	0.030045996696624652	1177.761080784424	0.029603458231465082	1213.1480863270858
49.5101	0.7559769174156163	23.1714	1.46732	0.030239076696624654	1178.22379933289	0.029790888605114602	1213.8521991667058
49.7201	0.7616539174156164	23.1826	1.47385	0.030466156696624655	1178.7932990848485	0.030011279175526418	1214.7066004476987
49.9301	0.7667959174156164	23.1865	1.47972	0.030671836696624655	1178.991607034191	0.03021085824431473	1215.153445071835
50.1401	0.7720579174156164	23.1812	1.48597	0.030882316696624654	1178.7221116158537	0.03041505370567061	1215.1237811640885
50.3401	0.7776829174156163	23.208	1.49258	0.031107316696624653	1180.0848431651827	0.030633289527276446	1216.7941161104088
50.5501	0.7824709174156164	23.2111	1.49868	0.03129883669662466	1180.242472560814	0.03081901434218297	1217.1826889719155
50.7501	0.7872789174156164	23.2123	1.50409	0.03149115669662465	1180.3034903913808	0.031005480246296555	1217.4726125568689
50.9501	0.7922519174156164	23.214	1.50987	0.03169007669662466	1180.3899323180174	0.031198308677843588	1217.7965798050989
51.1501	0.7973679174156163	23.2119	1.51617	0.03189471669662465	1180.2831511145253	0.031396643150287826	1217.9279478411224
51.3501	0.8023839174156163	23.2228	1.52232	0.03209535669662465	1180.8373964088419	0.031591062690593294	1218.7367938472971
51.5501	0.8071559174156163	23.2261	1.52781	0.03228623669662465	1181.005195442901	0.03177598974202095	1219.1354087229138
51.7701	0.8131979174156163	23.2487	1.53501	0.03252791669662465	1182.1543645852457	0.032010083450364164	1220.6073832790257
51.9801	0.8183389174156164	23.2338	1.54089	0.03273355669662466	1181.3967265223723	0.032209225305600386	1220.0680432511992
52.1801	0.8237219174156164	23.25	1.54743	0.032948876696624656	1182.2204672350265	0.032417698783710036	1221.1733036381793
52.3901	0.8284149174156163	23.2311	1.55249	0.03313659669662465	1181.259436403597	0.03259941440286906	1220.4023539417851
52.5801	0.8337809174156163	23.2584	1.55939	0.03335123669662465	1182.6475920489954	0.03280714850834353	1222.0903518201146
52.8001	0.8388499174156163	23.2565	1.56516	0.03355399669662465	1182.550980483931	0.033003345215744204	1222.230292176679
53.0201	0.8448319174156164	23.2953	1.5723	0.03379327669662466	1184.5238903389295	0.033234830273090855	1224.5528339189152
53.2301	0.8496439174156164	23.2821	1.578	0.03398575669662465	1183.8526942026929	0.03342100103645334	1224.0868238325093
53.4401	0.8551019174156164	23.2891	1.58434	0.034204076696624654	1184.208631547667	0.03363212285640043	1224.7133944059285
53.6501	0.8601899174156163	23.2883	1.58997	0.03440759669662465	1184.1679529939556	0.033828892509471874	1224.9123263416393
53.8501	0.8652879174156164	23.2824	1.59603	0.034611516696624656	1183.8679486603346	0.034026010070484405	1224.8434139319904
54.0501	0.8703079174156163	23.2901	1.60185	0.03481231669662465	1184.259479739806	0.03422007374887641	1225.486295799488
54.2601	0.8760229174156163	23.2995	1.60837	0.03504091669662465	1184.737452745914	0.03444095897613933	1226.2517391349547
54.4601	0.8814109174156164	23.3076	1.61569	0.035256436696624656	1185.1493231022412	0.03464916095294746	1226.9334651882427
54.6701	0.8861199174156164	23.3085	1.62085	0.035444796696624654	1185.1950864751664	0.034831089661427506	1227.2040853611172
54.8801	0.8918659174156164	23.322	1.62767	0.035674636696624656	1185.8815370690447	0.035053037268347485	1228.1874300692177
55.0901	0.8969259174156163	23.3116	1.6329	0.035877036696624655	1185.3527158707975	0.035248446345749196	1227.8796587565378
55.2801	0.9021659174156164	23.3208	1.63915	0.03608663669662465	1185.8205192384778	0.03545076649586239	1228.6127935036395
55.4901	0.9069559174156163	23.3265	1.64481	0.03627823669662465	1186.110353933671	0.03563567601928252	1229.1403461019938
55.6901	0.9123619174156163	23.3423	1.65147	0.03649447669662465	1186.9137553694693	0.03584432407740036	1230.2295517557036
55.9001	0.9179439174156163	23.344	1.65762	0.03671775669662465	1187.0001972961059	0.03605971929576423	1230.5841817392698
56.1001	0.9228559174156163	23.3337	1.66257	0.03691423669662466	1186.4764609170727	0.036249222545341825	1230.274333830339
56.3201	0.9280179174156163	23.3418	1.66917	0.03712071669662465	1186.8883312733997	0.036448332015839864	1230.9464767691293
56.5201	0.9339959174156164	23.3426	1.6751	0.037359836696624654	1186.929009827111	0.0366788668363931	1231.2724838047382
56.7201	0.9391109174156164	23.3581	1.6807	0.03756443669662465	1187.7171568052677	0.03687607885351266	1232.333082755574
56.9301	0.9445129174156164	23.3638	1.68684	0.037780516696624654	1188.006991500461	0.03708431411621218	1232.8905094785512
57.1301	0.9496889174156163	23.3639	1.69326	0.03798755669662465	1188.0120763196749	0.03728379690365861	1233.1417524251433
57.3401	0.9556679174156163	23.3666	1.69998	0.038226716696624655	1188.1493664384502	0.03751417775030112	1233.5684156625668
57.5501	0.9612759174156164	23.371	1.70658	0.038451036696624655	1188.3730984838626	0.03773021512105446	1234.067276102947
57.7501	0.9664849174156164	23.3733	1.71172	0.03865939669662465	1188.4900493257826	0.037930839986587986	1234.436357612659
57.9601	0.9722499174156164	23.366	1.71815	0.03888999669662466	1188.118857523167	0.038152832302804786	1234.3247959674404
58.1501	0.9768659174156163	23.3816	1.72352	0.03907463669662466	1188.9120893205375	0.0383305446637551	1235.3683972749623
58.3601	0.9830329174156164	23.3862	1.73062	0.039321316696624656	1189.1459910043775	0.03856792003080739	1235.9047771151822
58.5701	0.9880579174156163	23.3882	1.73589	0.039522316696624656	1189.2476873886558	0.03876129676910337	1236.2495111203589
58.7801	0.9936779174156164	23.3884	1.74241	0.03974711669662465	1189.2578570270837	0.038977526563343	1236.5274278527168
58.9901	0.9988189174156163	23.3975	1.74832	0.03995275669662465	1189.72057557555	0.03917528586823231	1237.2531922684882
59.1901	1.0044139174156161	23.4041	1.75433	0.04017655669662465	1190.056173643668	0.03939046479910208	1237.8685329762309
59.3901	1.0097839174156162	23.4003	1.75999	0.04039135669662465	1189.8629505135395	0.039596946884479456	1237.9231293678304
59.5901	1.0149739174156163	23.4058	1.7656	0.04059895669662465	1190.1426155703048	0.03979646727566297	1238.4611640826513
59.7901	1.0202939174156163	23.4219	1.77222	0.04081175669662465	1190.9612714637449	0.04000094397924871	1239.5664931098258
60.0001	1.0262839174156162	23.4188	1.77964	0.04105135669662465	1190.8036420681135	0.04023112241847121	1239.6877471342914
60.2101	1.0315339174156162	23.4181	1.78542	0.041261356696624646	1190.768048333616	0.04043282123091305	1239.900753518853
60.4101	1.0367639174156162	23.4186	1.79102	0.04147055669662465	1190.7934724296858	0.040633711224827576	1240.1763406420516
60.6001	1.0417339174156162	23.4153	1.79679	0.041669356696624645	1190.6256733956266	0.04082457694568032	1240.2382792725077
60.8101	1.0472239174156162	23.4324	1.80254	0.041888956696624645	1191.495177481206	0.04103537018280897	1241.4056673749533
61.0201	1.0534239174156161	23.448	1.80972	0.04213695669662464	1192.2884092785764	0.04127337106329385	1242.527814350235
61.2401	1.0594739174156163	23.4391	1.81657	0.04237895669662465	1191.835860368538	0.041505559265391435	1242.3446206845806
61.4501	1.0646939174156163	23.4302	1.82223	0.04258775669662465	1191.3833114584997	0.04170585023345031	1242.1216540593132
61.6501	1.0698839174156163	23.4262	1.82829	0.042795356696624653	1191.1799186899432	0.04190495034062243	1242.1568882001357
61.8601	1.0760139174156163	23.4529	1.8352	0.04304055669662465	1192.5375654200584	0.04214005991904611	1243.865046117375
62.0601	1.0813439174156163	23.4453	1.8411	0.04325375669662465	1192.1511191598008	0.04234444143834913	1243.7161336135478
62.2601	1.0866839174156162	23.4384	1.847	0.043467356696624646	1191.8002666340408	0.04254916453179463	1243.604673934955
62.4701	1.0920639174156161	23.4603	1.8534	0.043682556696624644	1192.9138420418878	0.042755378756639366	1245.0233685810708
62.6801	1.0978739174156162	23.4524	1.85989	0.04391495669662465	1192.5121413239888	0.04297802703962407	1244.8812603704307
62.8801	1.1031139174156162	23.4436	1.86555	0.04412455669662465	1192.0646772331643	0.04317878952458626	1244.6640026697826
63.0901	1.1083939174156163	23.4468	1.8717	0.04433575669662465	1192.2273914480095	0.0433810437875623	1245.0856950022999
63.2901	1.1138939174156162	23.4558	1.87776	0.04455575669662465	1192.6850251772617	0.04359168182156526	1245.8260089747673
63.5001	1.1197639174156162	23.4538	1.88361	0.04479055669662465	1192.5833287929836	0.04381644111540124	1245.9997999967352
63.7101	1.1253739174156163	23.4592	1.89034	0.045014956696624656	1192.857909030535	0.04403119794269863	1246.554356150771
63.9201	1.1310839174156162	23.4572	1.89671	0.045243356696624645	1192.7562126462567	0.04424973552673353	1246.7205074271262
64.1201	1.1363739174156162	23.4628	1.90286	0.04545495669662465	1193.040962522236	0.044452155932745305	1247.2705878109837
64.3301	1.1421039174156162	23.4841	1.90877	0.04568415669662465	1194.1240290147996	0.04467136660070114	1248.6765782715165
64.5401	1.1481739174156163	23.4679	1.91581	0.04592695669662465	1193.3002883021454	0.044903532130455656	1248.104938969068
64.7501	1.1534339174156163	23.4724	1.92152	0.04613735669662465	1193.5291051667716	0.04510467317508055	1248.595383219654
64.9501	1.1591239174156163	23.4914	1.92768	0.04636495669662465	1194.495220817415	0.045322211764587374	1249.8779400049395
65.1601	1.1651239174156163	23.478	1.9345	0.04660495669662465	1193.8138550427507	0.04555155094382368	1249.4514980608487
65.3701	1.1705339174156162	23.4825	1.94012	0.04682135669662465	1194.0426719073769	0.045758293353992424	1249.949369759743
65.5601	1.1760039174156163	23.4915	1.9465	0.04704015669662465	1194.500305636629	0.045967285208894884	1250.6897871879423
65.7701	1.1815439174156162	23.476	1.95206	0.04726175669662465	1193.7121586584724	0.046178907038020654	1250.1290922667918
65.9701	1.1869739174156162	23.4858	1.95834	0.04747895669662465	1194.2104709414361	0.04638628353993299	1250.9103381779205
66.1801	1.1926739174156162	23.4788	1.96469	0.04770695669662465	1193.854533596462	0.04660392532479076	1250.8097001328174
66.3901	1.1981139174156163	23.4921	1.97042	0.047924556696624654	1194.5308145519127	0.04681159542269814	1251.778174299771
66.5901	1.2036739174156161	23.4913	1.97704	0.048146956696624645	1194.4901359982011	0.047023801923681975	1252.0012008506517
66.8001	1.2095739174156162	23.4873	1.98308	0.048382956696624645	1194.2867432296448	0.047248935845682606	1252.0698670106776
67.0001	1.2152939174156163	23.508	1.98919	0.04861175669662465	1195.339300806925	0.04746715289644247	1253.4468440676646
67.2001	1.2207939174156162	23.5013	1.99516	0.048831756696624644	1194.9986179195926	0.04767693208658692	1253.3524996826447
67.4101	1.2262039174156163	23.4924	2.00082	0.04904815669662465	1194.5460690095545	0.0478832356022324	1253.136351783672
67.6101	1.2316239174156163	23.4882	2.00725	0.04926495669662465	1194.33250660257	0.048089877784838676	1253.1712458217166
67.8201	1.2378339174156163	23.4986	2.0143	0.049513356696624655	1194.861327800817	0.04832658692136323	1254.0229229272213
68.0101	1.2428339174156162	23.4958	2.01976	0.04971335669662465	1194.7189528628273	0.048517133277627744	1254.1124423187148
68.2301	1.2487739174156163	23.4975	2.02589	0.04995095669662465	1194.805394789464	0.04874345517060727	1254.4870673254861
68.4401	1.2547439174156163	23.5053	2.03249	0.05018975669662465	1195.2020106881491	0.04897086850487221	1255.188908807904
68.6501	1.2602539174156162	23.5052	2.03866	0.05041015669662465	1195.196925868935	0.04918071332053979	1255.4469901853122
68.8501	1.2662239174156162	23.513	2.04502	0.05064895669662465	1195.5935417676205	0.04940802724950639	1256.1491072913727
69.0601	1.2721539174156162	23.505	2.05077	0.05088615669662465	1195.1867562305074	0.04963376699517661	1256.0052167897834
69.2601	1.2774339174156162	23.4931	2.05648	0.05109735669662465	1194.5816627440515	0.049834720046772966	1255.6216280685312
69.4801	1.2834739174156162	23.5148	2.06304	0.05133895669662465	1195.685068513471	0.050064548650402434	1257.0702924686848
69.6701	1.2889239174156162	23.503	2.06872	0.05155695669662465	1195.0850598462291	0.05027188178505028	1256.7000085255042
69.8801	1.2952939174156162	23.5072	2.07569	0.05181175669662465	1195.2986222532136	0.05051415980280715	1257.2291436492078
70.0901	1.3007239174156162	23.4993	2.08121	0.05202895669662465	1194.8969215353145	0.050720639313721415	1257.0661617228054
70.3001	1.3064539174156162	23.5146	2.08736	0.05225815669662465	1195.6748988750433	0.05093848031027339	1258.1586650986762
70.5001	1.3125539174156162	23.5097	2.09348	0.05250215669662465	1195.4257427335613	0.05117033569023312	1258.1881723977376
70.7101	1.3179239174156163	23.5026	2.09978	0.052716956696624656	1195.0647205693735	0.051374399960198	1258.064895693293
70.9101	1.3235339174156162	23.5069	2.10532	0.05294135669662465	1195.2833677955718	0.05158753995487065	1258.5632909235799
71.1301	1.3295139174156163	23.5124	2.11178	0.05318055669662465	1195.563032852337	0.05181468730043251	1259.1437405053293
71.3401	1.3355239174156162	23.5111	2.11837	0.053420956696624645	1195.496930202556	0.05204292220818814	1259.3615199418546
71.5401	1.3410539174156162	23.5096	2.12465	0.05364215669662465	1195.4206579143474	0.05225288269718035	1259.5456001645712
71.7401	1.3469539174156162	23.5139	2.13068	0.05387815669662465	1195.6393051405457	0.052476842579784154	1260.0581469755514
71.9501	1.3525439174156162	23.5087	2.13618	0.05410175669662465	1195.3748945414222	0.05268898881459212	1260.0467762471555
72.1501	1.3582639174156161	23.5092	2.14221	0.05433055669662465	1195.4003186374919	0.05290602210462912	1260.3470834243892
72.3501	1.3636339174156162	23.5068	2.14836	0.05454535669662465	1195.278282976358	0.05310973252626068	1260.4751632730326
72.5601	1.3701539174156163	23.4968	2.15427	0.054806156696624655	1194.7698010549666	0.05335701231786767	1260.2505419879801
72.7601	1.3756939174156162	23.5097	2.16089	0.05502775669662465	1195.4257427335613	0.053567076246983696	1261.2073396535854
72.9601	1.3812039174156163	23.5088	2.16693	0.05524815669662465	1195.3799793606363	0.053775958885886675	1261.4225197723608
73.1701	1.3874939174156162	23.5188	2.17303	0.05549975669662465	1195.8884612820275	0.05401435779614504	1262.2599799194809
73.3601	1.3932439174156162	23.5222	2.17924	0.055729756696624645	1196.0613451353008	nan	nan
73.5701	1.3989339174156163	23.5122	2.18488	0.055957356696624654	1195.5528632139094	nan	nan
73.7801	1.4052439174156162	23.5006	2.19173	0.056209756696624646	1194.9630241850953	nan	nan
73.9901	1.4108339174156161	23.497	2.19762	0.056433356696624644	1194.7799706933943	nan	nan
74.2001	1.4167239174156163	23.5072	2.20452	0.05666895669662465	1195.2986222532136	nan	nan
74.4001	1.4225239174156163	23.5091	2.21034	0.056900956696624656	1195.3952338182778	nan	nan
74.6101	1.4284539174156163	23.5011	2.21642	0.057138156696624656	1194.988448281165	nan	nan
74.8101	1.4338339174156163	23.4908	2.22152	0.05735335669662465	1194.4647119021317	nan	nan
75.0201	1.4401039174156163	23.5048	2.22861	0.05760415669662465	1195.1765865920797	nan	nan
75.2201	1.4456539174156162	23.5013	2.23439	0.05782615669662465	1194.9986179195926	nan	nan
75.4201	1.4516139174156162	23.5143	2.24046	0.05806455669662465	1195.6596444174015	nan	nan
75.6401	1.4580039174156163	23.5011	2.24728	0.05832015669662465	1194.988448281165	nan	nan
75.8501	1.4642239174156162	23.5088	2.25372	0.058568956696624645	1195.3799793606363	nan	nan
76.0601	1.4699939174156162	23.4988	2.25941	0.05879975669662465	1194.8714974392449	nan	nan
76.2701	1.4762639174156162	23.5046	2.26608	0.05905055669662465	1195.1664169536518	nan	nan
76.4701	1.4822939174156162	23.502	2.27205	0.05929175669662465	1195.03421165409	nan	nan
76.6701	1.4883939174156162	23.514	2.27843	0.05953575669662465	1195.6443899597598	nan	nan
76.8701	1.4941139174156162	23.4896	2.28484	0.05976455669662464	1194.4036940715646	nan	nan
77.0901	1.5006239174156162	23.4964	2.29131	0.060024956696624644	1194.749461778111	nan	nan
77.3001	1.5063739174156163	23.4996	2.29764	0.06025495669662465	1194.9121759929562	nan	nan
77.5001	1.5121139174156162	23.4917	2.303	0.06048455669662465	1194.510475275057	nan	nan
77.7101	1.5185139174156161	23.4891	2.31034	0.06074055669662465	1194.3782699754952	nan	nan
77.9001	1.5235239174156163	23.4724	2.31527	0.06094095669662465	1193.5291051667716	nan	nan
78.1201	1.5300539174156162	23.4824	2.32178	0.06120215669662465	1194.0375870881628	nan	nan
78.3201	1.5359439174156162	23.4872	2.32781	0.06143775669662465	1194.2816584104307	nan	nan
78.5301	1.5423639174156163	23.4789	2.33457	0.06169455669662465	1193.8596184156759	nan	nan
78.7401	1.5480339174156161	23.4671	2.34038	0.061921356696624644	1193.259609748434	nan	nan
78.9301	1.5537139174156163	23.4691	2.34605	0.06214855669662465	1193.3613061327123	nan	nan
79.1401	1.5596439174156163	23.4659	2.35244	0.06238575669662465	1193.1985919178671	nan	nan
79.3401	1.5658139174156163	23.4712	2.35824	0.06263255669662465	1193.4680873362045	nan	nan
79.5501	1.5722639174156163	23.4692	2.36478	0.06289055669662465	1193.3663909519262	nan	nan
79.7501	1.5778239174156163	23.4611	2.37043	0.06311295669662466	1192.9545205955992	nan	nan
79.9501	1.5840439174156162	23.4705	2.37762	0.06336175669662465	1193.4324936017072	nan	nan
80.1501	1.5898939174156161	23.4522	2.38305	0.06359575669662465	1192.5019716855609	nan	nan
80.3501	1.5960739174156162	23.4671	2.38966	0.06384295669662465	1193.259609748434	nan	nan
80.5601	1.6021139174156163	23.4663	2.39555	0.06408455669662465	1193.2189311947227	nan	nan
80.7601	1.6082239174156163	23.452	2.40095	0.06432895669662465	1192.491802047133	nan	nan
80.9601	1.6140239174156163	23.4466	2.40715	0.06456095669662465	1192.2172218095816	nan	nan
81.1601	1.6201139174156163	23.4573	2.41337	0.06480455669662465	1192.7612974654705	nan	nan
81.3701	1.6265739174156162	23.4364	2.42015	0.06506295669662465	1191.6985702497623	nan	nan
81.5701	1.6324839174156163	23.4404	2.42628	0.06529935669662465	1191.901963018319	nan	nan
81.7701	1.6383839174156163	23.4208	2.432	0.06553535669662465	1190.9053384523918	nan	nan
81.9701	1.6441939174156162	23.4204	2.43762	0.06576775669662464	1190.8849991755362	nan	nan
82.1801	1.6501339174156162	23.429	2.44362	0.06600535669662465	1191.3222936279328	nan	nan
82.3801	1.6561839174156163	23.4192	2.44978	0.06624735669662465	1190.8239813449693	nan	nan
82.5801	1.6624139174156163	23.417	2.45557	0.06649655669662465	1190.7121153222631	nan	nan
82.7901	1.6688039174156162	23.4094	2.46176	0.06675215669662465	1190.3256690620058	nan	nan
83.0001	1.6749739174156162	23.4051	2.46789	0.06699895669662465	1190.1070218358075	nan	nan
83.2101	1.6816539174156162	23.4043	2.47435	0.06726615669662465	1190.0663432820959	nan	nan
83.4201	1.6874839174156162	23.3941	2.48043	0.06749935669662464	1189.5476917222768	nan	nan
83.6201	1.6935039174156163	23.3982	2.48672	0.06774015669662466	1189.7561693100472	nan	nan
83.8301	1.7001039174156163	23.394	2.49287	0.06800415669662466	1189.5426069030627	nan	nan
84.0401	1.7063639174156162	23.3792	2.49915	0.06825455669662465	1188.7900536594036	nan	nan
84.2501	1.7126339174156162	23.3745	2.50487	0.06850535669662465	1188.5510671563495	nan	nan
84.4401	1.7187139174156163	23.3702	2.51112	0.06874855669662465	1188.3324199301512	nan	nan
84.6401	1.7248439174156163	23.3629	2.51707	0.06899375669662465	1187.9612281275356	nan	nan
84.8601	1.7315439174156162	23.3555	2.52462	0.06926175669662465	1187.584951505706	nan	nan
85.0701	1.7386039174156163	23.3522	2.53098	0.06954415669662466	1187.417152471647	nan	nan
85.2701	1.7444339174156163	23.3227	2.53615	0.06977735669662465	1185.917130803542	nan	nan
85.4701	1.7503939174156162	23.3234	2.54221	0.07001575669662465	1185.9527245380393	nan	nan
85.6701	1.7564039174156163	23.3235	2.54806	0.07025615669662465	1185.9578093572534	nan	nan
85.8701	1.7625639174156162	23.3212	2.55434	0.07050255669662465	1185.8408585153334	nan	nan
86.0801	1.7686239174156162	23.3031	2.56068	0.07074495669662464	1184.920506237615	nan	nan
86.2901	1.7754039174156162	23.2889	2.56796	0.07101615669662464	1184.1984619092393	nan	nan
86.4901	1.7817139174156162	23.2957	2.57391	0.07126855669662464	1184.5442296157853	nan	nan
86.6901	1.7876939174156163	23.2798	2.5797	0.07150775669662465	1183.735743360773	nan	nan
86.8901	1.7937739174156162	23.2745	2.58525	0.07175095669662465	1183.4662479424355	nan	nan
87.0901	1.8001139174156162	23.2658	2.59161	0.07200455669662464	1183.0238686708249	nan	nan
87.2901	1.8063039174156161	23.2689	2.5977	0.07225215669662464	1183.1814980664562	nan	nan
87.5001	1.8127139174156162	23.2528	2.60332	0.07250855669662465	1182.3628421730161	nan	nan
87.7101	1.8194239174156162	23.2314	2.61054	0.07277695669662465	1181.2746908612387	nan	nan
87.9001	1.8253439174156163	23.2396	2.61671	0.07301375669662465	1181.6916460367795	nan	nan
88.1101	1.8315139174156163	23.2103	2.62218	0.07326055669662465	1180.2017940071025	nan	nan
88.3101	1.8379139174156163	23.2106	2.62836	0.07351655669662466	1180.2170484647443	nan	nan
88.5201	1.8440239174156163	23.1937	2.63423	0.07376095669662465	1179.357714017593	nan	nan
88.7301	1.8507839174156162	23.1748	2.64066	0.07403135669662465	1178.3966831861633	nan	nan
88.9401	1.8571339174156163	23.1753	2.64711	0.07428535669662466	1178.4221072822327	nan	nan
89.1401	1.8637439174156163	23.173	2.65395	0.07454975669662466	1178.3051564403127	nan	nan
89.3601	1.8702939174156163	23.1507	2.66009	0.07481175669662465	1177.1712417556098	nan	nan
89.5701	1.8766739174156162	23.1413	2.66637	0.07506695669662465	1176.693268749502	nan	nan
89.7701	1.8835739174156163	23.1262	2.67303	0.07534295669662465	1175.925461048201	nan	nan
89.9801	1.8899239174156162	23.1181	2.67879	0.07559695669662464	1175.5135906918738	nan	nan
90.1901	1.8965439174156162	23.1032	2.68526	0.07586175669662465	1174.7559526290006	nan	nan
90.3901	1.9020839174156163	23.0917	2.69095	0.07608335669662465	1174.1711984194005	nan	nan
90.5901	1.9090239174156163	23.082	2.69794	0.07636095669662465	1173.6779709556508	nan	nan
90.8001	1.9151239174156163	23.0662	2.7037	0.07660495669662465	1172.8745695198522	nan	nan
91.0101	1.9220139174156163	23.0539	2.70989	0.07688055669662465	1172.2491367565408	nan	nan
91.2101	1.9282739174156163	23.0386	2.71586	0.07713095669662465	1171.471159416812	nan	nan
91.4201	1.9345839174156163	23.035	2.72227	0.07738335669662465	1171.2881059251113	nan	nan
91.6201	1.9407739174156162	23.0102	2.72707	0.07763095669662465	1170.0270707600605	nan	nan
91.8301	1.9478839174156162	23.0051	2.73454	0.07791535669662465	1169.7677449801508	nan	nan
92.0401	1.9544239174156162	22.9888	2.7407	0.07817695669662465	1168.938919448283	nan	nan
92.2501	1.9615139174156162	22.9776	2.74728	0.07846055669662465	1168.3694196963245	nan	nan
92.4501	1.9670139174156163	22.9519	2.75257	0.07868055669662465	1167.0626211583485	nan	nan
92.6501	1.9738939174156163	22.9459	2.75925	0.07895575669662465	1166.757532005514	nan	nan
92.8501	1.9803239174156162	22.9194	2.76525	0.07921295669662465	1165.4100549138263	nan	nan
93.0601	1.9864139174156163	22.9071	2.77063	0.07945655669662466	1164.7846221505151	nan	nan
93.2601	1.9928839174156163	22.9061	2.77715	0.07971535669662465	1164.7337739583759	nan	nan
93.4701	1.9994339174156162	22.8754	2.78382	0.07997735669662465	1163.1727344597043	nan	nan
93.6801	2.0058139174156167	22.8709	2.78972	0.08023255669662467	1162.9439175950781	nan	nan
93.8901	2.0126139174156163	22.8479	2.79646	0.08050455669662465	1161.774409175878	nan	nan
94.1001	2.0188439174156163	22.8415	2.80201	0.08075375669662466	1161.4489807461875	nan	nan
94.3001	2.0251639174156164	22.8284	2.80792	0.08100655669662465	1160.7828694291645	nan	nan
94.5001	2.0313539174156166	22.8145	2.81413	0.08125415669662467	1160.0760795584306	nan	nan
94.7101	2.0385039174156163	22.8017	2.82083	0.08154015669662465	1159.4252226990498	nan	nan
94.9101	2.0447639174156165	22.7809	2.82686	0.08179055669662466	1158.3675803025553	nan	nan
95.1201	2.0511139174156163	22.7605	2.83257	0.08204455669662465	1157.3302771829171	nan	nan
95.3101	2.0574639174156166	22.7438	2.8385	0.08229855669662467	1156.4811123741933	nan	nan
95.5201	2.0639139174156163	22.7372	2.84465	0.08255655669662465	1156.145514306075	nan	nan
95.7201	2.0704839174156167	22.728	2.85101	0.08281935669662467	1155.677710938395	nan	nan
95.9301	2.0775239174156166	22.7026	2.85752	0.08310095669662466	1154.3861668580607	nan	nan
96.1201	2.0832139174156166	22.6997	2.86317	0.08332855669662466	1154.2387071008573	nan	nan
96.3401	2.0901339174156166	22.6664	2.86906	0.08360535669662467	1152.5454623026237	nan	nan
96.5501	2.0972039174156163	22.6447	2.87577	0.08388815669662465	1151.4420565332045	nan	nan
96.7701	2.1033539174156166	22.6325	2.88235	0.08413415669662466	1150.821708589107	nan	nan
96.9801	2.1105839174156165	22.6163	2.88852	0.08442335669662465	1149.997967876453	nan	nan
97.1801	2.1168739174156164	22.6127	2.89503	0.08467495669662466	1149.814914384752	nan	nan
97.3901	2.1237239174156164	22.5677	2.90096	0.08494895669662465	1147.5267457384905	nan	nan
97.5901	2.1298539174156166	22.5574	2.90701	0.08519415669662467	1147.0030093594576	nan	nan
97.8001	2.1362339174156166	22.5534	2.91338	0.08544935669662466	1146.799616590901	nan	nan
98.0201	2.1431439174156166	22.5441	2.92003	0.08572575669662466	1146.3267284040069	nan	nan
98.2201	2.1493939174156163	22.5135	2.92638	0.08597575669662465	1144.7707737245494	nan	nan
98.4201	2.1559039174156163	22.5185	2.93264	0.08623615669662466	1145.025014685245	nan	nan
98.6201	2.1622239174156164	22.4774	2.93829	0.08648895669662465	1142.9351539883262	nan	nan
98.8401	2.1693139174156166	22.4531	2.94471	0.08677255669662466	1141.699542919345	nan	nan
99.0401	2.1758639174156165	22.4607	2.95136	0.08703455669662466	1142.0859891796026	nan	nan
99.2501	2.1826039174156167	22.4172	2.95724	0.08730415669662467	1139.87409282155	nan	nan
99.4501	2.1890239174156165	22.415	2.96334	0.08756095669662466	1139.7622267988438	nan	nan
99.6501	2.1954439174156164	22.4025	2.96909	0.08781775669662466	1139.1266243971047	nan	nan
99.8501	2.2019339174156163	22.3888	2.97536	0.08807735669662466	1138.4300041647984	nan	nan
100.07	2.2092139174156165	22.3586	2.98183	0.08836855669662466	1136.8943887621963	nan	nan
100.27	2.2154539174156165	22.3362	2.98808	0.08861815669662466	1135.7553892582796	nan	nan
100.48	2.2219839174156166	22.3311	2.99422	0.08887935669662467	1135.49606347837	nan	nan
100.68	2.2282539174156164	22.3039	2.99994	0.08913015669662466	1134.1129926521853	nan	nan
100.9	2.2350939174156164	22.2768	3.00601	0.08940375669662465	1132.7350066452148	nan	nan
101.09	2.2412839174156165	22.2644	3.01195	0.08965135669662466	1132.1044890626893	nan	nan
101.3	2.2475439174156167	22.2377	3.01855	0.08990175669662466	1130.7468423325743	nan	nan
101.51	2.2545639174156165	22.2222	3.02551	0.09018255669662466	1129.9586953544176	nan	nan
101.71	2.2610239174156166	22.2064	3.03185	0.09044095669662466	1129.155293918619	nan	nan
101.91	2.2671339174156167	22.1957	3.03722	0.09068535669662467	1128.61121826273	nan	nan
102.11	2.2735539174156165	22.1818	3.04398	0.09094215669662466	1127.9044283919961	nan	nan
102.32	2.2798039174156166	22.1606	3.04939	0.09119215669662467	1126.8264467186464	nan	nan
102.53	2.2871739174156165	22.1516	3.05649	0.09148695669662466	1126.368812989394	nan	nan
102.72	2.2928339174156163	22.1271	3.0616	0.09171335669662466	1125.1230322819852	nan	nan
102.93	2.2999039174156164	22.0975	3.06821	0.09199615669662466	1123.6179257946667	nan	nan
103.14	2.3062439174156166	22.0877	3.07431	0.09224975669662466	1123.1196135117032	nan	nan
103.35	2.3127939174156165	22.0669	3.08007	0.09251175669662466	1122.061971115209	nan	nan
103.55	2.3198739174156167	22.0425	3.08675	0.09279495669662467	1120.821275227014	nan	nan
103.75	2.3265239174156163	22.021	3.09293	0.09306095669662465	1119.7280390960223	nan	nan
103.96	2.3327439174156166	22.0053	3.09904	0.09330975669662467	1118.9297224794377	nan	nan
104.16	2.3390939174156165	21.991	3.10455	0.09356375669662466	1118.2025933318482	nan	nan
104.37	2.3459839174156163	21.9641	3.11131	0.09383935669662465	1116.834776963305	nan	nan
104.58	2.3523939174156165	21.9512	3.117	0.09409575669662466	1116.1788352847104	nan	nan
104.79	2.3595639174156164	21.9269	3.12374	0.09438255669662465	1114.9432242157293	nan	nan
104.99	2.3662639174156164	21.9178	3.12988	0.09465055669662466	1114.480505667263	nan	nan
105.19	2.3725439174156167	21.8867	3.13619	0.09490175669662466	1112.8991268917357	nan	nan
105.39	2.3789739174156166	21.8681	3.14196	0.09515895669662466	1111.9533505179477	nan	nan
105.6	2.3851339174156165	21.844	3.14754	0.09540535669662466	1110.7279090873944	nan	nan
105.8	2.3913139174156166	21.8302	3.15428	0.09565255669662466	1110.0262040358743	nan	nan
106.01	2.3985339174156164	21.8166	3.16054	0.09594135669662465	1109.3346686227821	nan	nan
106.22	2.4047639174156163	21.7787	3.1665	0.09619055669662466	1107.4075221407086	nan	nan
106.43	2.4120939174156164	21.7805	3.17364	0.09648375669662465	1107.499048886559	nan	nan
106.63	2.4185739174156167	21.7504	3.17925	0.09674295669662467	1105.9685183031706	nan	nan
106.84	2.4250039174156166	21.7328	3.18512	0.09700015669662466	1105.0735901215219	nan	nan
107.05	2.4322039174156163	21.7187	3.19217	0.09728815669662465	1104.3566306123598	nan	nan
107.26	2.4388139174156165	21.6989	3.19827	0.09755255669662466	1103.3498364080049	nan	nan
107.46	2.4458039174156165	21.677	3.20409	0.09783215669662466	1102.2362610001578	nan	nan
107.66	2.4519639174156165	21.6278	3.21009	0.09807855669662466	1099.734529946912	nan	nan
107.86	2.4581239174156164	21.6265	3.21588	0.09832495669662465	1099.6684272971313	nan	nan
108.07	2.4649439174156162	21.6139	3.22239	0.09859775669662466	1099.0277400761781	nan	nan
108.29	2.4710639174156164	21.5835	3.22764	0.09884255669662466	1097.4819550351483	nan	nan
108.49	2.4782539174156164	21.5762	3.23524	0.09913015669662466	1097.1107632325325	nan	nan
108.7	2.4847839174156165	21.5416	3.24077	0.09939135669662466	1095.3514157845182	nan	nan
108.9	2.4911439174156165	21.521	3.24703	0.09964575669662466	1094.3039430264519	nan	nan
109.11	2.4981039174156163	21.5033	3.25336	0.09992415669662465	1093.403930025589	nan	nan
109.31	2.5046839174156164	21.4837	3.26003	0.10018735669662465	1092.4073054596618	nan	nan
109.52	2.5115739174156166	21.4612	3.26595	0.10046295669662467	1091.2632211365312	nan	nan
109.73	2.5185839174156164	21.4192	3.27217	0.10074335669662465	1089.1275970666875	nan	nan
109.94	2.5246839174156164	21.4066	3.27818	0.10098735669662466	1088.4869098457343	nan	nan
110.13	2.5312839174156165	21.3902	3.2844	0.10125135669662466	1087.6529994946522	nan	nan
110.34	2.5376839174156163	21.3686	3.2907	0.10150735669662465	1086.554678544447	nan	nan
110.55	2.5447839174156166	21.3498	3.29686	0.10179135669662466	1085.598732532231	nan	nan
110.76	2.5508839174156166	21.3224	3.30297	0.10203535669662467	1084.2054920676185	nan	nan
110.97	2.5580339174156164	21.3099	3.30984	0.10232135669662465	1083.5698896658791	nan	nan
111.17	2.5650339174156165	21.295	3.31583	0.10260135669662467	1082.812251603006	nan	nan
111.37	2.5715039174156167	21.2573	3.32153	0.10286015669662467	1080.8952747593603	nan	nan
111.58	2.5781439174156167	21.2368	3.32816	0.10312575669662466	1079.852886820508	nan	nan
111.79	2.5851439174156163	21.2217	3.33484	0.10340575669662465	1079.085079119207	nan	nan
112	2.5914239174156166	21.1917	3.34043	0.10365695669662467	1077.559633355033	nan	nan
112.21	2.5985939174156165	21.1668	3.34721	0.10394375669662466	1076.293513370768	nan	nan
112.41	2.6048039174156163	21.1399	3.35296	0.10419215669662465	1074.9256970022254	nan	nan
112.62	2.6114739174156165	21.1228	3.35936	0.10445895669662467	1074.056192916646	nan	nan
112.82	2.6177239174156166	21.0953	3.36493	0.10470895669662467	1072.6578676328197	nan	nan
113.03	2.6247239174156163	21.0722	3.37167	0.10498895669662466	1071.4832743944053	nan	nan
113.24	2.6311239174156165	21.0498	3.37734	0.10524495669662466	1070.3442748904888	nan	nan
113.45	2.6380439174156165	21.0264	3.38461	0.10552175669662466	1069.1544271944326	nan	nan
113.65	2.6446239174156165	21.017	3.39096	0.10578495669662466	1068.676454188325	nan	nan
113.86	2.6514939174156162	20.9872	3.39706	0.10605975669662465	1067.1611780625785	nan	nan
114.07	2.6584539174156165	20.9588	3.40321	0.10633815669662466	1065.7170894058268	nan	nan
114.27	2.6652539174156167	20.9336	3.40986	0.10661015669662467	1064.4357149639204	nan	nan
114.48	2.6719639174156167	20.9089	3.41602	0.10687855669662466	1063.1797646180837	nan	nan
114.68	2.6782239174156164	20.8691	3.42137	0.10712895669662466	1061.156006570946	nan	nan
114.88	2.6847839174156163	20.8526	3.42738	0.10739135669662465	1060.31701140065	nan	nan
115.1	2.6916939174156163	20.8179	3.43406	0.10766775669662465	1058.552579133422	nan	nan
115.3	2.6982939174156164	20.801	3.44006	0.10793175669662465	1057.6932446862704	nan	nan
115.51	2.7053239174156163	20.7812	3.44655	0.10821295669662465	1056.6864504819152	nan	nan
115.72	2.7117339174156165	20.7432	3.45216	0.10846935669662466	1054.754219180628	nan	nan
115.92	2.7184439174156165	20.7236	3.4584	0.10873775669662467	1053.757594614701	nan	nan
116.13	2.7262439174156166	20.7022	3.46595	0.10904975669662466	1052.6694433029234	nan	nan
116.33	2.7329639174156166	20.6586	3.47133	0.10931855669662466	1050.4524621256567	nan	nan
116.54	2.7401639174156163	20.6181	3.47791	0.10960655669662465	1048.3931103440216	nan	nan
116.75	2.7464539174156166	20.5931	3.48368	0.10985815669662466	1047.121905540543	nan	nan
116.96	2.7529339174156164	20.5692	3.48996	0.11011735669662466	1045.9066337484173	nan	nan
117.16	2.7600539174156165	20.5364	3.49665	0.11040215669662466	1044.2388130462539	nan	nan
117.37	2.7663939174156162	20.4987	3.50253	0.11065575669662465	1042.3218362026082	nan	nan
117.58	2.7738339174156166	20.4696	3.50914	0.11095335669662466	1040.8421538113591	nan	nan
117.79	2.7808939174156166	20.4365	3.515	0.11123575669662467	1039.1590786515535	nan	nan
117.99	2.7878539174156165	20.4014	3.52177	0.11151415669662466	1037.3743071074696	nan	nan
118.18	2.7944239174156165	20.3575	3.5274	0.11177695669662466	1035.1420714725614	nan	nan
118.39	2.8012439174156163	20.325	3.53362	0.11204975669662465	1033.4895052280394	nan	nan
118.6	2.8089439174156166	20.2647	3.54055	0.11235775669662466	1030.4233592420492	nan	nan
118.81	2.8160739174156166	20.2179	3.5462	0.11264295669662466	1028.0436638499375	nan	nan
