Specimen name:	AWA_5_04_Rz
Specimen ID:	46NTBR
Material:	42CrMoS4
Specimen type:	Round Tensile Specimen
Gauge diameter:	5.015	mm
Gauge length:	25	mm
Parallel length:	30	mm
Original cross-section:	19.752940524032585	mm²
Cross-section after fracture:	10.676678285881847	mm²
Yield stress at 0.2% plastic strain:	1081.825547631855	MPa
Yield stress at 1% plastic strain:	1135.5117776508364	MPa
Ultimate tensile strength:	1187.9041488254163	MPa
Uniform elongation:	5.0401322581752765	%
Elongation after fracture:	12.998166824873492	%
Reduction of area:	45.94891695799937	%
Slope of linear-elastic region:	214032.602123553	MPa
Crosshead seperation speed:	0.02993803847221003	mm/s
Strain rate:	0.0009979346157403344	s-1
Test temperature:	RT	Cel
Machine type:	INSTRON 8852TT
Standard:	DIN EN ISO 6892-1
Date:	2022-09-13 00:00:00
Heat treatment batch:	Batch 5
Time	Displacement	Force	Machine Displacement	Engineering Strain	Engineering Stress	True Strain	True Stress
s	mm	kN	mm		MPa		MPa
0	0.0010822077699407572	0.179565	0	4.3288310797630283e-05	9.09054526750236	4.328737388580784e-05	9.09093878185122
0.23	0.001174248069940757	0.179393	-0.000457763	4.6969922797630285e-05	9.081837703188544	4.696881974534015e-05	9.082264276404324
0.440001	0.001100772169940757	0.180602	-1.5258e-05	4.403088679763028e-05	9.143043780254844	4.402991746667652e-05	9.143446356580519
0.660001	0.0011470202699407571	0.181527	-0.000259399	4.588081079763028e-05	9.189872251128564	4.587975830549784e-05	9.190293889918573
0.880001	0.0008804097699407572	0.176128	-0.000236511	3.521639079763029e-05	8.916545857347788	3.521577071519968e-05	8.916859865911267
1.07	0.0010429294699407573	0.169627	-0.000694275	4.1717178797630294e-05	8.587430301509887	4.171630866033631e-05	8.587788544875187
1.28	0.0014603347699407572	0.24678	0.00410462	5.8413390797630284e-05	12.493329775369546	5.841168480202967e-05	12.494059553124078
1.48	0.0020330297699407574	0.346584	0.00989533	8.13211907976303e-05	17.545944593835312	8.131788440894942e-05	17.547371450943352
1.69	0.002733787769940757	0.477106	0.0167847	0.00010935151079763028	24.153669648299953	0.0001093455323570907	24.156310888567305
1.9	0.0033312977699407574	0.603456	0.0234985	0.0001332519107976303	30.550185642780633	0.00013324303355044832	30.554256513392758
2.11	0.0040841677699407575	0.703048	0.0287323	0.0001633667107976303	35.59206788197588	0.00016335336790971203	35.59788244103624
2.32	0.004680117769940757	0.837085	0.0348816	0.0001872047107976303	42.37774112576066	0.00018718719018230513	42.38567443853236
2.54	0.005405037769940757	0.959791	0.0412521	0.00021620151079763028	48.589778257685836	0.0002161781426190586	48.60028344115447
2.74	0.006138427769940757	1.11029	0.0481873	0.0002455371107976303	56.208846406901095	0.00024550697149472125	56.22264776464912
2.95	0.006947447769940757	1.24406	0.0540085	0.0002778979107976303	62.981002675849886	0.0002778593043254356	62.998504964913444
3.14	0.007755677769940757	1.38809	0.0596466	0.0003102271107976303	70.27257528119262	0.00031017900031725685	70.2943757391904
3.36	0.008648267769940758	1.53804	0.0656662	0.0003459307107976303	77.86385010012714	0.00034587089056461816	77.89078559713771
3.56001	0.009492197769940756	1.68702	0.0713501	0.00037968791079763027	85.40601830636166	0.00037961584758320683	85.43844593902195
3.77001	0.010414157769940757	1.85138	0.0774536	0.0004165663107976303	93.72680476344789	0.0004164795711396259	93.76584819273104
3.98001	0.011403507769940757	2.03005	0.0847473	0.0004561403107976303	102.77204032129406	0.0004560363104307298	102.81891879170752
4.17001	0.012190507769940757	2.17378	0.0899811	0.0004876203107976303	110.0484253144615	0.0004875014626473814	110.10208716181612
4.38001	0.013199707769940757	2.34943	0.0958481	0.0005279883107976303	118.94077224307671	0.0005278489740127248	119.00357158049829
4.59001	0.014057407769940756	2.49883	0.102142	0.0005622963107976303	126.50420310635658	0.0005621382814638251	126.57533595306369
4.79001	0.015001007769940757	2.6726	0.108047	0.0006000403107976303	135.30137433200682	0.0005998603585923515	135.38256061071232
4.99001	0.01588700776994076	2.83466	0.113403	0.0006354803107976304	143.5057224290827	0.0006352784786871762	143.59691749017315
5.20001	0.01715650776994076	3.03977	0.120506	0.0006862603107976303	153.88949287330854	0.0006860249418672081	153.99510112451625
5.41001	0.018177807769940758	3.21775	0.126366	0.0007271123107976303	162.8997969231516	0.0007268480927111631	163.01824337092086
5.61001	0.01922310776994076	3.38538	0.131943	0.0007689243107976304	171.3861283529482	0.000768628839953133	171.51791131357226
5.82001	0.020212607769940757	3.56397	0.137726	0.0008085043107976303	180.42731388088092	0.0008081776472481535	180.57319014193925
6.02001	0.021097607769940758	3.73549	0.143974	0.0008439043107976303	189.1105780152167	0.0008435484237638294	189.2701692472212
6.24001	0.022267107769940758	3.93175	0.150467	0.0008906843107976303	199.04631390027234	0.0008902878869017893	199.2236013291854
6.43001	0.023367907769940757	4.12278	0.156677	0.0009347163107976303	208.71727907973923	0.0009342797355348867	208.91237052484036
6.64001	0.024464407769940757	4.32879	0.16362	0.0009785763107976304	219.14661236049085	0.0009780978171359121	219.3610640439384
6.84001	0.025535707769940758	4.4918	0.16861	0.0010214283107976303	227.39905456278836	0.0010209070078527984	227.63132639496743
7.05001	0.02657250776994076	4.68579	0.174751	0.0010629003107976303	237.21987084905123	0.0010623358322164713	237.47201192350406
7.26001	0.02782270776994076	4.91198	0.181747	0.0011129083107976304	248.67082417545868	0.0011122894874301247	248.94757200233644
7.47001	0.02884910776994076	5.09477	0.187691	0.0011539643107976304	257.92463627384507	0.0011532990057586449	258.22227209898057
7.68001	0.03011150776994076	5.29751	0.193947	0.0012044603107976303	268.1884245818864	0.0012037355303986467	268.5114468951106
7.87001	0.031218807769940758	5.50362	0.200287	0.0012487523107976304	278.6228204000297	0.0012479732681174988	278.97075129084516
8.07001	0.032193607769940756	5.66483	0.205322	0.0012877443107976302	286.7841369292757	0.001286915879221802	287.1534415700334
8.29001	0.03357570776994076	5.9058	0.212372	0.0013430283107976305	298.9833332821844	0.0013421272549478927	299.384876363239
8.50001	0.03482520776994076	6.12131	0.219185	0.0013930083107976305	309.8936076151526	0.0013920389748115767	310.3252919860235
8.71001	0.03607030776994076	6.3334	0.225327	0.0014428123107976304	320.63074316932284	0.0014417724572044631	321.09335315278776
8.90001	0.03719890776994076	6.53257	0.231346	0.0014879563107976304	330.71379889247845	0.0014868504007009417	331.2058865766084
9.10001	0.03846210776994076	6.74584	0.237579	0.0015384843107976304	341.51067238787135	0.0015373020562418312	342.03608119931005
9.30001	0.039499607769940756	6.93013	0.243187	0.0015799843107976302	350.8404225471341	0.0015787374487618757	351.39474491035213
9.51001	0.040567607769940756	7.12021	0.248596	0.0016227043107976302	360.4632936213793	0.0016213891487114544	361.04821896182307
9.71001	0.04185240776994076	7.31355	0.254654	0.0016740963107976304	370.25120341459575	0.001672696573547721	370.87103958830056
9.92001	0.04318230776994076	7.55284	0.261917	0.0017272923107976303	382.365349139323	0.0017258022570263265	383.02580586680676
10.13	0.04440590776994076	7.74156	0.267288	0.0017762363107976303	391.9193697050403	0.0017746606686143559	392.6155111204153
10.34	0.045776207769940756	7.99199	0.27446	0.0018310483107976303	404.59748209520893	0.001829373985375082	405.33831963135236
10.55	0.04693340776994076	8.18375	0.280136	0.0018773363107976303	414.3054037976356	0.001875576317374421	415.0831943759446
10.76	0.04818690776994076	8.39855	0.286186	0.0019274763107976303	425.1797341151223	0.0019256211118521911	425.99925798046047
10.96	0.04937860776994076	8.59366	0.291847	0.0019751443107976305	435.0572508201728	0.0019731962779489295	435.9165516740015
11.16	0.05060580776994076	8.81654	0.298485	0.00202423231079763	446.3406341589132	0.002022186313158135	447.2441312921996
11.37	0.051864807769940756	9.03282	0.304314	0.0020745923107976304	457.2898900297979	0.002072443315848633	458.23858011945924
11.58	0.053250607769940755	9.2413	0.31163	0.00213002431079763	467.8442679841259	0.002127759025187218	468.84078764859936
11.79	0.05436550776994076	9.4371	0.317184	0.00217462031079763	477.75671619717934	0.002172259246375852	478.79565565584176
12	0.05580950776994076	9.68064	0.323914	0.00223238031079763	490.0860197610562	0.00222989225204573	491.18007814216793
12.21	0.05712690776994076	9.88584	0.330132	0.0022850763107976303	500.47434648893454	0.002282469494352187	501.6179685622583
12.41	0.058252407769940756	10.0886	0.335899	0.00233009631079763	510.73914730445415	0.0023273858460017313	511.92921870736825
12.62	0.05964180776994076	10.306	0.342667	0.0023856723107976304	521.7451035941265	0.002382831112491839	522.9898164410652
12.83	0.06091820776994076	10.5138	0.34816	0.0024367283107976302	532.2650562941905	0.002433764302379583	533.5620416257108
13.04	0.062122207769940756	10.74	0.35495	0.00248488831079763	543.7165158743371	0.002481806080781475	545.0675906890209
13.25	0.06335950776994076	10.9412	0.361519	0.0025343803107976304	553.9023411065455	0.002531174184903381	555.3061402939505
13.46	0.06472290776994075	11.1602	0.368057	0.00258891631079763	564.9892979944857	0.0025855708398178144	566.4520080034898
13.66	0.06582420776994075	11.3623	0.373672	0.0026329683107976297	575.2206860632198	0.0026295081221155456	576.7352239013395
13.87	0.06705020776994075	11.5644	0.379951	0.00268200831079763	585.4520741319539	0.0026784181443129957	587.0222614603495
14.06	0.06841550776994075	11.7739	0.385597	0.00273662031079763	596.0580899676776	0.002732882583043224	597.6892746430984
14.27	0.06952280776994076	11.9463	0.390877	0.0027809123107976302	604.7859044310609	0.0027770527279426236	606.4677609980901
14.48	0.07065930776994075	12.1692	0.397552	0.00282637231079763	616.0703002772797	0.0028223856307060917	617.811544315488
14.69	0.07196790776994075	12.3688	0.404358	0.0028787163107976297	626.1751249112199	0.002874580741850832	627.9777054567176
14.89	0.07330130776994075	12.5917	0.41082	0.00293205231079763	637.4595207574386	0.0029277622292043248	639.3285854183154
15.1	0.07459800776994076	12.7888	0.417229	0.0029839203107976304	647.4377819565849	0.002979477256871881	649.3696847041429
15.31	0.07567140776994075	12.9901	0.423042	0.00302685631079763	657.628669726185	0.0030222846041772786	659.6192172153071
15.52	0.07706370776994075	13.2211	0.429832	0.00308254831079763	669.3231311011358	0.0030778069998014784	671.3863519882894
15.72	0.07818300776994075	13.4041	0.43499	0.00312732031079763	678.5875745280449	0.0031224404159834592	680.7097352325213
15.92	0.07962230776994075	13.616	0.441399	0.00318489231079763	689.3150912611708	0.003179831284317536	691.5104855950452
16.13	0.08077250776994076	13.7996	0.447281	0.0032309003107976303	698.6099099124305	0.003225692167368038	700.8670488874927
16.33	0.08192820776994075	14.0035	0.453018	0.00327712831079763	708.932423654216	0.003271770228705415	711.2556861702157
16.55	0.08311860776994075	14.2178	0.459915	0.00332474431079763	719.781441284744	0.0033192295684562885	722.1745305366732
16.76	0.08462650776994075	14.4455	0.466209	0.0033850603107976303	731.308838925767	0.00337934389079564	733.7843634513501
16.97	0.08580300776994075	14.6466	0.471855	0.00343212031079763	741.4896016205834	0.0034262440274528687	744.0344831425506
17.17	0.08697760776994075	14.8271	0.477051	0.00347910431079763	750.6274816126987	0.003473066228088434	753.2389929197806
17.38	0.08857410776994075	15.0615	0.484535	0.00354296431079763	762.4940692589691	0.0035367027979298768	765.1955585335485
17.58	0.08946110776994075	15.2302	0.490082	0.00357844431079763	771.0345698388575	0.003572056912385801	773.7936741087256
17.78	0.09055000776994075	15.4271	0.496155	0.00362200031079763	781.0027059632203	0.0036154566636399455	783.8314980069529
17.99	0.09200450776994075	15.6492	0.502289	0.00368018031079763	792.2466015103051	0.0036734250159666322	795.1622118544797
18.2	0.09309450776994076	15.8423	0.508354	0.00372378031079763	802.0223612137812	0.0037168642049512936	805.0089162912885
18.41	0.09427550776994076	16.0502	0.514702	0.00377102031079763	812.547376451237	0.0037639278386843384	815.6115091113201
18.61	0.09562760776994075	16.2583	0.521477	0.00382510431079763	823.0825167634763	0.00381780720151995	826.2308932464904
18.81	0.09666330776994075	16.4213	0.526527	0.00386653231079763	831.3344527120346	0.0038590764873507734	834.5488342345249
19.01	0.09790310776994075	16.6259	0.533134	0.00391612431079763	841.6924042155626	0.0039084762566401745	844.9885763019249
19.22	0.09924160776994075	16.8434	0.54023	0.00396966431079763	852.7034230426265	0.003961805983177411	856.0883693887737
19.42	0.10032180776994075	17.0287	0.54631	0.00401287231079763	862.0843048295461	0.00400484221403975	865.5437390659699
19.63	0.10175220776994075	17.2444	0.552475	0.00407008831079763	873.0041979835585	0.0040618279074969895	876.5574021650485
19.83	0.10281820776994074	17.4243	0.558228	0.00411272831079763	882.1117027513233	0.0041042941607220065	885.7395885245145
20.04	0.10407120776994075	17.6301	0.564346	0.00416284831079763	892.5304047035521	0.004154207629365351	896.2458733911078
20.25	0.10525220776994075	17.8284	0.570648	0.00421008831079763	902.5694163513995	0.00420125068511194	906.369313300864
20.46	0.10642520776994076	18.0067	0.576218	0.00425700831079763	911.5959205208961	0.004247972884432416	915.4765919306427
20.66	0.10791820776994075	18.2455	0.583794	0.00431672831079763	923.685259812404	0.0043074379654785755	927.6725581237026
20.87	0.10889820776994075	18.4161	0.589439	0.00435592831079763	932.3219486027355	0.004346468715337962	936.3830761734322
21.08	0.11015320776994075	18.6124	0.595604	0.00440612831079763	942.2597095027479	0.004396449747033551	946.4114266849119
21.28	0.11156720776994075	18.8275	0.602135	0.00446268831079763	953.1492274324099	0.004452760044198747	957.4028353481184
21.48	0.11264920776994075	19.0007	0.607674	0.00450596831079763	961.917542194927	0.004495846828916778	966.2519121576576
21.68	0.11386220776994076	19.1835	0.614105	0.0045544883107976305	971.1718605470527	0.0045441480135322175	975.5950514336897
21.88	0.11530720776994074	19.3882	0.619873	0.00461228831079763	981.5348745879724	0.004601684302394563	986.0619964166748
22.09	0.11652620776994076	19.5555	0.626068	0.00466104831079763	990.0044996443761	0.004650219261895322	994.6189584451256
22.28	0.11792020776994075	19.7419	0.632584	0.00471680831079763	999.4410693426049	0.004705719027487468	1004.1552412846326
22.5	0.11928020776994075	19.9081	0.638741	0.00477120831079763	1007.8550064876995	0.004759862171973353	1012.6636926707325
22.7	0.12108820776994075	20.0971	0.645348	0.00484352831079763	1017.4232021581138	0.004831836166504189	1022.3511202418291
22.9	0.12295320776994074	20.2457	0.650833	0.00491812831079763	1024.9461327222596	0.004906073825271625	1029.9869493146434
23.11	0.12482920776994075	20.3769	0.656761	0.00499316831079763	1031.5881817802401	0.004980743787235643	1036.7390751992984
23.32	0.12763320776994075	20.5197	0.663689	0.00510532831079763	1038.8174851756644	0.005092340308804052	1044.1209894924832
23.53	0.13033320776994076	20.6086	0.669434	0.00521332831079763	1043.3180809169332	0.005199785961510071	1048.7572406053446
23.74	0.13367520776994074	20.6957	0.67601	0.005347008310797629	1047.7275509851506	0.005332763816252438	1053.32975890772
23.95	0.13735920776994076	20.7841	0.682289	0.00549436831079763	1052.2028340394609	0.0054793293305460625	1057.9840239473385
24.15	0.14125520776994074	20.858	0.688499	0.00565020831079763	1055.9440491719668	0.005634305757525594	1061.9103530143354
24.34	0.14495720776994075	20.9061	0.694458	0.00579828831079763	1058.3791296574002	0.005781542935625082	1064.515916993285
24.56	0.14903920776994076	20.9853	0.701134	0.00596156831079763	1062.3886592716692	0.005943868473458131	1068.722161836534
24.77	0.15337020776994076	21.0639	0.70742	0.00613480831079763	1066.3678136615877	0.0061160669848624736	1072.909775787206
24.97	0.15674420776994075	21.1145	0.713821	0.00626976831079763	1068.9294575818149	0.0062501950839238644	1075.6313976214394
25.18	0.16096620776994075	21.1729	0.719879	0.00643864831079763	1071.8859794185987	0.0064180087612569405	1078.78747626935
25.39	0.16505320776994076	21.2402	0.726273	0.00660212831079763	1075.293067083249	0.006580429713934945	1082.3922898838437
25.59	0.16873920776994075	21.285	0.732399	0.00674956831079763	1077.5610838347548	0.0067268919544973636	1084.8341559791545
25.8	0.17275520776994074	21.33	0.737999	0.00691020831079763	1079.8392256610439	0.006886442244179698	1087.3011396525321
26	0.17684420776994075	21.3822	0.744545	0.00707376831079763	1082.4818701795393	0.007048866575513049	1090.1390961298282
26.21	0.18089820776994076	21.4336	0.750069	0.00723592831079763	1085.0840143989005	0.007209874587957632	1092.9356045382835
26.4	0.18477420776994075	21.4752	0.755943	0.00739096831079763	1087.1900299538702	0.0073637889435794555	1095.2254170130743
26.62	0.18939820776994076	21.5368	0.76342	0.007575928310797631	1090.3085529871903	0.007547375086686547	1098.5686524212708
26.83	0.19353620776994074	21.5805	0.769684	0.0077414483107976296	1092.5208818273866	0.007711637055835607	1100.9785757625202
27.03	0.19745720776994075	21.6178	0.775002	0.00789828831079763	1094.4092082745108	0.007867260104406243	1103.0531677314546
27.24	0.20232220776994075	21.6513	0.781349	0.00809288831079763	1096.1051583007481	0.008060316505506622	1104.9758149237653
27.43	0.20600520776994075	21.688	0.787056	0.00824020831079763	1097.9631095235218	0.008206443155422682	1107.0105542635665
27.65	0.21057520776994076	21.7296	0.793777	0.00842300831079763	1100.0691250784914	0.00838773272226175	1109.3350164614794
27.86	0.21545020776994075	21.7702	0.800674	0.00861800831079763	1102.1245152595432	0.008581085260956346	1111.6226334915837
28.06	0.21990120776994077	21.8	0.806282	0.008796048310797631	1103.6331514022859	0.008757588443213686	1113.3407619194181
28.27	0.22407220776994075	21.8223	0.812035	0.00896288831079763	1104.7620972406469	0.008922960031813545	1114.6639565282173
28.49	0.22914020776994076	21.8653	0.818848	0.009165608310797631	1106.938988319101	0.009123859034053551	1117.0847575099845
28.7	0.23404720776994076	21.9074	0.826019	0.00936188831079763	1109.0703165610291	0.009318337435707322	1119.4533089934944
28.91	0.23863020776994076	21.9201	0.831261	0.00954520831079763	1109.713258809782	0.009499940641531585	1120.3057030303755
29.12	0.24359020776994075	21.9593	0.838127	0.00974360831079763	1111.6977734673492	0.00969644546937517	1122.5297211320008
29.33	0.24797720776994076	21.977	0.843849	0.00991908831079763	1112.5938425856896	0.009870217060775175	1123.6297591643468
29.52	0.25250820776994076	22.0015	0.849998	0.010100328310797631	1113.8341642466694	0.010049660880963329	1125.0842549893437
29.73	0.2572422077699408	22.029	0.855827	0.01028968831079763	1115.2263620294016	0.010237109837844564	1126.701693690669
29.93	0.2619432077699408	22.0466	0.862022	0.010477728310797631	1116.1173686103502	0.010423217352243401	1127.811743161612
30.14	0.2671342077699408	22.0612	0.86853	0.010685368310797631	1116.8564990695463	0.010628683206114875	1128.7905221124124
30.35	0.2712712077699408	22.0818	0.873634	0.010850848310797632	1117.8993817722476	0.01079240028326535	1130.0295383905927
30.56	0.27651520776994076	22.1076	0.880363	0.01106060831079763	1119.20551641932	0.010999887114664942	1131.584610255718
30.76	0.2811532077699408	22.1275	0.886269	0.011246128310797632	1120.2129613602788	0.011183360765977006	1132.811020059155
30.96	0.2857122077699408	22.1325	0.892334	0.011428488310797631	1120.4660882298665	0.011363676471721736	1133.2713218218466
31.17	0.2904522077699408	22.1611	0.898232	0.011618088310797631	1121.913973923908	0.011551116546257106	1134.948469550074
31.36	0.29495120776994077	22.1745	0.90406	0.011798048310797631	1122.592353934403	0.011728993945984518	1135.836752759453
31.58	0.30036220776994077	22.1991	0.910866	0.012014488310797631	1123.8377381327746	0.011942887275439308	1137.340073500804
31.79	0.30507820776994077	22.2215	0.916641	0.012203128310797631	1124.9717465085273	0.01212927039847636	1138.699921077193
31.99	0.30998920776994077	22.2413	0.922943	0.01239956831079763	1125.9741289120943	0.012323323286921175	1139.9357220397305
32.2	0.31517820776994077	22.2458	0.929443	0.012607128310797631	1126.2019430947232	0.012528320140584075	1140.400115495188
32.4	0.3201692077699408	22.2643	0.934937	0.012806768310797632	1127.1385125121976	0.01272545515676964	1141.5735142961182
32.61	0.3249912077699408	22.2722	0.940887	0.012999648310797631	1127.5384529661462	0.012915878090570659	1142.196056311607
32.82	0.3302672077699408	22.2886	0.947929	0.01321068831079763	1128.3687090983938	0.013124188152906	1143.2752364139496
33.03	0.3351142077699408	22.3159	0.954063	0.013404568310797631	1129.7507818063425	0.013315521954384202	1144.8946033352427
33.22	0.3399102077699408	22.32	0.959717	0.013596408310797631	1129.9583458394045	0.013504806520879431	1145.3217208836304
33.43	0.3448692077699408	22.3434	0.965874	0.013794768310797631	1131.1429795890747	0.013700486568144571	1146.7468349188914
33.63	0.34986420776994076	22.3455	0.971817	0.01399456831079763	1131.2492928743018	0.013897548459178394	1147.0806383799727
33.84	0.3552332077699408	22.373	0.978783	0.014209328310797631	1132.641490657034	0.014109322039892186	1148.735565456211
34.05	0.3597622077699408	22.3733	0.983704	0.01439048831079763	1132.6566782692091	0.014287927991640137	1148.9561609579891
34.26	0.36538320776994077	22.3979	0.991074	0.014615328310797631	1133.9020624675807	0.014509553774157294	1150.474413382835
34.46	0.3702272077699408	22.408	0.996834	0.01480908831079763	1134.4133787441476	0.014700504468355828	1151.21300665092
34.66	0.37504520776994077	22.4071	1.00297	0.01500180831079763	1134.367815907622	0.01489039407915641	1151.3853844358061
34.86	0.3799352077699408	22.4201	1.00892	0.015197408310797631	1135.02594576855	0.015083084529437005	1152.2753985097438
35.06	0.3846712077699408	22.4411	1.01472	0.015386848310797632	1136.089078620818	0.015269671222337891	1153.5699089411105
35.27	0.3896592077699408	22.4558	1.02071	0.015586368310797632	1136.833271617406	0.015466148457004475	1154.552373696804
35.47	0.3943582077699408	22.4502	1.02629	0.01577432831079763	1136.5497695234676	0.015651206680144157	1154.4780787294922
35.6801	0.3998352077699408	22.4635	1.03278	0.01599340831079763	1137.2230869965708	0.015866861252170458	1155.4111601673726
35.8901	0.4048572077699408	22.4778	1.03925	0.016194288310797632	1137.9470298435917	0.01606455952678201	1156.3752721272947
36.0901	0.40979120776994077	22.4935	1.04509	0.016391648310797632	1138.741848214097	0.01625875549858735	1157.4077041068101
36.3001	0.41507820776994075	22.5033	1.05128	0.01660312831079763	1139.2379768784888	0.016466803254730034	1158.1528911851358
36.5101	0.4200272077699408	22.5181	1.05737	0.016801088310797633	1139.9872324124685	0.0166615112218004	1159.1402585774122
36.7101	0.4249842077699408	22.5272	1.0631	0.01699936831079763	1140.447923315118	0.016856495936237496	1159.834817602836
36.9201	0.4304032077699408	22.5393	1.06987	0.01721612831079763	1141.0604903395201	0.01706961003469995	1160.7051341515871
37.1201	0.43543120776994076	22.5581	1.07601	0.01741724831079763	1142.0122473691697	0.017267306585799537	1161.9029582555706
37.3301	0.4402932077699408	22.5534	1.0814	0.01761172831079763	1141.7743081117576	0.017458438999957998	1161.8829270184708
37.5301	0.44522020776994076	22.564	1.08773	0.01780880831079763	1142.3109370752834	0.01765208940003007	1162.6541335849847
37.7301	0.4500712077699408	22.5838	1.09387	0.018002848310797633	1143.3133194788504	0.01784271607215514	1163.8962157411427
37.9401	0.4554742077699408	22.5756	1.09956	0.018218968310797633	1142.8981914127269	0.018054991570872717	1163.7206173445431
38.1301	0.45978920776994076	22.5964	1.10547	0.01839156831079763	1143.9511991902114	0.018224488877608157	1164.990255814337
38.3501	0.4651342077699408	22.6004	1.1114	0.01860536831079763	1144.1537006858816	0.018434405738003368	1165.4411016913045
38.5501	0.4701032077699408	22.6154	1.11826	0.01880412831079763	1144.9130812946448	0.01862951624569471	1166.4421737800199
38.7401	0.4751742077699408	22.6291	1.12412	0.019006968310797633	1145.606648917315	0.018828592598754343	1167.3811581899254
38.9601	0.48032720776994076	22.6341	1.1302	0.01921308831079763	1145.8597757869024	0.019030847502520116	1167.875280850887
39.1601	0.4851722077699408	22.6398	1.13605	0.01940688831079763	1146.1483404182325	0.01922097612169011	1168.391513248335
39.3601	0.4903962077699408	22.6573	1.14218	0.019615848310797632	1147.0342844617894	0.019425937054178447	1169.534334993076
39.5501	0.4956082077699408	22.6717	1.14847	0.019824328310797633	1147.763289846202	0.019630385317104915	1170.5169261271944
39.7801	0.5013352077699407	22.6855	1.15501	0.020053408310797625	1148.4619200062639	0.01985498701440311	1171.4924958175523
39.9801	0.5060372077699408	22.6831	1.16064	0.02024148831079763	1148.3404191088619	0.020039352520432645	1171.58453827907
40.1801	0.5114592077699407	22.7042	1.16685	0.02045836831079763	1149.408614498522	0.020251907051774445	1172.9236392735365
40.3901	0.5171162077699407	22.7081	1.17344	0.020684648310797627	1149.6060534568003	0.0204736259603313	1173.3852503685182
40.6001	0.5221762077699407	22.7184	1.17981	0.020887048310797626	1150.1274948081507	0.020671904571852102	1174.1502633557852
40.7901	0.5272032077699407	22.7171	1.18554	0.02108812831079763	1150.061681822058	0.020868851139030743	1174.3143301336531
40.9901	0.5319372077699407	22.7303	1.19102	0.021277488310797628	1150.7299367577696	0.021054283168439714	1175.214579536018
41.1901	0.5371772077699407	22.7466	1.19662	0.02148708831079763	1151.5551303526256	0.021259495264962586	1176.2986971332646
41.3901	0.5422642077699408	22.7515	1.2029	0.02169056831079763	1151.8031946848214	0.021458675204125678	1176.7864605597274
41.6101	0.5477662077699407	22.7528	1.20941	0.02191064831079763	1151.869007670914	0.021674059692117612	1177.107204398099
41.8201	0.5530082077699408	22.7767	1.21521	0.02212032831079763	1153.0789541075433	0.021879222924117196	1178.5854391406733
42.0201	0.5576882077699408	22.7606	1.22077	0.02230752831079763	1152.263885587471	0.02206235484527247	1177.968044836723
42.2201	0.5627172077699407	22.7916	1.22703	0.02250868831079763	1153.8332721789145	0.02225910602419388	1179.8045456650175
42.4301	0.5683392077699407	22.7985	1.23382	0.02273356831079763	1154.1825872589454	0.022479011514781273	1180.42127594953
42.6401	0.5732952077699407	22.7883	1.23906	0.02293180831079763	1153.6662084449865	0.022672826204990254	1180.1218607916917
42.8701	0.5787372077699408	22.8073	1.24644	0.02314948831079763	1154.62809054942	0.02288560367495755	1181.3571400349124
43.0701	0.5843102077699407	22.8212	1.25248	0.023372408310797628	1155.3317832468736	0.023103456219071096	1182.3346694193613
43.2701	0.5894182077699407	22.8309	1.25842	0.02357672831079763	1155.8228493738739	0.023303089905148847	1183.0733706689737
43.4701	0.5946532077699407	22.841	1.26479	0.023786128310797627	1156.3341656504408	0.023507645731736044	1183.8388784847614
43.6801	0.5996582077699407	22.8578	1.27068	0.02398632831079763	1157.1846719322555	0.023703175269200592	1184.9412833894453
43.8701	0.6048942077699407	22.8593	1.277	0.02419576831079763	1157.2606099931318	0.02390768833576372	1185.261419587738
44.0801	0.6095092077699408	22.846	1.28288	0.02438036831079763	1156.5872925200285	0.024087911074083982	1184.7853166952552
44.2901	0.6152182077699407	22.8673	1.28957	0.02460872831079763	1157.6656129844719	0.024310811236239016	1186.1542915291598
44.4801	0.6197392077699407	22.8801	1.29466	0.02478956831079763	1158.3136177706165	0.024487292304626304	1187.0277123236683
44.7001	0.6254262077699407	22.8959	1.3017	0.02501704831079763	1159.1134986785137	0.024709244950392208	1188.1110970726518
44.9101	0.6308302077699407	22.9053	1.30754	0.025233208310797627	1159.5893771933384	0.024920107014769675	1188.849537503046
45.1101	0.6360042077699407	22.8979	1.31394	0.02544016831079763	1159.2147494263486	0.0251219529089644	1188.705367760114
45.3101	0.6409992077699407	22.9019	1.32003	0.025639968310797626	1159.4172509220189	0.025316777086786292	1189.1446724946516
45.5201	0.6459772077699407	22.9144	1.32583	0.02583908831079763	1160.050068095988	0.025510900443768754	1190.0247042504673
45.7201	0.6510792077699408	22.9333	1.33156	0.02604316831079763	1161.0068876630294	0.025709820240471692	1191.243185448433
45.9401	0.6565522077699407	22.9293	1.33811	0.02626208831079763	1160.8043861673593	0.02592316082430932	1191.2895334684476
46.1501	0.6621992077699407	22.946	1.34477	0.026487968310797628	1161.649829911782	0.026143236327591534	1192.4195737947289
46.3601	0.6671952077699407	22.9402	1.35064	0.026687808310797628	1161.3562027430603	0.026337900615867653	1192.3502544624228
46.5601	0.6724162077699407	22.9614	1.35728	0.02689664831079763	1162.4294606701121	0.026541291326239013	1193.6949170598662
46.7701	0.6777082077699407	22.9681	1.36333	0.027108328310797628	1162.7686506753596	0.026747405725336158	1194.2893650073704
46.9601	0.6820262077699407	22.9725	1.36877	0.02728104831079763	1162.9914023205968	0.02691555301267378	1194.7190269523473
47.1801	0.6878762077699407	22.9854	1.37561	0.02751504831079763	1163.6444696441329	0.027143312838961296	1195.6622034429836
47.3901	0.6935172077699407	22.9876	1.38226	0.02774068831079763	1163.7558454667517	0.02736288648800751	1196.0392336457135
47.6001	0.6985372077699408	22.9947	1.38799	0.02794148831079763	1164.115285621566	0.027558247427477877	1196.6423992671819
47.8101	0.7041132077699407	23.0003	1.39401	0.02816452831079763	1164.3987877155043	0.027775201221758774	1197.193530337176
48.0101	0.7091362077699407	23.0125	1.40006	0.02836544831079763	1165.0164172772982	0.027970598325543532	1198.062630242808
48.2201	0.7143722077699407	23.0157	1.40656	0.028574888310797627	1165.1784184738344	0.028174240596537063	1198.4732616438762
48.4301	0.7199652077699408	23.022	1.41372	0.02879860831079763	1165.4973583295148	0.028391721769740752	1199.0620602393158
48.6401	0.7249822077699407	23.0367	1.41941	0.02899928831079763	1166.2415513261026	0.028586765219795512	1200.0617263130403
48.8401	0.7300072077699408	23.0368	1.42531	0.029200288310797632	1166.2466138634943	0.028782081556385973	1200.3013512297998
49.0401	0.7349702077699407	23.0516	1.43168	0.02939880831079763	1166.995869397474	0.02897495058167727	1201.3041572613831
49.2401	0.7401132077699407	23.0461	1.43742	0.02960452831079763	1166.7174298409273	0.029174775416368558	1201.2575490233542
49.4501	0.7455122077699408	23.0578	1.44405	0.02982048831079763	1167.3097467157627	0.029384503859063372	1202.1194933727802
49.6501	0.7503642077699407	23.059	1.45006	0.03001456831079763	1167.3704971644636	0.029572946132584654	1202.408618695616
49.8601	0.7556442077699407	23.0834	1.45602	0.030225768310797627	1168.6057562880517	0.029777970757125523	1203.9277631242787
50.0601	0.7604522077699407	23.075	1.46221	0.03041808831079763	1168.1805031471442	0.02996463086332527	1203.7143208548262
50.2701	0.7663762077699408	23.0872	1.46933	0.03065504831079763	1168.7981327089383	0.030194569332595234	1204.6276959327008
50.4801	0.7711502077699407	23.0874	1.475	0.03084600831079763	1168.8082577837215	0.030379832396063153	1204.861327017047
50.6801	0.7763392077699407	23.0934	1.48108	0.031053568310797627	1169.1120100272267	0.03058116130951215	1205.4171096935809
50.8901	0.7818442077699407	23.0938	1.48688	0.031273768310797624	1169.132260176794	0.030794706460106444	1205.6954316062422
51.1001	0.7867312077699408	23.1091	1.49282	0.03146924831079763	1169.9068283977324	0.03098424049222789	1206.7229168810784
51.3001	0.7919622077699408	23.1227	1.49909	0.03167848831079763	1170.5953334830106	0.03118707618547787	1207.6780240714263
51.5101	0.7974582077699407	23.1212	1.50551	0.03189832831079763	1170.5193954221345	0.031400143127363334	1207.8570073914661
51.7201	0.8028432077699407	23.14	1.5118	0.032113728310797625	1171.471152451784	0.03160886283914121	1209.0914587655577
51.9301	0.8083562077699408	23.1393	1.51825	0.032334248310797634	1171.4357146900418	0.03182249864235426	1209.3132079689663
52.1301	0.8133242077699407	23.1347	1.52412	0.03253296831079763	1171.202837970021	0.032014975910639454	1209.3055427832157
52.3301	0.8183902077699408	23.1422	1.52985	0.03273560831079763	1171.5825282744026	0.03221121188976998	1209.9349950237677
52.5401	0.8233932077699407	23.1573	1.53612	0.03293572831079763	1172.3469714205573	0.032404969722468854	1210.9590727572513
52.7401	0.8288692077699408	23.1595	1.54315	0.03315476831079763	1172.458347243176	0.032617003029992174	1211.330932100084
52.9401	0.8338242077699407	23.1659	1.54881	0.03335296831079763	1172.7823496362482	0.03280882423355737	1211.8981221791287
53.1401	0.8387452077699408	23.1769	1.55423	0.03354980831079763	1173.3392287493411	0.03299929279629926	1212.7045349574207
53.3501	0.8441122077699407	23.1843	1.56068	0.033764488310797626	1173.713856516331	0.033206982552155484	1213.3437043048978
53.5501	0.8494252077699407	23.1856	1.56673	0.03397700831079763	1173.7796695024238	0.03341254016280979	1213.6611910881527
53.7501	0.8545332077699407	23.1901	1.57225	0.03418132831079763	1174.0074836850526	0.03361012658261809	1214.1366189242249
53.9501	0.8595842077699407	23.1937	1.57833	0.03438336831079763	1174.1897350311558	0.03380546976039973	1214.56233315749
54.1601	0.8648012077699407	23.1991	1.58424	0.03459204831079763	1174.4631120503107	0.03400719279589933	1215.0901967616046
54.3601	0.8700632077699407	23.2123	1.59044	0.03480252831079763	1175.131366986022	0.03421061461124925	1216.028909654459
54.5601	0.8751522077699407	23.2157	1.59675	0.03500608831079763	1175.3034932573414	0.03440730912592245	1216.446271134297
54.7701	0.8804242077699407	23.2205	1.60255	0.035216968310797625	1175.5464950521457	0.034611035965940874	1216.9456787162665
54.9701	0.8855792077699407	23.2278	1.60897	0.03542316831079763	1175.9160602817437	0.03481020142886683	1217.5707328044741
55.1701	0.8910512077699407	23.2266	1.61469	0.035642048310797626	1175.8553098330428	0.03502157092033245	1217.7652015926199
55.3701	0.8957802077699407	23.2254	1.62062	0.03583120831079763	1175.7945593843417	0.03520420422242434	1217.9246991723446
55.5701	0.9010652077699407	23.2332	1.62679	0.03604260831079763	1176.1894373008984	0.035408270704695245	1218.582372488832
55.7801	0.9061812077699407	23.2457	1.63344	0.036247248310797626	1176.8222544748676	0.03560577203397241	1219.4788229504907
55.9901	0.9116682077699407	23.2457	1.64016	0.03646672831079763	1176.8222544748676	0.035817552340658046	1219.7371118989029
56.1801	0.9162712077699408	23.2481	1.64508	0.03665084831079763	1176.9437553722698	0.03599517854243312	1220.0797424207594
56.3901	0.9217152077699408	23.2536	1.65134	0.03686860831079763	1177.2221949288162	0.03620521756580001	1220.6247389284242
56.6001	0.9272472077699407	23.264	1.65742	0.03708988831079763	1177.7486988175585	0.03641860660053742	1221.431266514889
56.8101	0.9327602077699407	23.2703	1.66443	0.03731040831079763	1178.067638673239	0.03663121744637047	1222.0218232898746
57.0201	0.9379862077699407	23.2618	1.67005	0.03751944831079763	1177.63732299494	0.036832718306829236	1221.8216256639148
57.2201	0.9429022077699407	23.2682	1.6765	0.037716088310797626	1177.9613253880123	0.03702222932581324	1222.3894187630508
57.4201	0.9480932077699408	23.2831	1.68267	0.03792372831079763	1178.7156434593835	0.037222302574581964	1223.4169352776241
57.6301	0.9540532077699407	23.2857	1.68909	0.03816212831079763	1178.847269431569	0.037451965524490774	1223.8345901864498
57.8401	0.9592502077699407	23.285	1.69516	0.03837000831079763	1178.8118316698267	0.037652183953118326	1224.0428514478645
58.0501	0.9649902077699407	23.2945	1.70174	0.03859960831079763	1179.2927727220433	0.03787327529609972	1224.8130118328686
58.2401	0.9694212077699407	23.2915	1.70702	0.038776848310797626	1179.1408966002907	0.03804391360276299	1224.864264284818
58.4501	0.9751862077699407	23.3037	1.71413	0.03900744831079763	1179.7585261620848	0.03826588082171043	1225.777895890575
58.6501	0.9802442077699407	23.3055	1.71952	0.03920976831079763	1179.8496518351362	0.03846058616725477	1226.1112833251673
58.8601	0.9852082077699407	23.3043	1.72481	0.03940832831079763	1179.7889013864353	0.03865163617391691	1226.282409749707
59.0801	0.9910772077699407	23.3217	1.732	0.03964308831079763	1180.6697828926003	0.038877469935526654	1227.475179361702
59.2801	0.9964512077699407	23.3291	1.73849	0.039858048310797624	1181.0444106595903	0.039084211828550826	1228.1185358368577
59.4801	1.0014622077699409	23.3121	1.74371	0.040058488310797634	1180.1837793029922	0.03927695033232392	1227.4601574307942
59.6801	1.0064622077699408	23.3239	1.74986	0.04025848831079763	1180.781158715219	0.03946922872341888	1228.3176231909656
59.8801	1.0119522077699408	23.3334	1.7561	0.04047808831079763	1181.2620997674355	0.03968030782231354	1229.07733136002
60.0801	1.0171722077699408	23.3343	1.76196	0.04068688831079763	1181.3076626039613	0.03988096466888371	1229.371395533018
60.2901	1.022922207769941	23.3358	1.7692	0.040916888310797636	1181.3836006648376	0.04010194812742568	1229.7221415054485
60.4901	1.0283622077699408	23.3354	1.77534	0.041134488310797634	1181.3633505152707	0.04031097274923438	1229.9581274478458
60.7001	1.0335222077699409	23.3429	1.78119	0.04134088831079764	1181.7430408196522	0.04050919838300956	1230.5973478822398
60.9001	1.038752207769941	23.3503	1.78657	0.04155008831079764	1182.117668586642	0.04071007303564506	1231.234762110171
61.1101	1.0443822077699407	23.3491	1.79326	0.04177528831079763	1182.0569181379408	0.04092626586217547	1231.437686692926
61.3201	1.049702207769941	23.3619	1.79958	0.04198808831079764	1182.7049229240852	0.041130511702300476	1232.3644416734369
61.5201	1.0549322077699408	23.3534	1.80547	0.04219728831079763	1182.2746072457862	0.0413312616001255	1232.1633897102718
61.7301	1.0605722077699409	23.361	1.8119	0.042422888310797637	1182.6593600875594	0.04154770390785195	1232.8311860302733
61.9201	1.0651722077699408	23.3551	1.81754	0.04260688831079763	1182.360670381446	0.041724200188663796	1232.737379407468
62.1401	1.0714022077699408	23.3715	1.82478	0.04285608831079763	1183.1909265136937	0.04196318788969662	1233.897861348899
62.3501	1.0774022077699408	23.377	1.83149	0.04309608831079763	1183.46936607024	0.04219329863120723	1234.4722663835269
62.5501	1.082032207769941	23.3593	1.83645	0.04328128831079764	1182.5732969518997	0.042370831231552344	1233.7565927659252
62.7601	1.0872022077699408	23.3742	1.8427	0.04348808831079763	1183.327615023271	0.042569032338961484	1234.7882708460083
62.9501	1.092402207769941	23.3756	1.84834	0.04369608831079764	1183.3984905467555	0.04276834393112337	1235.1083754965514
63.1601	1.0975622077699407	23.3791	1.85435	0.04390248831079763	1183.575679355467	0.042966083097056795	1235.5375967833147
63.3601	1.1029922077699408	23.3818	1.86086	0.04411968831079763	1183.7123678650441	0.04317412686518848	1235.9373885848863
63.5701	1.1088322077699408	23.3803	1.86681	0.044353288310797635	1183.6364298041678	0.04339783098163043	1236.134597630435
63.7701	1.1143622077699409	23.403	1.87323	0.04457448831079763	1184.785625792096	0.04360961427380788	1237.5968388197668
63.9701	1.119352207769941	23.4019	1.87872	0.044774088310797634	1184.7299378807868	0.04380067861112388	1237.775140743907
64.1701	1.1246222077699408	23.3947	1.88444	0.04498488831079763	1184.3654351885805	0.04400242436560878	1237.643982009708
64.3701	1.1299422077699408	23.403	1.89059	0.04519768831079763	1184.785625792096	0.04420604294239271	1238.3351972217604
64.5901	1.1359422077699408	23.4035	1.89698	0.045437688310797635	1184.8109384790548	0.0444356382163827	1238.6460086088898
64.7801	1.1407322077699409	23.4028	1.90282	0.045629288310797635	1184.7755007173125	0.04461889394437064	1238.8359636231123
64.9801	1.1459822077699409	23.3987	1.90847	0.045839288310797636	1184.5679366842508	0.044819709775938125	1238.8676878576468
65.1801	1.1513522077699407	23.4063	1.9142	0.04605408831079763	1184.952689526024	0.045025073971986955	1239.5246053335727
65.4001	1.157442207769941	23.4121	1.92144	0.046297688310797634	1185.2463166947455	0.045257922008175286	1240.1204812365997
65.6101	1.163072207769941	23.3985	1.92793	0.046522888310797636	1184.557811609467	0.04547313396029834	1239.666862376657
65.8201	1.1687922077699409	23.4252	1.93482	0.04675168831079764	1185.9095090930655	0.04569173882319269	1241.3527808269955
66.0301	1.1743422077699408	23.4098	1.94064	0.04697368831079763	1185.1298783347352	0.04590380101942027	1240.7997998474445
66.2401	1.179412207769941	23.4121	1.94614	0.04717648831079764	1185.2463166947455	0.04609748340466467	1241.162075699711
66.4301	1.1849622077699409	23.4176	1.95255	0.04739848831079763	1185.524756251292	0.04630945958437564	1241.71683755263
66.6401	1.1898922077699408	23.4069	1.95784	0.04759568831079763	1184.9830647503745	0.04649771786478797	1241.3831493538069
66.8401	1.195472207769941	23.4318	1.96468	0.047818888310797635	1186.243636560921	0.046710754467028485	1242.9684885270221
67.0501	1.2011622077699409	23.4218	1.97063	0.048046488310797636	1185.7373828217458	0.04692794399020429	1242.7079001251666
67.2401	1.2061222077699407	23.4266	1.97654	0.04824488831079763	1185.98038461655	0.04711723065407643	1243.1978758111723
67.4601	1.2123722077699408	23.4295	1.98295	0.04849488831079763	1186.1271982009107	0.04735569610789407	1243.6483042000632
67.6701	1.2183022077699408	23.4335	1.98985	0.04873208831079763	1186.329699696581	0.0475818995695656	1244.1420233879167
67.8701	1.2232522077699408	23.4185	1.99526	0.048930088310797634	1185.5703190878178	0.047770681159656596	1243.5803794994454
68.0801	1.2288122077699408	23.4323	2.0016	0.04915248831079763	1186.26894924788	0.04798268425554146	1244.5770199092487
68.2701	1.2340022077699409	23.4289	2.00764	0.049360088310797634	1186.0968229765601	0.0481805386815668	1244.6426669038397
68.4801	1.2397922077699408	23.4329	2.01433	0.04959168831079763	1186.2993244722304	0.04840122026512628	1245.129910814767
68.6801	1.2452822077699408	23.4412	2.01996	0.04981128831079763	1186.7195150757457	0.04861042259859576	1245.8315429852337
68.8801	1.2505722077699408	23.4402	2.02556	0.05002288831079763	1186.6688897018284	0.048811962323086336	1246.0294950332811
69.0801	1.255972207769941	23.4424	2.03176	0.05023888831079763	1186.7802655244468	0.04901765096929784	1246.4027867335883
69.3001	1.2620022077699409	23.4378	2.03812	0.05048008831079764	1186.5473888044262	0.0492472866356999	1246.44440577622
69.5101	1.2677122077699408	23.4415	2.04514	0.050708488310797634	1186.7347026879213	0.04946468739966818	1246.9122254871895
69.7201	1.2730422077699408	23.4301	2.05073	0.05092168831079763	1186.1575734252613	0.04966757752096841	1246.5587196667145
69.9301	1.2792022077699408	23.4579	2.05792	0.05116808831079763	1187.5649588201686	0.0499020108966204	1248.3303875078877
70.1401	1.2846222077699407	23.4471	2.06342	0.05138488831079763	1187.0182047818594	0.05010823637885936	1248.0130026574589
70.3401	1.2902322077699409	23.4499	2.06979	0.051609288310797634	1187.1599558288283	0.05032164638574029	1248.428436260232
70.5501	1.2961922077699408	23.4462	2.07623	0.051847688310797634	1186.9726419453336	0.05054832085892457	1248.5144295183593
70.7601	1.3018422077699408	23.4575	2.0829	0.05207368831079763	1187.5447086706017	0.050763157785228545	1249.3845416850518
70.9701	1.3079222077699408	23.4482	2.08944	0.052316888310797637	1187.0738926931688	0.05099429358652361	1249.1779049538611
71.1801	1.3133622077699407	23.4444	2.09518	0.05253448831079763	1186.8815162722822	0.05120105402879721	1249.2337294151903
71.3801	1.319252207769941	23.4527	2.10196	0.05277008831079764	1187.3017068757977	0.05142486962640681	1249.955722799194
71.5801	1.324202207769941	23.4366	2.10712	0.052968088310797634	1186.4866383557253	0.05161292719479962	1249.332567395733
71.7801	1.329792207769941	23.4546	2.1129	0.05319168831079764	1187.3978950862409	0.051825256765729626	1250.5575938225654
71.9901	1.3358222077699409	23.4501	2.11928	0.053432888310797635	1187.170080903612	0.05205424868363543	1250.6040072424553
72.1901	1.3408722077699409	23.429	2.12476	0.053634888310797636	1186.101885513952	0.05224598432959792	1249.7183276687192
72.4001	1.3465922077699408	23.4552	2.13103	0.05386368831079763	1187.4282703105914	0.052463113777216165	1251.3875365540307
72.5901	1.3524422077699407	23.4528	2.13808	0.05409768831079763	1187.3067694131894	0.052685129231157785	1251.537320954204
72.8101	1.3584622077699409	23.4471	2.14474	0.054338488310797635	1187.0182047818594	0.05291354496763299	1251.5189796271025
73.0201	1.3640822077699408	23.4579	2.15092	0.05456328831079763	1187.5649588201686	0.053126736500158124	1252.362408056074
73.2201	1.3694922077699407	23.4417	2.15659	0.05477968831079763	1186.7448277627047	0.0533319188751039	1251.754339531997
73.4301	1.376092207769941	23.4512	2.1633	0.05504368831079764	1187.2257688149214	0.05358217679176479	1252.575053988117
73.6301	1.3814722077699408	23.4518	2.16901	0.05525888831079764	1187.2561440392717	0.05378612858818485	1252.862598699046
73.8401	1.3869922077699408	23.4497	2.17499	0.05547968831079763	1187.149830754045	0.05399534445532336	1253.0125333424955
74.0401	1.3924522077699408	23.4589	2.18142	0.05569808831079763	1187.6155841940863	0.0542022431856886	1253.763501881808
74.2301	1.3982522077699409	23.4646	2.18722	0.055930088310797633	1187.9041488254163	nan	nan
74.4401	1.403782207769941	23.4541	2.19341	0.05615128831079764	1187.3725823992822	nan	nan
74.6501	1.4090322077699409	23.4463	2.19931	0.05636128831079763	1186.9777044827254	nan	nan
74.8501	1.4152322077699409	23.449	2.20588	0.05660928831079763	1187.1143929923028	nan	nan
75.0401	1.4201422077699408	23.4447	2.211	0.05680568831079763	1186.8967038844573	nan	nan
75.2501	1.4263522077699409	23.4488	2.21755	0.057054088310797633	1187.104267917519	nan	nan
75.4501	1.431852207769941	23.4454	2.22327	0.05727408831079764	1186.9321416461994	nan	nan
75.6501	1.4376922077699408	23.449	2.22985	0.05750768831079763	1187.1143929923028	nan	nan
75.8501	1.4431622077699409	23.4448	2.23577	0.05772648831079764	1186.901766421849	nan	nan
76.0601	1.4489222077699409	23.4377	2.24197	0.057956888310797636	1186.5423262670347	nan	nan
76.2701	1.455272207769941	23.4539	2.24887	0.05821088831079764	1187.3624573244988	nan	nan
76.4601	1.4610422077699408	23.4586	2.25447	0.05844168831079763	1187.6003965819111	nan	nan
76.6701	1.466932207769941	23.4355	2.26059	0.05867728831079764	1186.4309504444159	nan	nan
76.8701	1.472622207769941	23.4462	2.26641	0.05890488831079763	1186.9726419453336	nan	nan
77.0701	1.4782722077699408	23.4406	2.2726	0.05913088831079763	1186.6891398513953	nan	nan
77.2701	1.4838022077699409	23.4329	2.27853	0.059352088310797635	1186.2993244722304	nan	nan
77.4801	1.4897622077699408	23.4448	2.28469	0.059590488310797635	1186.901766421849	nan	nan
77.6801	1.4951222077699409	23.4298	2.29015	0.05980488831079764	1186.142385813086	nan	nan
77.8901	1.5014522077699408	23.4422	2.29707	0.06005808831079763	1186.7701404496636	nan	nan
78.1001	1.5077822077699408	23.4335	2.30418	0.06031128831079763	1186.329699696581	nan	nan
78.3001	1.5128722077699408	23.4274	2.30949	0.060514888310797633	1186.0208849156838	nan	nan
78.5101	1.5192822077699408	23.432	2.31564	0.06077128831079763	1186.2537616357047	nan	nan
78.7201	1.525632207769941	23.431	2.32292	0.061025288310797635	1186.203136261787	nan	nan
78.9201	1.5318922077699408	23.4462	2.32898	0.06127568831079763	1186.9726419453336	nan	nan
79.1301	1.537262207769941	23.4223	2.33495	0.06149048831079764	1185.7626955087044	nan	nan
79.3301	1.5429822077699409	23.4113	2.34081	0.061719288310797635	1185.2058163956115	nan	nan
79.5401	1.5493422077699408	23.4243	2.3472	0.06197368831079763	1185.8639462565395	nan	nan
79.7501	1.554952207769941	23.4141	2.35307	0.062198088310797636	1185.3475674425808	nan	nan
79.9701	1.5615422077699408	23.4129	2.35929	0.06246168831079763	1185.2868169938797	nan	nan
80.1601	1.5674122077699408	23.4152	2.36614	0.06269648831079763	1185.4032553538898	nan	nan
80.3601	1.5736522077699409	23.4201	2.37226	0.06294608831079763	1185.651319686086	nan	nan
80.5801	1.5800222077699408	23.3958	2.37857	0.06320088831079763	1184.4211230998899	nan	nan
80.7901	1.5857722077699408	23.3951	2.38501	0.06343088831079763	1184.3856853381474	nan	nan
81.0001	1.5921422077699408	23.3983	2.39096	0.06368568831079763	1184.5476865346836	nan	nan
81.2201	1.5986622077699408	23.3945	2.39802	0.06394648831079763	1184.355310113797	nan	nan
81.4301	1.6043622077699409	23.3944	2.40392	0.06417448831079764	1184.3502475764053	nan	nan
81.6401	1.610772207769941	23.3847	2.41051	0.06443088831079763	1183.859181449405	nan	nan
81.8501	1.6165522077699408	23.3752	2.41645	0.06466208831079763	1183.3782403971886	nan	nan
82.0601	1.6231322077699408	23.3853	2.42357	0.06492528831079764	1183.8895566737556	nan	nan
82.2701	1.6293422077699409	23.3763	2.42975	0.06517368831079763	1183.4339283084978	nan	nan
82.4801	1.6356322077699408	23.3666	2.43619	0.06542528831079764	1182.9428621814977	nan	nan
82.6901	1.641242207769941	23.3629	2.44162	0.06564968831079764	1182.7555482980029	nan	nan
82.8901	1.647212207769941	23.37	2.44802	0.06588848831079763	1183.1149884528174	nan	nan
83.1001	1.6536322077699408	23.3713	2.45421	0.06614528831079763	1183.1808014389103	nan	nan
83.3001	1.6598822077699409	23.3506	2.46044	0.06639528831079763	1182.132856198817	nan	nan
83.5101	1.6660722077699408	23.3538	2.46619	0.06664288831079763	1182.2948573953533	nan	nan
83.7301	1.6726222077699409	23.3406	2.47296	0.06690488831079763	1181.6266024596416	nan	nan
83.9301	1.678802207769941	23.3428	2.47923	0.06715208831079764	1181.7379782822604	nan	nan
84.1201	1.6852622077699408	23.3326	2.48528	0.06741048831079763	1181.2215994683015	nan	nan
84.3401	1.6916522077699407	23.3192	2.49146	0.06766608831079762	1180.5432194578063	nan	nan
84.5501	1.6976222077699408	23.3207	2.49795	0.06790488831079763	1180.6191575186826	nan	nan
84.7601	1.7036322077699408	23.309	2.50406	0.06814528831079764	1180.0268406438477	nan	nan
84.9601	1.7104622077699407	23.303	2.5107	0.06841848831079762	1179.7230884003425	nan	nan
85.1501	1.7156022077699409	23.2928	2.51604	0.06862408831079764	1179.2067095863836	nan	nan
85.3601	1.7226322077699407	23.2991	2.52351	0.06890528831079763	1179.525649442064	nan	nan
85.5601	1.7287522077699409	23.2853	2.52914	0.06915008831079764	1178.827019282002	nan	nan
85.7601	1.7342922077699408	23.2582	2.53434	0.06937168831079762	1177.4550716488368	nan	nan
85.9801	1.7403322077699408	23.2698	2.5407	0.06961328831079763	1178.0423259862803	nan	nan
86.1801	1.7468822077699409	23.2583	2.54716	0.06987528831079763	1177.4601341862285	nan	nan
86.3901	1.752962207769941	23.2548	2.55344	0.07011848831079764	1177.282945377517	nan	nan
86.5901	1.7591722077699408	23.2462	2.55939	0.07036688831079763	1176.8475671618264	nan	nan
86.7901	1.7654822077699408	23.2339	2.56554	0.07061928831079763	1176.2248750626406	nan	nan
87.0001	1.772212207769941	23.214	2.57219	0.07088848831079764	1175.2174301216817	nan	nan
87.2001	1.7785622077699408	23.2179	2.57805	0.07114248831079763	1175.4148690799602	nan	nan
87.4001	1.7844622077699408	23.1934	2.58372	0.07137848831079763	1174.1745474189806	nan	nan
87.6101	1.790922207769941	23.2074	2.59045	0.07163688831079763	1174.8833026538261	nan	nan
87.8001	1.797052207769941	23.184	2.5964	0.07188208831079763	1173.6986689041557	nan	nan
88.0201	1.804102207769941	23.1741	2.60233	0.07216408831079764	1173.197477702372	nan	nan
88.2301	1.8101322077699409	23.154	2.60807	0.07240528831079764	1172.1799076866296	nan	nan
88.4301	1.8165222077699408	23.1637	2.61489	0.07266088831079763	1172.6709738136294	nan	nan
88.6401	1.8232022077699408	23.1301	2.62147	0.07292808831079763	1170.9699612500003	nan	nan
88.8301	1.8287522077699407	23.1168	2.62687	0.07315008831079763	1170.2966437768973	nan	nan
89.0401	1.8354722077699408	23.1141	2.63307	0.07341888831079763	1170.15995526732	nan	nan
89.2501	1.8415822077699409	23.0939	2.63941	0.07366328831079763	1169.1373227141858	nan	nan
89.4401	1.8480122077699408	23.0856	2.64562	0.07392048831079763	1168.71713211067	nan	nan
89.6501	1.853992207769941	23.0679	2.65112	0.07415968831079764	1167.8210629923299	nan	nan
89.8601	1.860032207769941	23.0713	2.65756	0.07440128831079763	1167.9931892636494	nan	nan
90.0501	1.8664422077699407	23.0652	2.66308	0.07465768831079762	1167.6843744827524	nan	nan
90.2601	1.8732622077699408	23.0417	2.66962	0.07493048831079763	1166.49467819569	nan	nan
90.4601	1.8794222077699407	23.0255	2.67572	0.07517688831079763	1165.6745471382262	nan	nan
90.6701	1.8858122077699409	23.0289	2.68202	0.07543248831079763	1165.846673409546	nan	nan
90.8801	1.892972207769941	23.0113	2.68855	0.07571888831079764	1164.9556668285973	nan	nan
91.0901	1.8990922077699408	22.9817	2.69434	0.07596368831079764	1163.4571557606382	nan	nan
91.3001	1.9060722077699408	22.9724	2.70103	0.07624288831079763	1162.986339783205	nan	nan
91.5101	1.9122022077699408	22.9557	2.70722	0.07648808831079763	1162.140896038782	nan	nan
91.7101	1.9187422077699408	22.9502	2.71315	0.07674968831079763	1161.8624564822355	nan	nan
91.9101	1.9250122077699408	22.9275	2.7192	0.07700048831079763	1160.7132604943076	nan	nan
92.1201	1.9316222077699408	22.934	2.72532	0.07726488831079763	1161.0423254247717	nan	nan
92.3201	1.938292207769941	22.89	2.73194	0.07753168831079764	1158.8148089724	nan	nan
92.5301	1.944562207769941	22.8873	2.73781	0.07778248831079763	1158.6781204628228	nan	nan
92.7401	1.9516022077699409	22.8674	2.74437	0.07806408831079764	1157.6706755218638	nan	nan
92.9401	1.957712207769941	22.8511	2.75052	0.07830848831079763	1156.8454819270078	nan	nan
93.1401	1.963982207769941	22.8453	2.7568	0.07855928831079764	1156.5518547582863	nan	nan
93.3501	1.9702422077699409	22.8288	2.76216	0.07880968831079764	1155.716536088647	nan	nan
93.5501	1.9766322077699408	22.8159	2.76822	0.07906528831079764	1155.0634687651104	nan	nan
93.7501	1.9827822077699409	22.7976	2.77404	0.07931128831079763	1154.1370244224197	nan	nan
93.9501	1.9891222077699409	22.7783	2.78059	0.07956488831079764	1153.1599547058115	nan	nan
94.1601	1.9963422077699409	22.7708	2.78776	0.07985368831079763	1152.7802644014298	nan	nan
94.3701	2.0024822077699405	22.7353	2.79345	0.08009928831079761	1150.9830636273573	nan	nan
94.5901	2.0093222077699404	22.7438	2.80016	0.08037288831079761	1151.4133793056562	nan	nan
94.7801	2.0156522077699406	22.7228	2.80623	0.08062608831079762	1150.350246453388	nan	nan
94.9901	2.0218022077699405	22.6982	2.81158	0.08087208831079762	1149.1048622550168	nan	nan
95.2001	2.0288222077699407	22.6868	2.81817	0.08115288831079763	1148.527732992357	nan	nan
95.4101	2.0351922077699407	22.6616	2.82443	0.08140768831079763	1147.2519735696349	nan	nan
95.6201	2.041712207769941	22.6565	2.83057	0.08166848831079764	1146.9937841626554	nan	nan
95.8201	2.0487322077699406	22.6296	2.83743	0.08194928831079762	1145.6319616042736	nan	nan
96.0301	2.0551922077699407	22.6265	2.84358	0.08220768831079762	1145.4750229451292	nan	nan
96.2501	2.0620922077699406	22.6019	2.84967	0.08248368831079762	1144.229638746758	nan	nan
96.4501	2.0684822077699407	22.5829	2.85576	0.08273928831079763	1143.2677566423247	nan	nan
96.6601	2.0755822077699406	22.566	2.86253	0.08302328831079762	1142.4121878231183	nan	nan
96.8601	2.0819222077699404	22.5477	2.869	0.08327688831079762	1141.4857434804276	nan	nan
97.0601	2.0879022077699405	22.5232	2.8744	0.08351608831079763	1140.245421819448	nan	nan
97.2601	2.0942722077699405	22.5105	2.88078	0.08377088831079763	1139.602479570695	nan	nan
97.4701	2.1006822077699407	22.4979	2.88681	0.08402728831079763	1138.9645998593342	nan	nan
97.6801	2.1076222077699405	22.4808	2.89336	0.08430488831079762	1138.0989059653443	nan	nan
97.8801	2.113772207769941	22.4653	2.89935	0.08455088831079763	1137.3142126696225	nan	nan
98.0901	2.1200522077699406	22.45	2.90594	0.08480208831079762	1136.5396444486842	nan	nan
98.3101	2.1276122077699404	22.439	2.91242	0.08510448831079762	1135.9827653355912	nan	nan
98.5101	2.1340022077699405	22.4099	2.91841	0.08536008831079762	1134.509566954591	nan	nan
98.7201	2.1414122077699407	22.3983	2.92569	0.08565648831079763	1133.9223126171476	nan	nan
98.9401	2.1474522077699407	22.364	2.9313	0.08589808831079764	1132.1858622917762	nan	nan
99.1401	2.154242207769941	22.3501	2.93727	0.08616968831079763	1131.4821695943224	nan	nan
99.3301	2.1595922077699408	22.3343	2.94252	0.08638368831079762	1130.6822886864252	nan	nan
99.5401	2.1669122077699408	22.3324	2.94965	0.08667648831079763	1130.586100475982	nan	nan
99.7501	2.1735722077699404	22.3078	2.95567	0.08694288831079762	1129.3407162776105	nan	nan
99.9401	2.1801222077699407	22.2802	2.96178	0.08720488831079763	1127.9434559574865	nan	nan
100.14	2.186372207769941	22.261	2.96745	0.08745488831079763	1126.9714487782699	nan	nan
100.35	2.1929822077699406	22.2445	2.97355	0.08771928831079762	1126.1361301086306	nan	nan
100.56	2.1996822077699405	22.222	2.98031	0.08798728831079762	1124.997059195486	nan	nan
100.75	2.2053822077699405	22.2172	2.98571	0.08821528831079763	1124.7540574006816	nan	nan
100.96	2.2122322077699406	22.1892	2.99195	0.08848928831079762	1123.3365469309908	nan	nan
101.17	2.2184522077699405	22.1751	2.9981	0.08873808831079762	1122.6227291587536	nan	nan
101.38	2.2254422077699405	22.1584	3.0042	0.08901768831079762	1121.7772854143307	nan	nan
101.59	2.2319622077699406	22.1401	3.01093	0.08927848831079763	1120.8508410716397	nan	nan
101.78	2.2382922077699408	22.1151	3.01699	0.08953168831079764	1119.5852067237015	nan	nan
101.99	2.2445722077699406	22.0974	3.02291	0.08978288831079763	1118.689137605361	nan	nan
102.2	2.2515922077699404	22.0791	3.02975	0.09006368831079761	1117.7626932626702	nan	nan
102.42	2.258632207769941	22.0556	3.03618	0.09034528831079763	1116.572996975608	nan	nan
102.63	2.2651022077699405	22.04	3.04169	0.09060408831079762	1115.7832411424945	nan	nan
102.84	2.2719122077699407	22.0211	3.04875	0.09087648831079763	1114.8264215754532	nan	nan
103.05	2.2786622077699406	22.0113	3.05494	0.09114648831079762	1114.3302929110612	nan	nan
103.26	2.2857622077699404	21.992	3.06081	0.09143048831079761	1113.3532231944528	nan	nan
103.47	2.2922422077699407	21.9649	3.06664	0.09168968831079763	1111.9812755612875	nan	nan
103.68	2.2994022077699405	21.9445	3.07338	0.09197608831079762	1110.9485179333697	nan	nan
103.88	2.305342207769941	21.9304	3.07899	0.09221368831079763	1110.2347001611324	nan	nan
104.08	2.3124722077699404	21.9142	3.08574	0.09249888831079761	1109.4145691036683	nan	nan
104.29	2.3187122077699405	21.8809	3.09158	0.09274848831079761	1107.7287441522144	nan	nan
104.5	2.3253622077699405	21.8643	3.09812	0.09301448831079762	1106.8883629451834	nan	nan
104.7	2.3316322077699407	21.8522	3.10435	0.09326528831079763	1106.275795920781	nan	nan
104.91	2.3378722077699408	21.828	3.11017	0.09351488831079763	1105.0506618719767	nan	nan
105.11	2.3444922077699406	21.8197	3.11633	0.09377968831079762	1104.6304712684612	nan	nan
105.31	2.3505322077699407	21.7888	3.12184	0.09402128831079763	1103.0661472144093	nan	nan
105.51	2.3569622077699406	21.776	3.12791	0.09427848831079762	1102.418142428265	nan	nan
105.72	2.3642022077699405	21.7627	3.13472	0.09456808831079762	1101.7448249551614	nan	nan
105.92	2.3704622077699407	21.7332	3.13995	0.09481848831079763	1100.2513764245944	nan	nan
106.13	2.376652207769941	21.717	3.14626	0.09506608831079763	1099.4312453671303	nan	nan
106.33	2.3832122077699407	21.7103	3.1522	0.09532848831079763	1099.0920553618828	nan	nan
106.52	2.3896522077699407	21.6847	3.1585	0.09558608831079762	1097.7960457895938	nan	nan
106.73	2.3961722077699408	21.6667	3.16471	0.09584688831079763	1096.884789059078	nan	nan
106.94	2.403772207769941	21.6366	3.17162	0.09615088831079763	1095.3609653041606	nan	nan
107.14	2.4099222077699407	21.6177	3.17718	0.09639688831079762	1094.404145737119	nan	nan
107.35	2.416102207769941	21.5966	3.18279	0.09664408831079763	1093.335950347459	nan	nan
107.56	2.4231922077699406	21.5838	3.18993	0.09692768831079762	1092.6879455613143	nan	nan
107.77	2.4297422077699404	21.5586	3.19499	0.09718968831079762	1091.4121861385925	nan	nan
107.99	2.4369522077699406	21.5443	3.20264	0.09747808831079763	1090.6882432915718	nan	nan
108.19	2.4434122077699407	21.5127	3.20843	0.09773648831079763	1089.0884814757776	nan	nan
108.41	2.4502922077699405	21.4948	3.21507	0.09801168831079762	1088.182287282654	nan	nan
108.62	2.4571322077699405	21.468	3.22103	0.09828528831079762	1086.8255272616639	nan	nan
108.83	2.4631922077699406	21.4473	3.22678	0.09852768831079763	1085.7775820215709	nan	nan
109.04	2.4702522077699407	21.4407	3.23409	0.09881008831079763	1085.4434545537151	nan	nan
109.25	2.4765522077699407	21.4165	3.23996	0.09906208831079763	1084.2183205049107	nan	nan
109.46	2.4837422077699407	21.3964	3.24689	0.09934968831079763	1083.2007504891683	nan	nan
109.66	2.4902222077699405	21.3719	3.25256	0.09960888831079762	1081.9604288281887	nan	nan
109.86	2.496572207769941	21.3476	3.25809	0.09986288831079763	1080.7302322419923	nan	nan
110.07	2.503012207769941	21.3365	3.26411	0.10012048831079763	1080.168290591508	nan	nan
110.28	2.5099122077699407	21.313	3.27053	0.10039648831079763	1078.9785943044458	nan	nan
110.49	2.5168022077699406	21.314	3.27718	0.10067208831079762	1079.0292196783632	nan	nan
110.7	2.523822207769941	21.2586	3.28323	0.10095288831079763	1076.224573963332	nan	nan
110.9	2.5301122077699407	21.2394	3.28928	0.10120448831079763	1075.252566784115	nan	nan
111.11	2.5364922077699408	21.223	3.29539	0.10145968831079763	1074.4223106518675	nan	nan
111.32	2.5432522077699407	21.2048	3.30157	0.10173008831079762	1073.5009288465683	nan	nan
111.52	2.5495922077699404	21.1772	3.3076	0.10198368831079761	1072.1036685264444	nan	nan
111.73	2.5566722077699406	21.1774	3.31495	0.10226688831079762	1072.1137936012278	nan	nan
111.92	2.5629122077699407	21.1361	3.32003	0.10251648831079763	1070.0229656584336	nan	nan
112.13	2.5691122077699404	21.1133	3.32578	0.10276448831079761	1068.8687071331137	nan	nan
112.34	2.575472207769941	21.094	3.33174	0.10301888831079763	1067.8916374165053	nan	nan
112.53	2.5816722077699406	21.0847	3.33784	0.10326688831079762	1067.4208214390724	nan	nan
112.73	2.5881422077699408	21.0692	3.34362	0.10352568831079763	1066.6361281433503	nan	nan
112.95	2.5951722077699406	21.0364	3.3504	0.10380688831079762	1064.9756158788553	nan	nan
113.15	2.6011822077699405	21.0124	3.35613	0.10404728831079763	1063.7606069048343	nan	nan
113.36	2.6084522077699406	20.9962	3.36253	0.10433808831079762	1062.9404758473704	nan	nan
113.57	2.614992207769941	20.9747	3.36874	0.10459968831079763	1061.8520303081432	nan	nan
113.76	2.6214722077699406	20.9484	3.37483	0.10485888831079762	1060.520582974112	nan	nan
113.98	2.6280022077699408	20.9226	3.38091	0.10512008831079762	1059.2144483270395	nan	nan
114.19	2.6344622077699404	20.9078	3.38673	0.10537848831079762	1058.4651927930602	nan	nan
114.4	2.6419122077699404	20.882	3.39422	0.10567648831079762	1057.1590581459877	nan	nan
114.61	2.6485722077699405	20.8648	3.40061	0.10594288831079762	1056.288301714606	nan	nan
114.82	2.6557522077699405	20.833	3.4068	0.10623008831079762	1054.6784148240283	nan	nan
115.04	2.6630422077699407	20.8034	3.41286	0.10652168831079763	1053.1799037560695	nan	nan
115.25	2.669832207769941	20.7963	3.41966	0.10679328831079764	1052.820463601255	nan	nan
115.45	2.6760622077699407	20.7624	3.42491	0.10704248831079763	1051.1042634254502	nan	nan
115.66	2.682982207769941	20.75	3.43167	0.10731928831079764	1050.476508788873	nan	nan
115.87	2.6892322077699404	20.7174	3.43769	0.10756928831079762	1048.8261215991613	nan	nan
116.07	2.6956922077699406	20.6984	3.44383	0.10782768831079763	1047.864239494728	nan	nan
116.28	2.7027022077699407	20.6743	3.45034	0.10810808831079763	1046.6441679833154	nan	nan
116.49	2.7090522077699406	20.6538	3.45571	0.10836208831079762	1045.6063478180058	nan	nan
116.7	2.7159122077699407	20.6218	3.46246	0.10863648831079763	1043.9863358526447	nan	nan
116.91	2.7220522077699405	20.6083	3.46824	0.10888208831079763	1043.302893304758	nan	nan
117.12	2.7292322077699405	20.585	3.47506	0.10916928831079761	1042.1233220924794	nan	nan
117.34	2.7358822077699405	20.5654	3.48111	0.10943528831079762	1041.1310647636958	nan	nan
117.52	2.7423722077699404	20.5337	3.48731	0.10969488831079761	1039.52624041051	nan	nan
117.73	2.7487022077699406	20.5226	3.49318	0.10994808831079762	1038.9642987600253	nan	nan
117.93	2.7552022077699405	20.4965	3.49908	0.11020808831079762	1037.6429765007776	nan	nan
118.14	2.7624122077699407	20.4644	3.50577	0.11049648831079763	1036.0179019980246	nan	nan
118.33	2.7680022077699404	20.4408	3.51097	0.11072008831079762	1034.8231431735708	nan	nan
118.54	2.7751422077699406	20.4251	3.51759	0.11100568831079763	1034.0283248030655	nan	nan
118.75	2.7815822077699406	20.4058	3.52355	0.11126328831079763	1033.0512550864569	nan	nan
118.95	2.7884822077699405	20.3874	3.53008	0.11153928831079762	1032.1197482063742	nan	nan
119.15	2.7957622077699407	20.3581	3.53592	0.11183048831079763	1030.6364247505905	nan	nan
119.36	2.802222207769941	20.3269	3.54261	0.11208888831079764	1029.0569130843633	nan	nan
119.58	2.809072207769941	20.2933	3.54847	0.11236288831079763	1027.3559005207342	nan	nan
119.77	2.8145722077699404	20.2781	3.55413	0.11258288831079762	1026.5863948371875	nan	nan
119.98	2.8215922077699407	20.2611	3.56065	0.11286368831079763	1025.7257634805894	nan	nan
120.19	2.828122207769941	20.2405	3.56676	0.11312488831079763	1024.6828807778884	nan	nan
120.4	2.8350922077699408	20.2084	3.57323	0.11340368831079763	1023.0578062751355	nan	nan
120.6	2.8414422077699406	20.1915	3.5796	0.11365768831079763	1022.2022374559291	nan	nan
120.8	2.8480622077699405	20.1701	3.58582	0.11392248831079761	1021.1188544540939	nan	nan
121.01	2.8545022077699405	20.1463	3.59176	0.11418008831079762	1019.9139705548564	nan	nan
121.2	2.8609722077699407	20.1134	3.59773	0.11443888831079763	1018.2483957529694	nan	nan
121.42	2.8680322077699407	20.0916	3.60423	0.11472128831079763	1017.1447626015671	nan	nan
121.63	2.8750422077699405	20.0705	3.61091	0.11500168831079761	1016.0765672119072	nan	nan
121.84	2.8819022077699405	20.0455	3.61768	0.11527608831079762	1014.8109328639688	nan	nan
122.05	2.8890222077699406	20.0072	3.62333	0.11556088831079762	1012.8719810429271	nan	nan
122.25	2.8956022077699406	19.9993	3.62941	0.11582408831079763	1012.4720405889788	nan	nan
122.46	2.9022622077699407	19.9768	3.63522	0.11609048831079763	1011.332969675834	nan	nan
122.67	2.9097122077699407	19.9451	3.64169	0.11638848831079762	1009.7281453226481	nan	nan
122.88	2.9161522077699407	19.9133	3.64805	0.11664608831079763	1008.1182584320704	nan	nan
123.09	2.9231722077699405	19.892	3.65414	0.11692688831079762	1007.039937967627	nan	nan
123.29	2.9294722077699404	19.8577	3.66018	0.11717888831079762	1005.3034876422555	nan	nan
123.5	2.936242207769941	19.8387	3.66688	0.11744968831079763	1004.3416055378224	nan	nan
123.7	2.9424222077699405	19.8032	3.67248	0.11769688831079762	1002.5444047637499	nan	nan
123.91	2.9490822077699406	19.7794	3.67875	0.11796328831079762	1001.3395208645123	nan	nan
124.11	2.9555422077699407	19.7676	3.68519	0.11822168831079763	1000.7421414522856	nan	nan
124.31	2.9620122077699405	19.7468	3.69116	0.11848048831079762	999.6891336748007	nan	nan
124.52	2.9685222077699405	19.7192	3.6971	0.11874088831079761	998.2918733546768	nan	nan
124.71	2.9749922077699407	19.691	3.70298	0.11899968831079763	996.8642378102022	nan	nan
124.93	2.9822222077699405	19.6672	3.70949	0.11928888831079762	995.6593539109649	nan	nan
125.14	2.9887822077699404	19.6375	3.71513	0.11955128831079762	994.155780305614	nan	nan
125.34	2.9951822077699406	19.6162	3.72128	0.11980728831079762	993.0774598411706	nan	nan
125.55	3.0023822077699407	19.5912	3.72787	0.12009528831079763	991.8118254932322	nan	nan
125.74	3.008362207769941	19.5677	3.73357	0.12033448831079763	990.6221292061699	nan	nan
125.96	3.0158722077699407	19.5435	3.74052	0.12063488831079763	989.3969951573657	nan	nan
126.17	3.0231522077699404	19.5103	3.74686	0.12092608831079761	987.7162327433034	nan	nan
126.37	3.0297122077699408	19.4777	3.75289	0.12118848831079763	986.0658455535917	nan	nan
126.58	3.036092207769941	19.4616	3.75908	0.12144368831079763	985.2507770335196	nan	nan
126.77	3.0426522077699407	19.428	3.76449	0.12170608831079763	983.5497644698903	nan	nan
126.99	3.0499022077699407	19.3978	3.77098	0.12199608831079763	982.0208781775807	nan	nan
127.2	3.0565222077699405	19.3741	3.77754	0.12226088831079762	980.821056815735	nan	nan
127.4	3.0630222077699405	19.3383	3.78287	0.12252088831079762	979.0086684294872	nan	nan
127.61	3.0699622077699407	19.3255	3.78973	0.12279848831079762	978.3606636433428	nan	nan
127.8	3.0758922077699404	19.2954	3.79507	0.12303568831079761	976.8368398884251	nan	nan
128.02	3.0828822077699405	19.2616	3.80133	0.12331528831079762	975.1257022500124	nan	nan
128.23	3.0900122077699406	19.2373	3.8078	0.12360048831079762	973.8955056638163	nan	nan
128.43	3.096152207769941	19.2103	3.81378	0.12384608831079763	972.5286205680427	nan	nan
128.64	3.1026422077699407	19.1921	3.81958	0.12410568831079763	971.6072387627435	nan	nan
128.83	3.1093522077699407	19.1712	3.82613	0.12437408831079763	970.5491684478669	nan	nan
129.05	3.1167822077699405	19.1271	3.83279	0.12467128831079761	968.3165894581036	nan	nan
129.26	3.1231722077699406	19.1038	3.83851	0.12492688831079762	967.1370182458251	nan	nan
129.46	3.1296122077699406	19.0718	3.84461	0.12518448831079762	965.5170062804639	nan	nan
129.67	3.137022207769941	19.0499	3.85098	0.12548088831079762	964.40831059167	nan	nan
129.87	3.1433122077699407	19.0141	3.85676	0.12573248831079764	962.5959222054221	nan	nan
130.07	3.1499622077699407	18.9975	3.86225	0.12599848831079763	961.755540998391	nan	nan
130.27	3.1570022077699407	18.9695	3.86866	0.12628008831079762	960.3380305287	nan	nan
130.47	3.1638522077699407	18.931	3.87532	0.12655408831079762	958.3889536328749	nan	nan
130.67	3.170242207769941	18.8975	3.88122	0.12680968831079764	956.6930036066374	nan	nan
130.89	3.1773722077699404	18.878	3.88787	0.12709488831079763	955.7058088152454	nan	nan
131.1	3.1837922077699408	18.8451	3.89355	0.12735168831079763	954.0402340133585	nan	nan
131.3	3.190302207769941	18.8114	3.89915	0.12761208831079762	952.3341589123374	nan	nan
131.5	3.1969622077699404	18.7932	3.90502	0.12787848831079762	951.4127771070382	nan	nan
131.71	3.2045622077699405	18.7688	3.91241	0.12818248831079762	950.1775179834505	nan	nan
131.92	3.2110022077699405	18.7287	3.91808	0.12844008831079762	948.1474404893573	nan	nan
132.13	3.2179822077699405	18.6934	3.92477	0.12871928831079762	946.3603647900684	nan	nan
132.34	3.2244322077699406	18.6628	3.93004	0.12897728831079763	944.8112283481917	nan	nan
132.55	3.2316822077699405	18.6382	3.9367	0.12926728831079762	943.5658441498204	nan	nan
132.75	3.2378322077699404	18.6019	3.94202	0.12951328831079761	941.7281430766138	nan	nan
132.96	3.2442422077699407	18.5868	3.948	0.12976968831079763	940.9636999304589	nan	nan
133.16	3.2511722077699408	18.5483	3.954	0.13004688831079764	939.0146230346339	nan	nan
133.37	3.2586022077699406	18.5291	3.96118	0.13034408831079763	938.042615855417	nan	nan
133.59	3.2655322077699407	18.4898	3.96749	0.13062128831079764	936.0530386604579	nan	nan
133.79	3.2728322077699405	18.442	3.97383	0.13091328831079763	933.6331457871997	nan	nan
134	3.279242207769941	18.4225	3.98011	0.13116968831079764	932.6459509958078	nan	nan
134.2	3.2860322077699404	18.3873	3.98579	0.13144128831079763	930.8639378339104	nan	nan
134.41	3.293342207769941	18.3564	3.99265	0.13173368831079763	929.2996137798588	nan	nan
134.62	3.2999622077699406	18.3346	3.99825	0.13199848831079763	928.1959806284563	nan	nan
134.83	3.3075922077699405	18.2978	4.00528	0.1323036883107976	926.332966868291	nan	nan
135.03	3.3135722077699405	18.2607	4.01099	0.13254288831079764	924.4547654959505	nan	nan
135.24	3.3197622077699407	18.2186	4.01604	0.13279048831079762	922.3234372540221	nan	nan
135.45	3.3270222077699407	18.2055	4.02323	0.13308088831079762	921.6602448557024	nan	nan
135.66	3.3336722077699408	18.1665	4.0287	0.13334688831079763	919.6858552729185	nan	nan
135.85	3.340592207769941	18.1273	4.03515	0.13362368831079763	917.7013406153513	nan	nan
136.06	3.3476622077699405	18.079	4.04126	0.13390648831079763	915.2561350551341	nan	nan
136.26	3.3554022077699406	17.9924	4.04721	0.13421608831079762	910.8719776738756	nan	nan
