Specimen name:	AWA_3_09_Rz
Specimen ID:	46NTAH
Material:	42CrMoS4
Specimen type:	Round Tensile Specimen
Gauge diameter:	4.994	mm
Gauge length:	25	mm
Parallel length:	30	mm
Original cross-section:	19.58785846946624	mm²
Cross-section after fracture:	9.59640336378453	mm²
Yield stress at 0.2% plastic strain:	1090.0500177016443	MPa
Yield stress at 1% plastic strain:	1134.4512277901738	MPa
Ultimate tensile strength:	1187.7459721421997	MPa
Uniform elongation:	4.904524316324483	%
Elongation after fracture:	13.187898072214626	%
Reduction of area:	51.008409731244974	%
Slope of linear-elastic region:	212849.8029269922	MPa
Crosshead seperation speed:	0.030013369031669547	mm/s
Strain rate:	0.001000445634388985	s-1
Test temperature:	RT	Cel
Machine type:	INSTRON 8852TT
Standard:	DIN EN ISO 6892-1
Date:	2022-09-06 00:00:00
Heat treatment batch:	Batch 3
Time	Displacement	Force	Machine Displacement	Engineering Strain	Engineering Stress	True Strain	True Stress
s	mm	kN	mm		MPa		MPa
0	0.0008549209937714926	0.140667	0	3.4196839750859706e-05	7.181336347680538	3.4196255052216166e-05	7.181581926688816
0.24	0.0009548425937714926	0.141524	-0.000556945	3.81937037508597e-05	7.225087940093558	3.8192974389867725e-05	7.225363892961916
0.450001	0.0008018332937714927	0.141039	-0.000701904	3.20733317508597e-05	7.200327704013844	3.2072817412618726e-05	7.200558642513011
0.660001	0.0008368775937714927	0.145328	-0.000411987	3.3475103750859704e-05	7.419289874211559	3.3474543472175295e-05	7.419538235709857
0.880001	0.0008013773937714927	0.145453	-6.1035e-05	3.2055095750859705e-05	7.425671378355815	3.205458199727962e-05	7.425909408962863
1.09	0.0014213619937714925	0.233474	0.00524139	5.68544797508597e-05	11.919322388608316	5.6852863596112655e-05	11.920000055481703
1.29	0.0020685709937714927	0.330854	0.0114136	8.274283975085971e-05	16.890769377149557	8.27394167510128e-05	16.892166967373402
1.49	0.0027566309937714925	0.437496	0.0169373	0.0001102652397508597	22.335060296763597	0.00011025916098618229	22.33752307754207
1.69	0.0034452709937714925	0.542064	0.0231323	0.0001378108397508597	27.673469299616137	0.0001378013447095114	27.677283003659138
1.91	0.0042016509937714925	0.664204	0.0294724	0.0001680660397508597	33.908964629051624	0.00016805191823629744	33.91466357444888
2.13	0.005083490993771493	0.791684	0.0361252	0.0002033396397508597	40.41707781552973	0.00020331896904846446	40.42529620957252
2.33	0.005998880993771493	0.921063	0.0422211	0.0002399552397508597	47.02213881296736	0.00023992645509700688	47.03342202155983
2.55	0.006887890993771493	1.07656	0.0497055	0.0002755156397508597	54.96057681232244	0.00027547769228696906	54.97571931080396
2.76	0.007715730993771493	1.20834	0.0551834	0.0003086292397508597	61.688213741362944	0.00030858162354404863	61.70725252787153
2.96	0.008676320993771492	1.33719	0.0613403	0.00034705283975085965	68.2662682132621	0.00034699263084414994	68.2899602155047
3.16	0.009541090993771493	1.48685	0.0671844	0.0003816436397508597	75.90671549509699	0.00038157083234064814	75.93568481028007
3.36	0.010361770993771493	1.62989	0.0731277	0.00041447083975085973	83.20919831745209	0.00041438497043844283	83.24368610375372
3.58001	0.011497820993771493	1.80432	0.0799942	0.0004599128397508597	92.11420446051277	0.0004598071122565155	92.15656896586759
3.78001	0.012590320993771493	1.95966	0.0858612	0.0005036128397508597	100.04462729066265	0.0005034860693650292	100.09501104951431
3.99001	0.013379720993771493	2.10767	0.0913391	0.0005351888397508597	107.60083871779338	0.0005350456772808295	107.65842548582297
4.19001	0.014512220993771493	2.27516	0.0978241	0.0005804888397508598	116.15154375076496	0.000580320421277932	116.21896842563211
4.39001	0.015383620993771493	2.42135	0.103523	0.0006153448397508598	123.6148404775553	0.0006151555927456816	123.69090623175978
4.61001	0.016719020993771493	2.61824	0.111176	0.0006687608397508597	133.66647528525593	0.0006685373188696014	133.75586618951422
4.81001	0.017581520993771495	2.77855	0.116386	0.0007032608397508598	141.85062672018142	0.0007030136677239269	141.95038471104783
5.02001	0.018650820993771494	2.95745	0.122856	0.0007460328397508598	150.9838354514407	0.000745754695579699	151.09647435095903
5.22001	0.019809820993771494	3.14178	0.129768	0.0007923928397508598	160.39425672272645	0.0007920790622903454	160.5213519832907
5.42001	0.020682720993771494	3.30875	0.135162	0.0008273088397508598	168.91841469845792	0.0008269668084233245	169.05816239613463
5.64001	0.022012020993771496	3.50949	0.141869	0.0008804808397508599	179.16659983380163	0.0008800934438760657	179.3243525920786
5.84001	0.023064020993771493	3.6942	0.148033	0.0009225608397508598	188.59642087768592	0.0009221355420546643	188.77041255010485
6.05001	0.024182820993771493	3.88031	0.154037	0.0009673128397508597	198.09771476798588	0.0009668452941702303	198.28933723100627
6.25001	0.025331420993771496	4.0798	0.160049	0.00101325683975086	208.282084861887	0.0010127438415426864	208.4931281089709
6.45001	0.026471020993771494	4.27979	0.166611	0.0010588408397508597	218.49198097236518	0.0010582806631793283	218.7233292049768
6.67001	0.027773820993771493	4.47214	0.172729	0.0011109528397508597	228.31183954954636	0.0011103361883162653	228.56548323604267
6.87001	0.028837320993771495	4.67132	0.178947	0.0011534928397508599	238.48038351316976	0.0011528280780347688	238.75546892797325
7.09001	0.030048820993771493	4.85831	0.184982	0.0012019528397508596	248.02660319264533	0.0012012310727317799	248.3247194726865
7.30001	0.031211620993771495	5.08104	0.192024	0.0012484648397508597	259.3974225370465	0.0012476861555619529	259.721271098606
7.50001	0.03244162099377149	5.28184	0.197639	0.0012976648397508598	269.6486707943795	0.0012968236004185726	269.9985843935549
7.70001	0.03353812099377149	5.48709	0.204163	0.0013415248397508597	280.1271005992479	0.0013406257992699068	280.5028980629892
7.90001	0.03457282099377149	5.66706	0.209793	0.0013829128397508598	289.314935005982	0.0013819574964592952	289.7150323443335
8.11001	0.035807120993771493	5.86224	0.215347	0.0014322848397508598	299.2792708369892	0.0014312600981841923	299.7079239994607
8.31001	0.03719452099377149	6.09839	0.222748	0.0014877808397508595	311.3352084663178	0.0014866751903441218	311.7984070242138
8.51001	0.038283420993771494	6.28295	0.228279	0.0015313368397508597	320.75737170522893	0.0015301655391106183	321.24855928514285
8.72001	0.03971442099377149	6.51123	0.235359	0.0015885768397508595	332.41152983363514	0.00158731638627112	332.939591091195
8.92001	0.04075532099377149	6.68755	0.240807	0.0016302128397508598	341.41302431935696	0.0016288854851840102	341.9696002152606
9.12001	0.041953420993771494	6.90168	0.246864	0.0016781368397508598	352.3447961786333	0.001676730341435706	352.9360789613952
9.32001	0.042954120993771494	7.08237	0.25267	0.0017181648397508597	361.5693880492384	0.0017166904830928351	362.1906238589148
9.54001	0.04432292099377149	7.30023	0.258949	0.0017729168397508596	372.69158399217935	0.0017713470777883096	373.3523351774725
9.74001	0.04544182099377149	7.50204	0.265701	0.0018176728397508596	382.99439480299793	0.0018160228715735775	383.6905533122081
9.96001	0.046961220993771494	7.71931	0.271965	0.0018784488397508598	394.08647004637805	0.0018766867610339238	394.8267413187982
10.17	0.04808032099377149	7.94704	0.278534	0.0019232128397508597	405.7125495565495	0.0019213658336820533	406.4928211411047
10.37	0.04935302099377149	8.15443	0.28476	0.0019741208397508598	416.3002307123676	0.0019721748238985697	417.1220576734099
10.57	0.050573820993771494	8.35569	0.290504	0.0020229528397508597	426.57496290495135	0.0020209094260105974	427.4379039375265
10.77	0.05174062099377149	8.55268	0.296524	0.0020696248397508595	436.6317029159674	0.0020674861166568538	437.53536673414504
10.99	0.05304732099377149	8.77805	0.303192	0.00212189283975086	448.1372996278954	0.0021196448046372097	449.0881989552011
11.2	0.054320320993771494	8.98102	0.30954	0.0021728128397508597	458.4993307971725	0.0021704556957369368	459.4955640301458
11.4	0.05555512099377149	9.18576	0.315285	0.0022222048397508593	468.95172406513245	0.0022197393943834843	469.9938308559595
11.6	0.05679012099377149	9.39456	0.321899	0.0022716048397508595	479.6113885876977	0.0022690286461351543	480.70087613921316
11.81	0.05806242099377149	9.60841	0.327919	0.00232249683975086	490.52886587769103	0.002319804012548	491.6681176184985
12.01	0.05922512099377149	9.80742	0.333549	0.0023690048397508596	500.6887309956782	0.002366203171689879	501.8748650226157
12.21	0.06032252099377149	9.99977	0.339569	0.00241290083975086	510.5085895728595	0.0024099944687707695	511.74039617733985
12.41	0.06153042099377149	10.2077	0.345856	0.0024612168397508596	521.1238388265808	0.0024581930061086336	522.4064375942964
12.61	0.06264442099377149	10.3865	0.351166	0.0025057768397508595	530.2519423545247	0.0025026426156512255	531.5806353909096
12.83	0.06398892099377149	10.6174	0.358284	0.0025595568397508593	542.0398568097944	0.0025562867529364762	543.4272386327095
13.04	0.06513362099377148	10.813	0.364304	0.0026053448397508595	552.0256344947263	0.002601956812261371	553.4638516329674
13.24	0.0664235209937715	11.0219	0.370766	0.00265694083975086	562.690404220607	0.0026534174120838253	564.1854393357165
13.44	0.0674771209937715	11.2011	0.376114	0.00269908483975086	571.8389285618125	0.0026954488513560074	573.3823703446731
13.64	0.0685567209937715	11.3956	0.382126	0.00274226883975086	581.768549010275	0.0027385156804383766	583.363914774173
13.86	0.06991652099377149	11.6168	0.388901	0.00279666083975086	593.0612587439505	0.0027927574597510748	594.7198499418531
14.08	0.0711937209937715	11.825	0.395012	0.0028477488397508598	603.6902920466234	0.0028437016847238255	605.4094503753681
14.28	0.07254522099377149	12.0562	0.401985	0.0029018088397508596	615.4935221118394	0.0028976067196829153	617.2795666551128
14.5	0.07373572099377149	12.2731	0.408585	0.0029494288397508596	626.5667081029525	0.0029450878081251205	628.4147220218591
14.7	0.0750197209937715	12.4725	0.414757	0.00300078883975086	636.7464835138697	0.0029962954597992407	638.6572252553489
14.91	0.07626942099377149	12.6893	0.420921	0.0030507768397508594	647.8145643016675	0.0030461326632545914	649.7909019708924
15.11	0.07748172099377149	12.8923	0.426704	0.0030992688397508596	658.1781270319394	0.0030944760063796764	660.2179979920551
15.32	0.0788257209937715	13.089	0.432747	0.00315302883975086	668.2200619533406	0.003148068468379546	670.3269790799795
15.52	0.07992302099377149	13.294	0.439316	0.00319692083975086	678.6857287499206	0.0031918215534424126	680.8554332998027
15.72	0.08100922099377149	13.4827	0.444717	0.0032403688397508595	688.3192474060895	0.0032351301584312413	690.549655647185
15.92	0.08218012099377149	13.6798	0.450905	0.0032872048397508597	698.3816031407524	0.003281813793007469	700.6773265265896
16.12	0.08347742099377149	13.8787	0.456589	0.0033390968397508597	708.5358525350928	0.003333534434731585	710.9017223611429
16.33	0.0846126209937715	14.088	0.462929	0.00338450483975086	719.2210430742351	0.003378790293555218	721.6552501753706
16.53	0.08589992099377149	14.2806	0.468544	0.0034359968397508593	729.0536646597049	0.0034301072897370707	731.5586907474843
16.73	0.08710832099377148	14.4892	0.475136	0.0034843328397508593	739.7031187756394	0.003478276615937636	742.2804906440555
16.95	0.08821542099377148	14.6807	0.480751	0.003528616839750859	749.4795831246397	0.003522405877798306	752.1242094027027
17.15	0.08950712099377149	14.8951	0.486771	0.0035802848397508595	760.4251390328676	0.0035738908769113917	763.1476776299124
17.37	0.09073192099377149	15.0987	0.493736	0.0036292768397508594	770.8193329830318	0.003622706905835353	773.6168497358593
17.59	0.09204302099377148	15.3023	0.50029	0.0036817208397508594	781.2135269331962	0.0036749598951056747	784.0897370556014
17.79	0.0933039209937715	15.5272	0.507233	0.00373215683975086	792.6951291895417	0.0037252096224502937	795.6535917377836
18	0.09436972099377149	15.6878	0.512405	0.0037747888397508594	800.8940857140818	0.0037676822027799877	803.9172917706578
18.2	0.09561822099377149	15.9199	0.519142	0.0038247288397508595	812.7432626091365	0.003817433161146476	815.8517852049508
18.4	0.09666022099377149	16.0828	0.52404	0.0038664088397508596	821.059638809931	0.0038589534918624896	824.2341910553884
18.6	0.09784222099377149	16.2927	0.53006	0.003913688839750859	831.7754605689659	0.0039060502830532843	835.0307709061732
18.82	0.09918972099377149	16.5043	0.536873	0.003967588839750859	842.5780707843625	0.003959738716340713	845.9210741346252
19.04	0.1003857209937715	16.7062	0.543205	0.00401542883975086	852.8854762781649	0.004007388521730472	856.3101772166169
19.24	0.10159492099377149	16.9048	0.548843	0.00406379683975086	863.024410062559	0.004055561919862053	866.531565932799
19.45	0.1029509209937715	17.1353	0.555756	0.00411803683975086	874.7919037045671	0.004109580932586516	878.3943289911383
19.65	0.10440292099377149	17.338	0.561989	0.00417611683975086	885.1401508248927	0.0041674210651287055	888.8365995142922
19.85	0.10528792099377149	17.5182	0.568031	0.004211516839750859	894.3397271992523	0.004202673224034732	898.1062540208102
20.07	0.1065589209937715	17.7193	0.574394	0.00426235683975086	904.6062910665313	0.004253298726986987	908.4620458785404
20.28	0.10785692099377149	17.9086	0.579704	0.00431427683975086	914.2704409425927	0.0043049970283024165	918.2148567312202
20.48	0.10893692099377149	18.0953	0.586319	0.00435747683975086	923.8018555324537	0.00434801052707608	927.8273007224553
20.68	0.10996792099377149	18.2701	0.591621	0.0043987168397508596	932.7257509277812	0.004389070761399574	936.8285473952565
20.89	0.1114559209937715	18.4772	0.59819	0.00445823683975086	943.2986269939847	0.004448328340599902	947.5040756837357
21.09	0.11259092099377149	18.6755	0.603928	0.00450363683975086	953.4222451684326	0.0044935258135859486	957.7161127156111
21.29	0.11380792099377149	18.8714	0.609879	0.00455231683975086	963.4233384633108	0.004541986385249255	967.8091467508062
21.49	0.11515492099377149	19.0883	0.616539	0.00460619683975086	974.4965244544237	0.0045956207795950785	978.9852472657138
21.69	0.11594592099377149	19.2309	0.621552	0.004637836839750859	981.776544382191	0.004627115211801676	986.32986380813
21.91	0.11734592099377149	19.4567	0.628761	0.00469383683975086	993.3040934683753	0.0046828551384132016	997.9665008153726
22.11	0.11852692099377149	19.6291	0.634773	0.0047410768397508594	1002.1054639841333	0.004729873332122402	1006.8565229904162
22.33	0.1198379209937715	19.8338	0.641411	0.00479351683975086	1012.5558151707669	0.0047820645212432785	1017.4095185219755
22.54	0.12150592099377149	20.0441	0.647858	0.0048602368397508595	1023.2920577430632	0.004848464019069528	1028.2654994999305
22.74	0.12270092099377149	20.1997	0.653	0.004908036839750859	1031.2357541018332	0.0048960316920546865	1036.2970971734333
22.94	0.12426992099377149	20.3885	0.659531	0.0049707968397508595	1040.8743779613176	0.0049584832179562065	1046.0483530298652
23.15	0.12592792099377148	20.5574	0.665779	0.0050371168397508595	1049.4970663610366	0.0050244730079196075	1054.783505707273
23.35	0.1278089209937715	20.7061	0.671486	0.00511235683975086	1057.0885036910433	0.0050993331126234975	1062.4927173331102
23.55	0.1298299209937715	20.8287	0.677269	0.00519319683975086	1063.3474829557297	0.005179758697575689	1068.8696557437725
23.75	0.13234192099377148	20.9342	0.683434	0.00529367683975086	1068.733472453482	0.005279714585275392	1074.3910020844755
23.97	0.1356349209937715	21.0317	0.690239	0.00542539683975086	1073.7110456860016	0.005410732390708876	1079.536354200072
24.18	0.13941792099377148	21.1012	0.696655	0.005576716839750859	1077.2591619902078	0.0055612245252087125	1083.2667312996546
24.38	0.1434509209937715	21.1318	0.702499	0.005738036839750859	1078.8213542047217	0.005721637011668842	1085.0116708786584
24.58	0.1474989209937715	21.1533	0.708015	0.00589995683975086	1079.9189729175341	0.005882620251057313	1086.2904482481756
24.78	0.15226992099377148	21.1865	0.714287	0.006090796839750859	1081.6139004182482	0.006072322912685577	1088.2017909447463
25	0.1576979209937715	21.2084	0.721001	0.00630791683975086	1082.731939944322	0.00628810520211623	1089.5617229812328
25.2	0.1623629209937715	21.2315	0.72657	0.0064945168397508605	1083.9112419101805	0.006473518332995042	1090.9507217235614
25.41	0.1673139209937715	21.2657	0.733139	0.00669255683975086	1085.657221444049	0.006670261102932433	1092.9230441070492
25.61	0.17202292099377148	21.3014	0.738655	0.006880916839750859	1087.4797790276486	0.006857351371066642	1094.9626369520483
25.81	0.1763719209937715	21.3281	0.744476	0.00705487683975086	1088.8428683128616	0.0070301076237522945	1096.52452064665
26.03	0.1810669209937715	21.3756	0.751503	0.00724267683975086	1091.2678398876787	0.007216574613399437	1099.1715401975982
26.23	0.1857269209937715	21.4157	0.75737	0.00742907683975086	1093.3150264171563	0.007401617164565871	1101.4373477584636
26.44	0.1901419209937715	21.4482	0.763382	0.0076056768397508604	1094.9742174946628	0.00757689950163677	1103.302237540786
26.64	0.1946249209937715	21.4841	0.76947	0.00778499683975086	1096.8069854848932	0.007754850112220673	1105.3456244007095
26.84	0.19902792099377148	21.5188	0.77552	0.00796111683975086	1098.5784910353386	0.00792959434142004	1107.3244027601081
27.05	0.20380392099377148	21.5525	0.781776	0.00815215683975086	1100.29894455263	0.00811910750327046	1109.2687541192354
27.25	0.2084519209937715	21.5873	0.78788	0.008338076839750859	1102.075555306391	0.008303507107515144	1111.2647459697469
27.45	0.2130849209937715	21.6237	0.794273	0.00852339683975086	1103.9338493131984	0.008487277785809065	1113.3431155957285
27.65	0.21732092099377148	21.6479	0.79995	0.00869283683975086	1105.1693085155264	0.008655271675179349	1114.776364994752
27.87	0.2221679209937715	21.6773	0.806007	0.00888671683975086	1106.6702382902552	0.008847462362523787	1116.5049033329203
28.07	0.2263739209937715	21.6883	0.811768	0.00905495683975086	1107.2318106549499	0.00901420652820929	1117.2577469120297
28.29	0.2316869209937715	21.7314	0.818062	0.00926747683975086	1109.4321532838894	0.00922479726162152	1119.7137900697228
28.5	0.2359209209937715	21.762	0.824654	0.00943683683975086	1110.9943454984032	0.009392588056191673	1121.4786178667573
28.7	0.24065692099377148	21.7796	0.830238	0.009626276839750859	1111.8928612819143	0.009580239446851423	1122.5962497807566
28.9	0.2453099209937715	21.7958	0.836372	0.00981239683975086	1112.71990421901	0.009764567897081428	1123.6383534906963
29.1	0.2499109209937715	21.8204	0.842346	0.00999643683975086	1113.9757842345996	0.009946802965510374	1125.1115728027128
29.32	0.25493892099377147	21.8402	0.849274	0.010197556839750859	1114.9866144910497	0.010145912557256031	1126.3567538678835
29.54	0.26021492099377147	21.8749	0.856346	0.010408596839750858	1116.7581200414954	0.010354800370829437	1128.3820050805255
29.74	0.2649119209937715	21.8879	0.861961	0.01059647683975086	1117.4217964724978	0.01054072766313365	1129.2625306590514
29.95	0.2699239209937715	21.9006	0.868576	0.010796956839750859	1118.0701572935545	0.010739085882089926	1130.1419125256664
30.15	0.2747489209937715	21.9206	0.87413	0.010989956839750861	1119.0911979566351	0.010930006101506233	1131.3899619219237
30.36	0.27960992099377147	21.9459	0.880333	0.011184396839750858	1120.382814395433	0.011122313950970802	1132.9136204040683
30.56	0.2842439209937715	21.951	0.885864	0.011369756839750859	1120.6431797645184	0.011305606942341787	1133.3846202225661
30.76	0.2895869209937715	21.9758	0.8927	0.01158347683975086	1121.9092701867387	0.011516901990825426	1134.9048802342486
30.96	0.2943059209937715	21.9966	0.898499	0.011772236839750861	1122.9711524763431	0.011703483123615209	1136.1910348475026
31.16	0.2991879209937715	22.0064	0.904633	0.01196751683975086	1123.4714624012524	0.011896472365686543	1136.916626046519
31.37	0.3045849209937715	22.0308	0.911201	0.01218339683975086	1124.7171320102113	0.012109776620186176	1138.4200071619582
31.57	0.3092699209937715	22.0355	0.916916	0.012370796839750859	1124.9570765660355	0.012294903796450672	1138.873692013674
31.77	0.3143079209937715	22.0531	0.92318	0.01257231683975086	1125.855592349547	0.012493941487242064	1140.0102055723708
31.97	0.3191109209937715	22.0693	0.928902	0.01276443683975086	1126.6826352866422	0.012683658086446729	1141.0641046232024
32.19	0.3241469209937715	22.0816	0.935524	0.01296587683975086	1127.3105752944373	0.012882539447212064	1141.9271453738538
32.41	0.3297349209937715	22.1019	0.942017	0.01318939683975086	1128.3469315674643	0.013103174068665195	1143.229147020823
32.61	0.3344989209937715	22.1046	0.947723	0.01337995683975086	1128.4847720569803	0.013291235730819008	1143.5838496014187
32.82	0.3396089209937715	22.1205	0.954185	0.01358435683975086	1129.2964993841297	0.013492916637891214	1144.6372660096451
33.02	0.3442129209937715	22.1279	0.960083	0.013768516839750859	1129.6742844294697	0.013674591967230573	1145.2282238380703
33.23	0.3497299209937715	22.1512	0.966789	0.01398919683975086	1130.8637968019589	0.013892251108046533	1146.6836730543694
33.43	0.35463292099377147	22.1566	0.972862	0.014185316839750859	1131.1394777809908	0.014085646695347839	1147.1850496632644
33.63	0.3597189209937715	22.1706	0.978516	0.01438875683975086	1131.8542062451472	0.014286221082373492	1148.140181196858
33.83	0.36487192099377147	22.1784	0.984695	0.014594876839750859	1132.252412103749	0.014489396699256248	1148.7774966099141
34.03	0.3695519209937715	22.1909	0.990639	0.014782076839750859	1132.8905625181744	0.014673886820908226	1149.6370378643467
34.25	0.3752389209937715	22.2107	0.997787	0.01500955683975086	1133.9013927746248	0.014898028055089935	1150.9207501801482
34.45	0.3800629209937715	22.2175	1.00351	0.015202516839750858	1134.2485466000724	0.015088116571538805	1151.491979230223
34.67	0.3857039209937715	22.2233	1.0103	0.01542815683975086	1134.5446483923658	0.015310352947511442	1152.0485811694634
34.89	0.3913079209937715	22.2404	1.01669	0.01565231683975086	1135.4176381593002	0.015531082754936502	1153.1895547772112
35.09	0.3961599209937715	22.2477	1.02251	0.01584639683975086	1135.7903180013243	0.015722153513961418	1153.7885021071202
35.31	0.4017539209937715	22.2616	1.02914	0.01607015683975086	1136.499941262166	0.015942398779938728	1154.7636735666165
35.52	0.4066779209937715	22.279	1.03477	0.01626711683975086	1137.3882466390462	0.016136224876785395	1155.8902741392828
35.7201	0.4114439209937715	22.281	1.0413	0.01645775683975086	1137.4903507053543	0.01632379576060488	1156.2108903048259
35.9301	0.4169369209937715	22.2902	1.04763	0.01667747683975086	1137.9600294103714	0.016539934851813057	1156.938331445425
36.1301	0.4218249209937715	22.3038	1.05389	0.01687299683975086	1138.6543370612667	0.01673222907134017	1157.86684809207
36.3301	0.4265619209937715	22.3081	1.05975	0.01706247683975086	1138.873860803829	0.01691854766698896	1158.305869677192
36.5301	0.4318689209937715	22.3317	1.06595	0.01727475683975086	1140.0786887862646	0.01712724462957316	1159.7732709132292
36.7301	0.4366269209937715	22.3315	1.07175	0.01746507683975086	1140.068478379634	0.01731431522936658	1159.979861957112
36.9501	0.4419999209937715	22.3446	1.07763	0.01767999683975086	1140.7372600139518	0.01752552376047193	1160.9054911659846
37.1501	0.4471179209937715	22.354	1.08437	0.01788471683975086	1141.2171491256	0.017726666960994508	1161.627494690379
37.3701	0.4523559209937715	22.3708	1.09081	0.01809423683975086	1142.0748232825879	0.017932484413439993	1162.7397956237796
37.5701	0.45736892099377147	22.3829	1.09682	0.018294756839750858	1142.692552883752	0.01812942124748359	1163.5978352813543
37.7901	0.4626889209937715	22.3704	1.10284	0.01850755683975086	1142.0544024693263	0.018338376234764364	1163.191039237115
38.0101	0.4682989209937715	22.4023	1.10973	0.01873195683975086	1143.6829623269405	0.01855867433854722	1165.106382215607
38.2101	0.4733479209937715	22.4095	1.1157	0.01893391683975086	1144.0505369656496	0.018756901146259008	1165.7118946930295
38.4301	0.4787019209937715	22.4106	1.12201	0.01914807683975086	1144.106694202119	0.0189670595220775	1166.0141370955746
38.6401	0.4839359209937715	22.4253	1.12817	0.019357436839750858	1144.8571590894835	0.019172464902961796	1167.0186592370949
38.8401	0.48914392099377146	22.4418	1.1349	0.01956575683975086	1145.6995176365253	0.01937680805955612	1168.1159958100216
39.0401	0.4938009209937715	22.4399	1.14057	0.01975203683975086	1145.6025187735327	0.01955949660480915	1168.2305019280589
39.2401	0.4987859209937715	22.455	1.14693	0.01995143683975086	1146.3734044741589	0.01975501522132215	1169.2452010482953
39.4601	0.5040139209937715	22.4569	1.15276	0.020160556839750862	1146.4704033371515	0.019960023575157974	1169.5838850687223
39.6801	0.5094019209937715	22.4751	1.15979	0.02037607683975086	1147.3995503405554	0.020171262126080534	1170.7790517441902
39.8801	0.5144979209937715	22.4739	1.16527	0.02057991683975086	1147.3382879007704	0.020371011656505473	1170.9504144528305
40.1001	0.5199059209937715	22.4899	1.17199	0.020796236839750862	1148.155120431235	0.020582947120158103	1172.0324262444958
40.3001	0.5249719209937715	22.4988	1.17807	0.020998876839750862	1148.6094835263061	0.020781439122913525	1172.728992607845
40.5101	0.5301439209937715	22.5072	1.18465	0.02120575683975086	1149.0383206048002	0.020984043697690975	1173.4045478311011
40.7101	0.5352019209937715	22.5199	1.1906	0.02140807683975086	1149.6866814258567	0.021182142816893824	1174.2992622434597
40.9101	0.5400679209937715	22.5243	1.19608	0.02160271683975086	1149.9113103717343	0.02137268512943663	1174.7525188005218
41.1301	0.5453969209937715	22.5318	1.203	0.021815876839750857	1150.2942006203898	0.021581315902820666	1175.388877230604
41.3301	0.5502339209937714	22.5505	1.20918	0.022009356839750856	1151.2488736403704	0.021770647160101894	1176.5871209116826
41.5401	0.5554349209937715	22.5555	1.21539	0.02221739683975086	1151.5041338061408	0.02197418622478122	1177.0875581095252
41.7401	0.5602259209937714	22.5583	1.22134	0.02240903683975086	1151.647079498972	0.02216164345159255	1177.454381329856
41.9501	0.5657819209937714	22.568	1.22783	0.022631276839750858	1152.1422842205664	0.022378988801107762	1178.2167352135448
42.1501	0.5707719209937715	22.584	1.23409	0.02283087683975086	1152.9591167510312	0.022574152520245444	1179.2821843468419
42.3501	0.5757059209937715	22.5899	1.23997	0.02302823683975086	1153.26032374664	0.022767088582452872	1179.8178756197656
42.5501	0.5807089209937715	22.6016	1.24577	0.023228356839750858	1153.8576325345425	0.02296268477625971	1180.659849365325
42.7501	0.5855709209937715	22.6066	1.25134	0.02342283683975086	1154.1128927003124	0.023152731816210578	1181.1454906806848
42.9701	0.5909739209937714	22.6148	1.25837	0.02363895683975086	1154.5315193721758	0.02336388323476589	1181.8234401287466
43.1801	0.5956989209937715	22.6201	1.26425	0.02382795683975086	1154.8020951478923	0.023548501603223103	1182.31866962953
43.3801	0.6007099209937715	22.6252	1.27036	0.02402839683975086	1155.0624605169778	0.023744257521630077	1182.8167596929786
43.5801	0.6060079209937715	22.6441	1.27664	0.02424031683975086	1156.0273439435896	0.02395118349705605	1184.049813036198
43.7801	0.6110489209937715	22.648	1.28304	0.02444195683975086	1156.2264468728902	0.024148031981803243	1184.486883784336
44.0001	0.6159079209937715	22.6526	1.28886	0.024636316839750858	1156.4612862253987	0.024337736790135147	1184.9522328857533
44.2001	0.6213279209937715	22.6676	1.29521	0.02485311683975086	1157.2270667227094	0.02454930167770761	1185.987766222091
44.4101	0.6260619209937714	22.6699	1.30153	0.025042476839750857	1157.3444863989637	0.02473405255099355	1186.327258895223
44.6101	0.6308679209937715	22.6694	1.30685	0.02523471683975086	1157.3189603823866	0.024921578414477816	1186.523576640911
44.8101	0.6358299209937714	22.6867	1.31365	0.025433196839750857	1158.2021605559517	0.025115154370190254	1187.6589440855957
45.0201	0.6408419209937715	22.6948	1.31915	0.02563367683975086	1158.6156820244996	0.025310642877377713	1188.3152619989833
45.2201	0.6461529209937715	22.7071	1.32616	0.02584611683975086	1159.2436220322945	0.025517751912927326	1189.2055681330771
45.4201	0.6506099209937715	22.7046	1.33164	0.026024396839750857	1159.1159919494091	0.02569152506211988	1189.2812865072021
45.6301	0.6559849209937715	22.7187	1.33768	0.02623939683975086	1159.8358256168813	0.025901049784476507	1190.2692181142029
45.8301	0.6609509209937715	22.7271	1.34355	0.02643803683975086	1160.2646626953754	0.02609459212811089	1190.9397825915767
46.0301	0.6658359209937715	22.7352	1.34977	0.026633436839750863	1160.6781841639233	0.0262849410790317	1191.59103327313
46.2301	0.6709829209937714	22.7437	1.35599	0.026839316839750858	1161.1121264457327	0.026485459932102353	1192.2755826938867
46.4501	0.6763239209937715	22.7461	1.36278	0.02705295683975086	1161.2346513253021	0.026693494212680927	1192.6494822284287
46.6601	0.6816429209937714	22.754	1.36967	0.027265716839750858	1161.6379623872192	0.02690062858135173	1193.3108541399743
46.8601	0.6863049209937715	22.7658	1.37467	0.02745219683975086	1162.240376378437	0.0270821425490555	1194.146427965884
47.0601	0.6914269209937715	22.7681	1.38121	0.02765707683975086	1162.3577960546916	0.027281528541131726	1194.5052149354597
47.2601	0.6960619209937715	22.7804	1.38648	0.02784247683975086	1162.9857360624862	0.027461922645495317	1195.3661394837668
47.4801	0.7011799209937715	22.7865	1.39324	0.02804719683975086	1163.2971534647259	0.027661077301795706	1195.9243777110728
47.6801	0.7066409209937715	22.8002	1.40023	0.02826563683975086	1163.9965663189364	0.027873535248119797	1196.8976705452244
47.8901	0.7114349209937715	22.7985	1.40633	0.02845739683975086	1163.9097778625744	0.02806000663723286	1197.0316202968759
48.0901	0.7164229209937715	22.8125	1.41247	0.02865691683975086	1164.624506326731	0.028253987107155088	1197.999053954072
48.2901	0.7213069209937715	22.8122	1.41824	0.02885227683975086	1164.609190716785	0.028443886623703733	1198.2108174974637
48.4901	0.7262499209937715	22.8253	1.42402	0.02904999683975086	1165.277972351103	0.02863604346529654	1199.1292937653338
48.7001	0.7311249209937715	22.821	1.42973	0.029244996839750858	1165.0584486085406	0.02882552067938115	1199.1305792562223
48.9001	0.7365269209937715	22.8349	1.43616	0.02946107683975086	1165.7680718693819	0.02903543894168797	1200.112854612054
49.1001	0.7409949209937715	22.8495	1.44205	0.029639796839750862	1166.513431553431	0.029209029272043455	1201.0886526755153
49.3201	0.7468739209937715	22.8551	1.44934	0.02987495683975086	1166.7993229390936	0.029437393745375788	1201.6574023525498
49.5201	0.7516849209937715	22.8495	1.45564	0.03006739683975086	1166.513431553431	0.029624233925845934	1201.5874538188477
49.7301	0.7566919209937715	22.8567	1.46086	0.03026767683975086	1166.8810061921401	0.029818648905418372	1202.1997833980072
49.9301	0.7618719209937715	22.8771	1.46754	0.03047487683975086	1167.9224676684826	0.030019741468221266	1203.5147610290576
50.1301	0.7668649209937715	22.8848	1.47311	0.030674596839750858	1168.3155683237687	0.030213536244558796	1204.1531773637048
50.3501	0.7723529209937715	22.885	1.47994	0.030894116839750862	1168.3257787303996	0.030426500284392335	1204.4201718453896
50.5501	0.7769259209937714	22.8806	1.48528	0.031077036839750858	1168.101149784522	0.030603922747508068	1204.402272248931
50.7601	0.7822719209937715	22.8951	1.49219	0.03129087683975086	1168.8414042652555	0.030811296028820257	1205.4154766913211
50.9601	0.7875289209937715	22.9058	1.49869	0.03150115683975086	1169.3876610200039	0.031015175040659777	1206.2247251362646
51.1601	0.7920919209937715	22.9035	1.50416	0.03168367683975086	1169.2702413437496	0.03119210538397806	1206.3170218088223
51.3801	0.7975879209937715	22.917	1.51154	0.03190351683975086	1169.9594437913292	0.03140517125442442	1207.2852646081515
51.5801	0.8023599209937715	22.9148	1.51727	0.03209439683975086	1169.8471293183902	0.031590132682223555	1207.392667328578
51.7901	0.8073029209937715	22.9317	1.52301	0.03229211683975086	1170.7099086786939	0.031781685958990516	1208.5146098352002
51.9901	0.8122369209937715	22.9284	1.52907	0.03248947683975086	1170.5414369692855	0.03197285387835324	1208.5717158756677
52.1901	0.8171239209937715	22.9482	1.53468	0.03268495683975086	1171.5522672257355	0.03216216476405471	1209.8444025155209
52.3901	0.8220809209937715	22.9489	1.54105	0.03288323683975086	1171.5880036489432	0.03235415067980975	1210.1136094515423
52.6101	0.8273749209937715	22.9435	1.54745	0.03309499683975086	1171.3123226699115	0.032559148000003625	1210.0769002870336
52.8301	0.8329199209937715	22.9632	1.55395	0.03331679683975086	1172.3180477230462	0.032773819636634845	1211.3759299506082
53.0301	0.8378789209937715	22.9581	1.55983	0.033515156839750856	1172.0576823539607	0.032965765576173915	1211.3393794032886
53.2401	0.8432639209937715	22.9688	1.56654	0.03373055683975086	1172.603939108709	0.03317415880137597	1212.156522927331
53.4401	0.8482059209937715	22.974	1.57248	0.03392823683975086	1172.86940968111	0.033365370234526015	1212.6628007948696
53.6401	0.8533389209937715	22.9756	1.57868	0.03413355683975086	1172.9510929341563	0.03356393296732459	1212.9880857350724
53.8501	0.8581709209937715	22.978	1.58444	0.03432683683975086	1173.073617813726	0.03375081592737845	1213.3415244934342
54.0501	0.8633099209937715	22.9933	1.59063	0.03453239683975086	1173.8547139209832	0.03394953413626382	1214.3907307343147
54.2601	0.8689349209937715	23.0017	1.59776	0.034757396839750855	1174.2835509994773	0.03416700005290235	1215.0985903839578
54.4601	0.8735559209937714	22.9968	1.60322	0.03494223683975086	1174.0333960370222	0.03434561534324088	1215.056749019125
54.6601	0.8785899209937715	23.0132	1.60968	0.03514359683975086	1174.8706493807488	0.034540158001674606	1216.1598298214421
54.8601	0.8835729209937715	23.0123	1.61528	0.03534291683975086	1174.82470255091	0.03473269246089347	1216.3464343144517
55.0601	0.8884759209937715	23.025	1.62138	0.03553903683975086	1175.4730633719664	0.03492209968445624	1217.2482438752775
55.2801	0.8940079209937715	23.0289	1.62804	0.03576031683975086	1175.6721663012672	0.0351357626689484	1217.7145754678768
55.4801	0.8990199209937715	23.0326	1.63426	0.03596079683975086	1175.8610588239371	0.03532930223303545	1218.145959472079
55.6901	0.9039599209937715	23.0378	1.64043	0.03615839683975086	1176.1265293963381	0.03552002485285541	1218.6533791800098
55.8901	0.9086769209937715	23.0375	1.64661	0.03634707683975086	1176.111213786392	0.03570210398646219	1218.8594184459787
56.0901	0.9136389209937715	23.0386	1.65205	0.03654555683975086	1176.1673710228615	0.03589360449872378	1219.1510625336377
56.2901	0.9187069209937715	23.0499	1.65806	0.03674827683975086	1176.7442589975024	0.03608915806412107	1219.98758279673
56.5101	0.9241329209937715	23.0528	1.66461	0.036965316839750864	1176.892309893649	0.03629848301762855	1220.396507015134
56.7201	0.9292489209937715	23.0512	1.6712	0.03716995683975086	1176.8106266406025	0.03649580862436293	1220.5526268413937
56.9201	0.9343049209937715	23.0585	1.67766	0.03737219683975086	1177.1833064826271	0.036690781766057924	1221.1772327289648
57.1201	0.9395359209937715	23.0779	1.68366	0.03758143683975086	1178.1737159258157	0.03689246338179428	1222.4511770171364
57.3201	0.9444289209937715	23.0746	1.68923	0.03777715683975086	1178.0052442164072	0.03708107657006574	1222.5069330852195
57.5401	0.9499629209937714	23.0827	1.69532	0.037998516839750855	1178.4187656849551	0.03729435587923749	1223.1969309971132
57.7601	0.9554419209937715	23.0815	1.70217	0.03821767683975086	1178.3575032451702	0.03750547069616385	1223.3915895058897
57.9601	0.9604119209937715	23.0785	1.70856	0.03841647683975086	1178.204347145708	0.037696934368525205	1223.4668071603248
58.1801	0.9660209209937715	23.0936	1.71496	0.03864083683975086	1178.9752328463342	0.03791297077676007	1224.5318224568566
58.4001	0.9715809209937715	23.098	1.72182	0.03886323683975086	1179.199861792212	0.038127073847523854	1225.0273853024441
58.6001	0.9765659209937715	23.0958	1.72841	0.03906263683975086	1179.087547319273	0.03831899599752726	1225.1458159824783
58.8101	0.9813359209937715	23.0964	1.7341	0.03925343683975086	1179.1181785391655	0.0385026061836316	1225.4026194870546
59.0101	0.9864109209937715	23.1078	1.74055	0.03945643683975086	1179.7001717171215	0.03869791963570651	1226.2469370323213
59.2101	0.9913339209937715	23.1034	1.74599	0.03965335683975086	1179.475542771244	0.03888734686190449	1226.2457073525109
59.4101	0.9963889209937715	23.1095	1.75253	0.03985555683975086	1179.7869601734835	0.03908181585341231	1226.8080264234748
59.6201	1.0018049209937716	23.1168	1.75918	0.040072196839750863	1180.1596400155083	0.0392901307820439	1227.4512294125393
59.8201	1.0066849209937716	23.1194	1.76505	0.04026739683975086	1180.2923753017085	0.039477792451480934	1227.8196767649147
60.0201	1.0114649209937716	23.1236	1.77101	0.040458596839750866	1180.5067938409557	0.03966157445941365	1228.2684422795537
60.2301	1.0166449209937716	23.1357	1.77734	0.04066579683975086	1181.1245234421197	0.039860697588539294	1229.1558933548645
60.4301	1.0217849209937715	23.1362	1.78336	0.040871396839750856	1181.1500494586965	0.04005824390315049	1229.4253018574143
60.6301	1.0267149209937716	23.138	1.78916	0.041068596839750865	1181.241943118374	0.04024768260089232	1229.7538922505064
60.8401	1.0322149209937717	23.138	1.79535	0.04128859683975086	1181.241943118374	0.040458981605199944	1230.0137654779924
61.0401	1.0372949209937716	23.1506	1.80172	0.041491796839750864	1181.885198736115	0.040654105393825184	1230.9237392899822
61.2401	1.0422849209937717	23.1442	1.80721	0.041691396839750865	1181.558465723929	0.040845735204603585	1230.8192886077923
61.4401	1.0474949209937716	23.1496	1.81352	0.04189979683975086	1181.8341467029609	0.041045774445820485	1231.352757348095
61.6601	1.0529249209937717	23.1539	1.82037	0.04211699683975087	1182.0536704455233	0.041254218064360595	1231.8382211480932
61.8701	1.0581249209937715	23.1626	1.82614	0.04232499683975086	1182.4978231339637	0.0414537918604375	1232.547039761121
62.0701	1.0630149209937716	23.1586	1.83225	0.04252059683975087	1182.2936150013472	0.041641431656081807	1232.565445151031
62.2701	1.0679649209937716	23.1601	1.83817	0.042718596839750864	1182.3701930510783	0.04183133792793314	1232.8793886433657
62.4701	1.0731649209937717	23.1668	1.84405	0.04292659683975087	1182.7122416732104	0.04203079659072021	1233.4820532489543
62.6901	1.0787349209937716	23.1658	1.85071	0.04314939683975086	1182.6611896400564	0.04224440338311145	1233.6923066388072
62.8901	1.0839549209937716	23.1777	1.85696	0.04335819683975086	1183.2687088345897	0.04244454643682427	1234.5731064265578
63.1001	1.0891749209937716	23.1713	1.8635	0.04356699683975086	1182.9419758224037	0.04264464944131059	1234.479205144667
63.3101	1.0943149209937717	23.1824	1.8698	0.04377259683975087	1183.5086533904137	0.04284164661540472	1235.3139005316286
63.5301	1.0997749209937715	23.1853	1.87658	0.04399099683975086	1183.6567042865606	0.04305086570654886	1235.7269426241808
63.7501	1.1053349209937715	23.1843	1.8834	0.04421339683975086	1183.6056522534063	0.04326387167618861	1235.9368786582584
63.9601	1.1110049209937716	23.1886	1.88969	0.04444019683975086	1183.825175995969	0.04348104507591136	1236.4345998410824
64.1601	1.1159449209937715	23.1932	1.89519	0.04463779683975086	1184.0600153484775	0.04367021944009237	1236.913845759675
64.3601	1.1209049209937716	23.1886	1.90141	0.04483619683975086	1183.825175995969	0.04386012369465244	1236.9033946107768
64.5601	1.1258949209937716	23.1927	1.90743	0.04503579683975087	1184.0344893319002	0.04405114017911707	1237.3584260447096
64.7701	1.1306349209937716	23.1974	1.91347	0.04522539683975087	1184.2744338877244	0.04423255291461005	1237.8337151274682
64.9701	1.1358349209937717	23.2055	1.91928	0.04543339683975087	1184.6879553562721	0.044431533256419145	1238.5123533632468
65.1701	1.1407549209937715	23.2062	1.92531	0.045630196839750864	1184.72369177948	0.044619762826457854	1238.7828670360939
65.3701	1.1453849209937716	23.2061	1.9309	0.04581539683975087	1184.7185865761646	0.04479686521061143	1238.9969387635801
65.5901	1.1505849209937715	23.2125	1.93771	0.04602339683975086	1185.0453195883506	0.04499573330820477	1239.5851306048546
65.8101	1.1555749209937716	23.2082	1.94427	0.04622299683975086	1184.8257958457882	0.04518653301631629	1239.5919948628234
66.0101	1.1588449209937717	23.2187	1.95035	0.04635379683975087	1185.3618421939054	0.04531154634970067	1240.3078642085547
66.2301	1.1540049209937715	23.2122	1.95729	0.04616019683975086	1185.0300039784045	0.045126505770629564	1239.7312222230585
66.4401	1.1571949209937715	23.2142	1.964	0.04628779683975086	1185.1321080447124	0.04524846818072864	1239.9892622901516
66.6401	1.1601249209937716	23.2104	1.96999	0.04640499683975086	1184.938110318727	0.04536047697674165	1239.925159583368
66.8401	1.1644949209937716	23.2208	1.97616	0.046579796839750866	1185.469051463529	0.045527511157720135	1240.6879590405122
67.0401	1.1687149209937715	23.2094	1.98177	0.04674859683975086	1184.887058285573	0.04568878542398024	1240.2788656740038
67.2601	1.1740749209937715	23.2306	1.98842	0.04696299683975086	1185.9693613884388	0.045893589181476346	1241.6660367593654
67.4601	1.1786049209937717	23.218	1.99397	0.047144196839750865	1185.3261057706977	0.046066646225546494	1241.2073530204468
67.6801	1.1841749209937715	23.2307	2.00146	0.04736699683975086	1185.974466591754	0.046279392761838734	1242.1505154028307
67.9001	1.1894649209937715	23.2282	2.00763	0.04757859683975086	1185.846836508869	0.0464814027819157	1242.2677650568185
68.1001	1.1945449209937715	23.2295	2.01388	0.04778179683975086	1185.9132041519695	0.04667535509794686	1242.5782679423369
68.3201	1.2001549209937716	23.2314	2.02057	0.04800619683975087	1186.0102030149621	0.04688949889639814	1242.9460422748514
68.5401	1.2058849209937716	23.242	2.02748	0.048235396839750866	1186.551354566395	0.047108175981715364	1243.785130024649
68.7401	1.2109049209937717	23.2377	2.03257	0.04843619683975087	1186.3318308238327	0.047299717662557736	1243.793232898878
68.9501	1.2159049209937716	23.2318	2.03903	0.048636196839750866	1186.0306238282237	0.04749045976684479	1243.7146427067057
69.1501	1.2212349209937716	23.2379	2.04475	0.04884939683975086	1186.3420412304633	0.047693750794327035	1244.2941343902103
69.3601	1.2270149209937715	23.2397	2.05135	0.04908059683975086	1186.4339348901408	0.04791415853112733	1244.664820525483
69.5601	1.2320549209937717	23.241	2.05776	0.049282196839750866	1186.500302533241	0.048106308335944044	1244.973643993108
69.7601	1.2373249209937716	23.2472	2.06364	0.049492996839750864	1186.816825138796	0.04830718740230975	1245.5559465147537
69.9601	1.2425349209937715	23.2418	2.06948	0.04970139683975086	1186.5411441597644	0.04850573976250289	1245.5138964323407
70.1601	1.2477149209937717	23.2441	2.07593	0.049908596839750866	1186.6585638360184	0.04870310975149735	1245.8830276849478
70.3801	1.2532449209937715	23.2393	2.0822	0.050129796839750856	1186.413514076879	0.04891377256745723	1245.888182505488
70.5801	1.2586149209937716	23.2433	2.08799	0.050344596839750864	1186.6177222094955	0.049118297794134666	1246.3575130370361
70.7901	1.2636449209937717	23.2406	2.0945	0.05054579683975087	1186.4798817199794	0.04930983563087326	1246.4514527758492
71.0001	1.2694349209937716	23.252	2.10087	0.05077739683975087	1187.0618748979355	0.04953026816750962	1247.3377867929667
71.2001	1.2747249209937717	23.2418	2.10725	0.05098899683975087	1186.5411441597644	0.049731622610468755	1247.0416868095608
71.4001	1.2796549209937715	23.2379	2.11306	0.05118619683975086	1186.3420412304633	0.049919237801791985	1247.0663784721578
71.6001	1.2849349209937717	23.2543	2.11955	0.05139739683975087	1187.1792945741897	0.05012013350110713	1248.197219897355
71.8001	1.2901549209937715	23.2495	2.1255	0.05160619683975086	1186.9342448150503	0.05031870662890723	1248.1874070888166
72.0101	1.2951849209937716	23.2465	2.13099	0.051807396839750865	1186.781088715588	0.05051001470185896	1248.265127540588
72.2101	1.3005049209937716	23.251	2.13718	0.052020196839750864	1187.0108228647814	0.05071231264810243	1248.759359521122
72.4101	1.3060649209937716	23.2536	2.14328	0.05224259683975086	1187.1435581509818	0.05092369309116883	1249.1630204503708
72.6101	1.3112449209937715	23.25	2.14888	0.05244979683975086	1186.9597708316273	0.05112058647216034	1249.2155696687034
72.8301	1.3172349209937717	23.2577	2.15611	0.052689396839750866	1187.3528714869135	0.05134821987688151	1249.9137781215052
73.0301	1.3226749209937716	23.2463	2.16168	0.052906996839750864	1186.7708783089574	0.05155490716170767	1249.5593614171578
73.2401	1.3285949209937715	23.2518	2.16871	0.05314379683975086	1187.0516644913046	0.051779783030521935	1250.1360969873185
73.4401	1.3337749209937717	23.2499	2.17435	0.05335099683975087	1186.9546656283121	0.05197650794177272	1250.279880243176
73.6401	1.3388949209937715	23.2498	2.18003	0.05355579683975086	1186.9495604249964	0.052170916162638775	1250.5175899421492
73.8501	1.3440249209937716	23.2492	2.18678	0.053760996839750864	1186.918929205104	0.05236566618908371	1250.72887400714
74.0501	1.3494449209937716	23.247	2.19224	0.05397779683975086	1186.8066147321651	0.05257138428035263	1250.8678210702503
74.2501	1.3548749209937716	23.2563	2.19798	0.05419499683975086	1187.2813986404979	0.05277743949690766	1251.6261102877145
74.4501	1.3603049209937716	23.2521	2.20402	0.05441219683975087	1187.0669801012507	0.05298345226345732	1251.6579022844885
74.6701	1.3663149209937715	23.2654	2.21123	0.05465259683975086	1187.7459721421997	nan	nan
74.8701	1.3714049209937715	23.2463	2.21674	0.05485619683975086	1186.7708783089574	nan	nan
75.0801	1.3773049209937716	23.2434	2.22314	0.05509219683975086	1186.6228274128107	nan	nan
75.2801	1.3825849209937715	23.2481	2.22969	0.05530339683975086	1186.8627719686347	nan	nan
75.4801	1.3878449209937715	23.248	2.23587	0.05551379683975086	1186.8576667653192	nan	nan
75.7001	1.3933249209937717	23.2433	2.24201	0.055732996839750866	1186.6177222094955	nan	nan
75.9001	1.3985149209937715	23.2436	2.24791	0.05594059683975086	1186.6330378194416	nan	nan
76.1101	1.4040349209937717	23.2551	2.25381	0.05616139683975087	1187.220136200713	nan	nan
76.3101	1.4094649209937715	23.2508	2.25995	0.05637859683975086	1187.0006124581507	nan	nan
76.5101	1.4148349209937716	23.2519	2.2663	0.05659339683975086	1187.05676969462	nan	nan
76.7301	1.4209149209937717	23.2481	2.2725	0.05683659683975087	1186.8627719686347	nan	nan
76.9301	1.4260849209937716	23.2391	2.27851	0.05704339683975086	1186.4033036702483	nan	nan
77.1401	1.4319249209937717	23.2439	2.28586	0.05727699683975087	1186.6483534293877	nan	nan
77.3401	1.4371249209937715	23.2365	2.29137	0.05748499683975086	1186.2705683840477	nan	nan
77.5401	1.4426849209937715	23.2465	2.29743	0.05770739683975086	1186.781088715588	nan	nan
77.7401	1.4480049209937715	23.242	2.30374	0.05792019683975086	1186.551354566395	nan	nan
77.9501	1.4531749209937717	23.2379	2.30912	0.058126996839750866	1186.3420412304633	nan	nan
78.1501	1.4584749209937715	23.2382	2.31507	0.05833899683975086	1186.3573568404097	nan	nan
78.3601	1.4644849209937716	23.2365	2.32222	0.058579396839750865	1186.2705683840477	nan	nan
78.5601	1.4695949209937715	23.2358	2.32834	0.05878379683975086	1186.23483196084	nan	nan
78.7601	1.4750749209937717	23.2351	2.33448	0.05900299683975087	1186.199095537632	nan	nan
78.9601	1.4802849209937716	23.2346	2.34041	0.059211396839750866	1186.173569521055	nan	nan
79.1701	1.4854949209937716	23.2355	2.34628	0.05941979683975086	1186.2195163508936	nan	nan
79.3801	1.4912849209937715	23.2293	2.35278	0.05965139683975086	1185.9029937453386	nan	nan
79.6001	1.4969749209937715	23.2218	2.35906	0.05987899683975086	1185.5201034966833	nan	nan
79.8001	1.5024349209937715	23.2283	2.36544	0.06009739683975086	1185.8519417121845	nan	nan
80.0101	1.5074749209937717	23.2263	2.37154	0.06029899683975087	1185.7498376458764	nan	nan
80.2101	1.5124049209937716	23.2262	2.37743	0.06049619683975086	1185.744732442561	nan	nan
80.4101	1.5167349209937715	23.22	2.38326	0.06066939683975086	1185.4282098370059	nan	nan
80.6301	1.5188949209937717	23.2224	2.3899	0.06075579683975087	1185.5507347165758	nan	nan
80.8301	1.5109649209937717	23.2186	2.39607	0.06043859683975086	1185.3567369905902	nan	nan
81.0401	1.5135849209937715	23.2113	2.4025	0.06054339683975086	1184.9840571485659	nan	nan
81.2401	1.5167149209937716	23.2151	2.40904	0.060668596839750864	1185.178054874551	nan	nan
81.4401	1.5189849209937716	23.2036	2.41479	0.060759396839750866	1184.5909564932797	nan	nan
81.6401	1.5158749209937716	23.2079	2.42101	0.06063499683975086	1184.8104802358419	nan	nan
81.8601	1.5105649209937717	23.1965	2.42741	0.06042259683975087	1184.2284870578858	nan	nan
82.0701	1.5099449209937716	23.2048	2.43347	0.06039779683975086	1184.6522189330644	nan	nan
82.2701	1.5141149209937717	23.1998	2.43908	0.060564596839750864	1184.396958767294	nan	nan
82.4701	1.5184749209937716	23.1883	2.44503	0.06073899683975086	1183.8098603860228	nan	nan
82.6701	1.5226849209937716	23.1914	2.451	0.06090739683975086	1183.9681216888002	nan	nan
82.8801	1.5266149209937716	23.1898	2.4583	0.061064596839750865	1183.8864384357537	nan	nan
83.0801	1.5239149209937717	23.1889	2.46424	0.06095659683975087	1183.840491605915	nan	nan
83.2801	1.5239549209937715	23.1837	2.47021	0.06095819683975086	1183.575021033514	nan	nan
83.5001	1.5289949209937717	23.1814	2.4765	0.06115979683975087	1183.4576013572596	nan	nan
83.7001	1.5343449209937716	23.1738	2.48266	0.06137379683975087	1183.0696059052889	nan	nan
83.9201	1.5401449209937716	23.1684	2.48958	0.06160579683975086	1182.793924926257	nan	nan
84.1301	1.5463549209937717	23.1743	2.49615	0.061854196839750866	1183.095131921866	nan	nan
84.3301	1.5520149209937717	23.1605	2.5018	0.06208059683975087	1182.39061386434	nan	nan
84.5301	1.5571849209937716	23.1611	2.50793	0.06228739683975086	1182.4212450842326	nan	nan
84.7301	1.5622949209937715	23.162	2.51385	0.06249179683975086	1182.467191914071	nan	nan
84.9501	1.5685549209937717	23.1493	2.5205	0.06274219683975087	1181.8188310930145	nan	nan
85.1501	1.5746349209937716	23.1366	2.52676	0.06298539683975087	1181.1704702719583	nan	nan
85.3701	1.5802549209937715	23.1397	2.53313	0.06321019683975086	1181.328731574736	nan	nan
85.5901	1.5870049209937716	23.1376	2.53994	0.06348019683975087	1181.2215223051123	nan	nan
85.7901	1.5921449209937717	23.1298	2.54515	0.06368579683975087	1180.8233164465107	nan	nan
86.0001	1.5982449209937717	23.129	2.55258	0.06392979683975086	1180.7824748199876	nan	nan
86.2101	1.6039749209937717	23.1185	2.55882	0.06415899683975086	1180.2464284718699	nan	nan
86.4101	1.6081249209937716	23.1073	2.56436	0.06432499683975086	1179.6746457005445	nan	nan
86.6101	1.6134949209937717	23.1012	2.57019	0.06453979683975086	1179.3632282983049	nan	nan
86.8101	1.6187449209937717	23.0993	2.57643	0.06474979683975086	1179.2662294353122	nan	nan
87.0101	1.6242049209937717	23.0913	2.58215	0.06496819683975087	1178.85781317008	nan	nan
87.2201	1.6305249209937716	23.0879	2.58846	0.06522099683975086	1178.6842362573561	nan	nan
87.4201	1.6361749209937717	23.0759	2.59488	0.06544699683975087	1178.0716118595076	nan	nan
87.6201	1.6419449209937715	23.0759	2.60121	0.06567779683975086	1178.0716118595076	nan	nan
87.8201	1.6478949209937717	23.0671	2.60668	0.06591579683975086	1177.622353967752	nan	nan
88.0401	1.6545449209937717	23.0612	2.61344	0.06618179683975087	1177.321146972143	nan	nan
88.2401	1.6604649209937716	23.0451	2.61948	0.06641859683975086	1176.499209238363	nan	nan
88.4601	1.6668849209937715	23.035	2.62606	0.06667539683975086	1175.9835837035068	nan	nan
88.6601	1.6729849209937715	23.0292	2.63217	0.06691939683975086	1175.6874819112136	nan	nan
88.8801	1.6797949209937717	23.0238	2.63934	0.06719179683975086	1175.4118009321817	nan	nan
89.0901	1.6856549209937717	23.0106	2.64496	0.06742619683975087	1174.7379140945482	nan	nan
89.2901	1.6921349209937715	22.9963	2.6507	0.06768539683975086	1174.0078700204454	nan	nan
89.4901	1.6982049209937715	22.9987	2.65726	0.06792819683975086	1174.130394900015	nan	nan
89.6901	1.7043349209937717	22.9904	2.66344	0.06817339683975086	1173.7066630248364	nan	nan
89.9101	1.7104649209937717	22.9735	2.66915	0.06841859683975086	1172.843883664533	nan	nan
90.1201	1.7171149209937715	22.9645	2.67587	0.06868459683975087	1172.3844153661464	nan	nan
90.3201	1.7232049209937716	22.956	2.68204	0.06892819683975086	1171.950473084337	nan	nan
90.5201	1.7292049209937717	22.9394	2.68807	0.06916819683975087	1171.1030093339798	nan	nan
90.7201	1.7355149209937717	22.9362	2.69419	0.06942059683975087	1170.939642827887	nan	nan
90.9401	1.7419249209937715	22.9167	2.70013	0.06967699683975086	1169.944128181383	nan	nan
91.1601	1.7484649209937717	22.9098	2.70677	0.06993859683975087	1169.5918691526201	nan	nan
91.3701	1.7553249209937716	22.8877	2.71297	0.07021299683975087	1168.4636192199155	nan	nan
91.5701	1.7614049209937717	22.8806	2.71911	0.07045619683975086	1168.101149784522	nan	nan
91.7701	1.7673349209937717	22.8701	2.72501	0.07069339683975087	1167.5651034364043	nan	nan
91.9801	1.7735849209937715	22.8569	2.73117	0.07094339683975086	1166.8912165987708	nan	nan
92.1801	1.7800549209937715	22.8426	2.73729	0.07120219683975086	1166.161172524668	nan	nan
92.3801	1.7862149209937717	22.8294	2.74297	0.07144859683975087	1165.4872856870347	nan	nan
92.5801	1.7924849209937717	22.8212	2.74916	0.07169939683975086	1165.0686590151713	nan	nan
92.7801	1.7985949209937715	22.8051	2.75543	0.07194379683975086	1164.246721281391	nan	nan
93.0001	1.8051249209937716	22.7749	2.76113	0.07220499683975086	1162.7049498801389	nan	nan
93.2001	1.8113949209937716	22.7797	2.76708	0.07245579683975087	1162.9499996392783	nan	nan
93.4201	1.8182749209937716	22.7624	2.77385	0.07273099683975087	1162.0667994657133	nan	nan
93.6301	1.8251349209937715	22.744	2.7809	0.07300539683975087	1161.1274420556788	nan	nan
93.8301	1.8313549209937716	22.7298	2.78691	0.07325419683975086	1160.4025031848912	nan	nan
94.0301	1.8375349209937717	22.7184	2.79269	0.07350139683975086	1159.8205100069351	nan	nan
94.2401	1.8436349209937717	22.7035	2.79897	0.07374539683975087	1159.0598347129398	nan	nan
94.4401	1.8497949209937716	22.6954	2.80487	0.07399179683975086	1158.6463132443919	nan	nan
94.6401	1.8560249209937716	22.6791	2.81077	0.07424099683975087	1157.814165103981	nan	nan
94.8401	1.8623149209937715	22.6699	2.81646	0.07449259683975086	1157.3444863989637	nan	nan
95.0601	1.8693049209937715	22.6498	2.82381	0.07477219683975087	1156.3183405325674	nan	nan
95.2601	1.8754749209937716	22.6365	2.83025	0.07501899683975086	1155.6393484916186	nan	nan
95.4801	1.8821449209937715	22.6197	2.83643	0.07528579683975085	1154.7816743346307	nan	nan
95.6801	1.8886349209937716	22.6087	2.84273	0.07554539683975087	1154.220101969936	nan	nan
95.9001	1.8954949209937717	22.5834	2.84888	0.07581979683975087	1152.9284855311387	nan	nan
96.1101	1.9023649209937716	22.5671	2.85527	0.07609459683975087	1152.0963373907275	nan	nan
96.3101	1.9084749209937717	22.5525	2.86143	0.07633899683975087	1151.3509777066786	nan	nan
96.5201	1.9146449209937717	22.5368	2.86721	0.07658579683975086	1150.54946078616	nan	nan
96.7201	1.9209649209937716	22.5151	2.87336	0.07683859683975086	1149.441631666717	nan	nan
96.9201	1.9276749209937716	22.5146	2.87911	0.07710699683975086	1149.4161056501403	nan	nan
97.1201	1.9338749209937716	22.4838	2.88509	0.07735499683975086	1147.8437030289954	nan	nan
97.3201	1.9402149209937716	22.4729	2.89108	0.07760859683975087	1147.2872358676161	nan	nan
97.5401	1.9468849209937715	22.4425	2.89775	0.07787539683975087	1145.7352540597333	nan	nan
97.7501	1.9538949209937717	22.4325	2.90414	0.07815579683975087	1145.2247337281926	nan	nan
97.9501	1.9600749209937716	22.4234	2.91017	0.07840299683975087	1144.760160226491	nan	nan
98.1501	1.9659849209937716	22.4018	2.9162	0.07863939683975087	1143.6574363103637	nan	nan
98.3501	1.9725249209937716	22.3961	2.92227	0.07890099683975087	1143.3664397213854	nan	nan
98.5701	1.9791649209937716	22.3702	2.92893	0.07916659683975086	1142.0441920626956	nan	nan
98.7701	1.9854849209937715	22.3571	2.93468	0.07941939683975086	1141.3754104283773	nan	nan
98.9901	1.9924649209937717	22.3427	2.94072	0.07969859683975086	1140.6402611509593	nan	nan
99.1901	1.9987749209937715	22.3304	2.94721	0.07995099683975086	1140.0123211431644	nan	nan
99.4001	2.0051549209937716	22.2963	2.95235	0.08020619683975086	1138.2714468126112	nan	nan
99.6001	2.0113149209937715	22.2876	2.95847	0.08045259683975087	1137.8272941241712	nan	nan
99.8001	2.0176649209937714	22.2673	2.9645	0.08070659683975086	1136.7909378511438	nan	nan
100.01	2.0243949209937715	22.2544	2.97128	0.08097579683975085	1136.1323666234568	nan	nan
100.21	2.0306849209937714	22.2346	2.97732	0.08122739683975086	1135.1215363670065	nan	nan
100.41	2.0372049209937715	22.2209	2.98344	0.08148819683975086	1134.4221235127961	nan	nan
100.61	2.0436249209937714	22.1972	2.98943	0.08174499683975085	1133.212190327045	nan	nan
100.83	2.050784920993771	22.1942	2.99654	0.08203139683975084	1133.0590342275827	nan	nan
101.04	2.0570549209937714	22.1626	3.00189	0.08228219683975085	1131.4457899799152	nan	nan
101.24	2.0632749209937713	22.1469	3.00799	0.08253099683975085	1130.6442730593963	nan	nan
101.45	2.0699849209937713	22.1265	3.01451	0.08279939683975085	1129.6028115830538	nan	nan
101.65	2.0762949209937713	22.1094	3.02049	0.08305179683975085	1128.7298218161197	nan	nan
101.85	2.0825449209937714	22.0991	3.02659	0.08330179683975086	1128.203985874633	nan	nan
102.05	2.0889249209937715	22.0711	3.03241	0.08355699683975086	1126.7745289463196	nan	nan
102.25	2.0951349209937713	22.0586	3.03839	0.08380539683975086	1126.1363785318938	nan	nan
102.46	2.1011149209937714	22.0343	3.04416	0.08404459683975085	1124.8958141262508	nan	nan
102.66	2.107384920993771	22.0192	3.05009	0.08429539683975085	1124.1249284256246	nan	nan
102.86	2.1136049209937715	22.0063	3.0562	0.08454419683975085	1123.4663571979372	nan	nan
103.06	2.119864920993771	21.9945	3.06229	0.08479459683975085	1122.8639432067196	nan	nan
103.27	2.1267949209937713	21.9692	3.06843	0.08507179683975086	1121.572326767922	nan	nan
103.47	2.1334249209937712	21.9618	3.07488	0.08533699683975085	1121.194541722582	nan	nan
103.67	2.1396849209937714	21.9431	3.08123	0.08558739683975086	1120.2398687026016	nan	nan
103.87	2.146024920993771	21.9092	3.08669	0.08584099683975084	1118.509204778679	nan	nan
104.08	2.1525149209937715	21.8977	3.09299	0.08610059683975085	1117.9221063974076	nan	nan
104.28	2.1588749209937714	21.8735	3.09939	0.08635499683975086	1116.6866471950796	nan	nan
104.49	2.1657849209937714	21.8608	3.10582	0.08663139683975085	1116.0382863740233	nan	nan
104.69	2.1722449209937715	21.8438	3.11156	0.08688979683975086	1115.1704018104044	nan	nan
104.89	2.178494920993771	21.817	3.11786	0.08713979683975084	1113.8022073218758	nan	nan
105.1	2.1847649209937714	21.8054	3.12333	0.08739059683975085	1113.2100037372888	nan	nan
105.3	2.1910449209937712	21.7787	3.1293	0.08764179683975085	1111.846914452076	nan	nan
105.5	2.1971549209937713	21.7595	3.13497	0.08788619683975085	1110.866715415518	nan	nan
105.71	2.2040049209937713	21.7438	3.14243	0.08816019683975085	1110.0651984949995	nan	nan
105.91	2.210284920993771	21.737	3.14809	0.08841139683975084	1109.718044669552	nan	nan
106.11	2.2164149209937714	21.7018	3.15392	0.08865659683975086	1107.9210131025295	nan	nan
106.31	2.2227149209937713	21.692	3.15981	0.08890859683975086	1107.4207031776198	nan	nan
106.52	2.2293249209937716	21.685	3.16598	0.08917299683975086	1107.0633389455415	nan	nan
106.72	2.2355949209937713	21.6521	3.172	0.08942379683975085	1105.3837270547733	nan	nan
106.92	2.242084920993771	21.6324	3.17824	0.08968339683975085	1104.3780020016386	nan	nan
107.12	2.2482049209937713	21.6186	3.18402	0.08992819683975085	1103.6734839441128	nan	nan
107.32	2.2546349209937713	21.5957	3.19068	0.09018539683975085	1102.504392384885	nan	nan
107.53	2.261534920993771	21.5832	3.19708	0.09046139683975085	1101.8662419704594	nan	nan
107.73	2.2679549209937715	21.5629	3.20249	0.09071819683975085	1100.829885697432	nan	nan
107.93	2.2745249209937715	21.5401	3.2091	0.09098099683975086	1099.6658993415197	nan	nan
108.14	2.2809049209937715	21.5258	3.21492	0.09123619683975086	1098.9358552674169	nan	nan
108.34	2.2869449209937716	21.4981	3.22106	0.09147779683975087	1097.5217139490499	nan	nan
108.54	2.293394920993771	21.4822	3.22684	0.09173579683975085	1096.7099866219003	nan	nan
108.74	2.2996249209937716	21.4675	3.23273	0.09198499683975087	1095.9595217345359	nan	nan
108.96	2.3066049209937716	21.4426	3.23947	0.09226419683975086	1094.688326109	nan	nan
109.16	2.3130949209937715	21.4282	3.24545	0.09252379683975086	1093.953176831582	nan	nan
109.38	2.3199849209937713	21.4037	3.25218	0.09279939683975086	1092.7024020193076	nan	nan
109.59	2.3268249209937713	21.3858	3.25864	0.09307299683975084	1091.78857062585	nan	nan
109.79	2.3332749209937713	21.3525	3.26444	0.09333099683975085	1090.0885379218203	nan	nan
109.99	2.3391949209937715	21.34	3.27056	0.09356779683975086	1089.4503875073947	nan	nan
110.2	2.3453749209937715	21.3156	3.27564	0.09381499683975086	1088.2047178984358	nan	nan
110.4	2.3517349209937715	21.3164	3.28271	0.09406939683975085	1088.2455595249592	nan	nan
110.6	2.3581149209937715	21.296	3.28803	0.09432459683975086	1087.2040980486165	nan	nan
110.8	2.364574920993771	21.2771	3.29406	0.09458299683975085	1086.2392146220052	nan	nan
111	2.371014920993771	21.2397	3.29998	0.09484059683975085	1084.3298685820437	nan	nan
111.21	2.3780949209937714	21.2308	3.30684	0.09512379683975086	1083.8755054869725	nan	nan
111.41	2.384294920993771	21.2118	3.31271	0.09537179683975085	1082.9055168570458	nan	nan
111.62	2.3907149209937715	21.1866	3.31861	0.09562859683975086	1081.6190056215637	nan	nan
111.82	2.3970849209937715	21.1668	3.32521	0.09588339683975086	1080.6081753651135	nan	nan
112.02	2.4033349209937716	21.1412	3.3312	0.09613339683975086	1079.30124331637	nan	nan
112.22	2.4098149209937714	21.125	3.33672	0.09639259683975085	1078.4742003792744	nan	nan
112.42	2.4164149209937715	21.1158	3.34314	0.09665659683975086	1078.004521674257	nan	nan
112.63	2.423144920993771	21.0805	3.34959	0.09692579683975085	1076.2023849039192	nan	nan
112.83	2.4294549209937712	21.0651	3.35528	0.09717819683975085	1075.416183593347	nan	nan
113.03	2.4357849209937714	21.0424	3.36151	0.09743139683975086	1074.25730244075	nan	nan
113.24	2.442124920993771	21.02	3.3676	0.09768499683975085	1073.1137368980992	nan	nan
113.44	2.4483949209937714	21.0031	3.37327	0.09793579683975086	1072.2509575377958	nan	nan
113.64	2.4547549209937713	20.9814	3.37933	0.09819019683975086	1071.143128418353	nan	nan
113.84	2.460894920993771	20.9674	3.38531	0.09843579683975084	1070.4283999541963	nan	nan
114.06	2.4678549209937715	20.9366	3.39146	0.09871419683975086	1068.8559973330514	nan	nan
114.26	2.474184920993771	20.9195	3.39721	0.09896739683975085	1067.9830075661173	nan	nan
114.48	2.4812649209937714	20.8903	3.4033	0.09925059683975085	1066.4922881980192	nan	nan
114.7	2.4880349209937713	20.8813	3.41031	0.09952139683975085	1066.0328198996326	nan	nan
114.9	2.4943549209937714	20.8563	3.41674	0.09977419683975086	1064.7565190707815	nan	nan
115.12	2.5015549209937715	20.8336	3.42354	0.10006219683975086	1063.5976379181848	nan	nan
115.34	2.5087249209937714	20.8105	3.4295	0.10034899683975086	1062.418335952326	nan	nan
115.54	2.5150149209937713	20.788	3.43564	0.10060059683975085	1061.26966520636	nan	nan
115.76	2.5221349209937713	20.778	3.44272	0.10088539683975085	1060.7591448748194	nan	nan
115.98	2.5291049209937713	20.7547	3.44902	0.10116419683975085	1059.5696325023303	nan	nan
116.19	2.5360849209937713	20.7243	3.45532	0.10144339683975084	1058.017650694447	nan	nan
116.39	2.5424749209937714	20.7009	3.46172	0.10169899683975085	1056.8230331186423	nan	nan
116.59	2.5485249209937715	20.6751	3.46708	0.10194099683975086	1055.505890663268	nan	nan
116.79	2.5548649209937713	20.6573	3.47331	0.10219459683975085	1054.5971644731258	nan	nan
116.99	2.5613449209937715	20.6366	3.47948	0.10245379683975087	1053.5403873868372	nan	nan
117.2	2.5676149209937713	20.6172	3.48559	0.10270459683975085	1052.5499779436486	nan	nan
117.39	2.5735749209937713	20.5859	3.49091	0.10294299683975085	1050.9520493059267	nan	nan
117.6	2.5800349209937714	20.5808	3.49698	0.10320139683975085	1050.6916839368412	nan	nan
117.81	2.5870949209937715	20.5568	3.50357	0.10348379683975086	1049.4664351411438	nan	nan
118.01	2.5937549209937716	20.5419	3.51015	0.10375019683975087	1048.7057598471486	nan	nan
118.21	2.5999749209937715	20.5149	3.51611	0.10399899683975086	1047.3273549519895	nan	nan
118.41	2.606234920993771	20.491	3.52203	0.10424939683975085	1046.1072113596076	nan	nan
118.63	2.6130349209937713	20.4583	3.52843	0.10452139683975085	1044.4378098754703	nan	nan
118.85	2.6200849209937713	20.4464	3.53516	0.10480339683975086	1043.8302906809372	nan	nan
119.05	2.6262249209937716	20.4189	3.54036	0.10504899683975086	1042.4263597692006	nan	nan
119.27	2.6330249209937713	20.3957	3.54684	0.10532099683975085	1041.2419526000267	nan	nan
119.48	2.639454920993771	20.381	3.5537	0.10557819683975085	1040.4914877126623	nan	nan
119.68	2.6457449209937716	20.3527	3.55929	0.10582979683975086	1039.0467151744026	nan	nan
119.88	2.6520749209937713	20.3396	3.5654	0.10608299683975085	1038.3779335400848	nan	nan
120.08	2.658564920993771	20.3178	3.57178	0.10634259683975085	1037.2649992173262	nan	nan
120.29	2.6653049209937714	20.2834	3.57824	0.10661219683975086	1035.5088092768272	nan	nan
120.49	2.6716249209937715	20.2622	3.584	0.10686499683975086	1034.4265061739613	nan	nan
120.69	2.6778449209937714	20.234	3.59027	0.10711379683975085	1032.986838839017	nan	nan
120.9	2.6839649209937715	20.216	3.59634	0.10735859683975085	1032.0679022422441	nan	nan
121.1	2.6903049209937713	20.1985	3.60254	0.10761219683975085	1031.1744916620485	nan	nan
121.3	2.6964749209937713	20.1762	3.60814	0.10785899683975085	1030.0360313227131	nan	nan
121.5	2.702564920993771	20.1556	3.61391	0.10810259683975085	1028.9843594397396	nan	nan
121.71	2.7095149209937714	20.1293	3.62022	0.10838059683975086	1027.6416909677882	nan	nan
121.91	2.7157949209937713	20.1064	3.6263	0.10863179683975085	1026.4725994085607	nan	nan
122.11	2.7218349209937713	20.0797	3.63243	0.10887339683975085	1025.1095101233475	nan	nan
122.32	2.727844920993771	20.0544	3.63803	0.10911379683975085	1023.8178936845501	nan	nan
122.52	2.7342749209937716	20.0401	3.64419	0.10937099683975086	1023.087849610447	nan	nan
122.72	2.7403049209937715	20.0085	3.6502	0.10961219683975086	1021.4746053627791	nan	nan
122.92	2.7464649209937715	19.9974	3.65604	0.10985859683975085	1020.9079277947691	nan	nan
123.13	2.7529149209937716	19.9714	3.66252	0.11011659683975086	1019.5805749327639	nan	nan
123.33	2.7589849209937714	19.9474	3.6686	0.11035939683975085	1018.3553261370668	nan	nan
123.53	2.7654549209937715	19.9233	3.67447	0.11061819683975087	1017.1249721380544	nan	nan
123.73	2.7716449209937712	19.899	3.68024	0.11086579683975085	1015.8844077324109	nan	nan
123.95	2.7783549209937712	19.8704	3.68689	0.11113419683975084	1014.4243195842051	nan	nan
124.17	2.7848749209937713	19.8449	3.69374	0.11139499683975085	1013.1224927387767	nan	nan
124.37	2.7908649209937715	19.8166	3.69937	0.11163459683975085	1011.6777202005173	nan	nan
124.59	2.7974449209937715	19.7859	3.7054	0.11189779683975086	1010.110422782688	nan	nan
124.8	2.8040149209937715	19.7728	3.71265	0.11216059683975085	1009.4416411483699	nan	nan
125	2.8100249209937713	19.7394	3.7184	0.11240099683975086	1007.7365032410248	nan	nan
125.2	2.815424920993771	19.7249	3.72346	0.11261699683975085	1006.9962487602911	nan	nan
125.41	2.822274920993771	19.7018	3.72995	0.11289099683975085	1005.8169467944325	nan	nan
125.61	2.8283549209937715	19.6683	3.73565	0.11313419683975086	1004.1067036837718	nan	nan
125.81	2.8343349209937716	19.6544	3.7421	0.11337339683975087	1003.3970804229305	nan	nan
126.01	2.8396649209937714	19.6298	3.74855	0.11358659683975086	1002.141200407341	nan	nan
126.22	2.832444920993771	19.598	3.75466	0.11329779683975084	1000.5177457530423	nan	nan
126.42	2.8263849209937715	19.576	3.75989	0.11305539683975085	999.3946010236532	nan	nan
126.62	2.8313949209937714	19.5544	3.76648	0.11325579683975086	998.2918771075258	nan	nan
126.82	2.8369649209937715	19.5302	3.77273	0.11347859683975087	997.0564179051978	nan	nan
127.04	2.8427549209937713	19.5041	3.77875	0.11371019683975085	995.7239598398772	nan	nan
127.24	2.8491349209937713	19.4761	3.78558	0.11396539683975085	994.2945029115637	nan	nan
127.46	2.8558049209937715	19.4592	3.79246	0.11423219683975086	993.4317235512603	nan	nan
127.68	2.8623949209937716	19.4259	3.79898	0.11449579683975086	991.7316908472304	nan	nan
127.88	2.8684149209937715	19.3958	3.8051	0.11473659683975086	990.1950246492938	nan	nan
128.1	2.8743049209937714	19.3703	3.81097	0.11497219683975085	988.8931978038654	nan	nan
128.3	2.8802049209937715	19.3312	3.8173	0.11520819683975086	986.8970633075422	nan	nan
128.52	2.8857749209937715	19.3161	3.8236	0.11543099683975086	986.1261776069159	nan	nan
128.74	2.8919349209937715	19.3042	3.83081	0.11567739683975085	985.5186584123828	nan	nan
128.94	2.898194920993771	19.2665	3.83771	0.11592779683975085	983.5939967624752	nan	nan
129.15	2.9037649209937713	19.2408	3.84304	0.11615059683975085	982.2819595104161	nan	nan
129.35	2.909784920993771	19.2171	3.84931	0.11639139683975085	981.0720263246651	nan	nan
129.55	2.9155349209937715	19.1766	3.85449	0.11662139683975087	979.0044189819264	nan	nan
129.76	2.922394920993771	19.1579	3.8615	0.11689579683975085	978.0497459619456	nan	nan
129.96	2.9279649209937713	19.1341	3.86652	0.11711859683975084	976.8347075728791	nan	nan
130.16	2.9350849209937713	19.1102	3.87388	0.11740339683975085	975.6145639804975	nan	nan
130.36	2.9416149209937714	19.0897	3.87955	0.11766459683975086	974.5679973008395	nan	nan
130.58	2.9482149209937716	19.0499	3.88638	0.11792859683975086	972.5361263813083	nan	nan
130.8	2.9550749209937712	19.0213	3.89294	0.11820299683975084	971.0760382331025	nan	nan
131	2.9615349209937714	18.9993	3.89919	0.11846139683975085	969.9528935037135	nan	nan
131.22	2.9679349209937715	18.9722	3.9049	0.11871739683975085	968.5693834052388	nan	nan
131.43	2.9750149209937713	18.9413	3.91147	0.11900059683975085	966.9918755807786	nan	nan
131.63	2.9813449209937715	18.9151	3.91746	0.11925379683975086	965.6543123121425	nan	nan
131.84	2.9884349209937713	18.8901	3.92484	0.11953739683975086	964.3780114832913	nan	nan
132.04	2.9947649209937715	18.8587	3.93056	0.11979059683975085	962.774977642254	nan	nan
132.24	3.0012449209937713	18.8274	3.9366	0.12004979683975085	961.1770490045326	nan	nan
132.44	3.0074849209937713	18.8011	3.94248	0.12029939683975086	959.8343805325811	nan	nan
132.64	3.013774920993771	18.7732	3.94818	0.12055099683975085	958.4100288075831	nan	nan
132.84	3.0203949209937715	18.7592	3.95432	0.12081579683975086	957.6953003434264	nan	nan
133.06	3.0272749209937713	18.7198	3.96072	0.12109099683975084	955.6838502371569	nan	nan
133.27	3.0336649209937714	18.6906	3.96736	0.12134659683975085	954.1931308690586	nan	nan
133.47	3.0399949209937716	18.6647	3.97279	0.12159979683975086	952.8708832103689	nan	nan
133.67	3.0466249209937715	18.6513	3.97917	0.12186499683975086	952.1867859661045	nan	nan
133.87	3.0530449209937713	18.6125	3.98468	0.12212179683975086	950.2059670797275	nan	nan
134.09	3.0602149209937712	18.5862	3.99163	0.12240859683975085	948.8632986077761	nan	nan
134.31	3.0673049209937715	18.556	3.9986	0.12269219683975086	947.3215272065238	nan	nan
134.52	3.074374920993771	18.519	4.00486	0.12297499683975084	945.432601979824	nan	nan
134.72	3.0808649209937715	18.4966	4.01124	0.12323459683975085	944.2890364371734	nan	nan
134.92	3.0874149209937714	18.4653	4.01698	0.12349659683975085	942.6911077994515	nan	nan
135.12	3.093834920993771	18.4305	4.02245	0.12375339683975085	940.9144970456906	nan	nan
135.32	3.1003149209937715	18.4089	4.02892	0.12401259683975085	939.8117731295631	nan	nan
135.54	3.1076349209937715	18.3719	4.03498	0.12430539683975086	937.9228479028635	nan	nan
135.76	3.1147449209937714	18.344	4.04183	0.12458979683975085	936.4984961778655	nan	nan
135.97	3.1212749209937716	18.3127	4.04763	0.12485099683975086	934.9005675401438	nan	nan
136.17	3.1275949209937712	18.2929	4.05363	0.12510379683975084	933.8897372836935	nan	nan
136.37	3.1337049209937713	18.2542	4.05981	0.12534819683975085	931.9140236006319	nan	nan
136.57	3.1404949209937714	18.2447	4.06591	0.12561979683975086	931.4290292856684	nan	nan
136.79	3.1476149209937714	18.1987	4.07283	0.12590459683975086	929.080635760582	nan	nan
137	3.1548849209937715	18.1675	4.07944	0.12619539683975087	927.4878123261759	nan	nan
137.2	3.1612649209937715	18.1442	4.08549	0.12645059683975085	926.2982999536866	nan	nan
137.4	3.1679049209937715	18.1207	4.09094	0.12671619683975086	925.0985771745665	nan	nan
137.6	3.1742849209937716	18.0837	4.09707	0.12697139683975087	923.2096519478666	nan	nan
137.82	3.1815749209937714	18.0562	4.104	0.12726299683975084	921.8057210361303	nan	nan
138.02	3.1882249209937714	18.0099	4.10926	0.12752899683975086	919.4420119010978	nan	nan
138.24	3.1950849209937715	17.9894	4.11547	0.12780339683975087	918.3954452214399	nan	nan
138.44	3.2017549209937712	17.9606	4.12183	0.12807019683975085	916.9251466666032	nan	nan
138.66	3.2088749209937713	17.9265	4.12857	0.12835499683975085	915.1842723360502	nan	nan
138.87	3.2153849209937713	17.8988	4.13426	0.12861539683975085	913.7701310176832	nan	nan
139.07	3.2221449209937716	17.8779	4.14027	0.12888579683975088	912.7031435247635	nan	nan
139.27	3.2286449209937715	17.8319	4.14648	0.12914579683975086	910.3547499996773	nan	nan
139.47	3.2354849209937715	17.8044	4.15267	0.12941939683975087	908.950819087941	nan	nan
139.69	3.2425749209937713	17.776	4.15922	0.12970299683975084	907.500941346366	nan	nan
139.9	3.2496949209937713	17.7336	4.16566	0.12998779683975084	905.3363351406342	nan	nan
140.1	3.2564649209937713	17.7053	4.17122	0.13025859683975086	903.8915626023748	nan	nan
140.3	3.262684920993771	17.6744	4.17712	0.13050739683975085	902.3140547779145	nan	nan
140.51	3.2695949209937716	17.6478	4.18332	0.13078379683975086	900.9560706960169	nan	nan
140.71	3.276244920993771	17.6076	4.18989	0.13104979683975085	898.9037789632242	nan	nan
140.91	3.282754920993771	17.5813	4.196	0.13131019683975084	897.5611104912726	nan	nan
141.11	3.2892949209937714	17.5523	4.2021	0.13157179683975084	896.0806015298052	nan	nan
141.33	3.2961649209937716	17.5161	4.20831	0.13184659683975086	894.2325179296288	nan	nan
141.53	3.3029449209937716	17.4784	4.21421	0.13211779683975086	892.3078562797211	nan	nan
141.75	3.3100349209937714	17.4368	4.22015	0.13240139683975086	890.1840917005128	nan	nan
141.95	3.3165049209937716	17.411	4.22677	0.13266019683975086	888.8669492451382	nan	nan
142.17	3.3235449209937715	17.3631	4.23302	0.13294179683975085	886.4215568570593	nan	nan
142.39	3.3308249209937713	17.3386	4.23977	0.13323299683975084	885.170782044785	nan	nan
142.59	3.3374049209937713	17.3058	4.24586	0.13349619683975086	883.4962753573325	nan	nan
142.81	3.344914920993771	17.2841	4.25293	0.13379659683975084	882.3884462378894	nan	nan
143.02	3.3521849209937713	17.2359	4.25946	0.13408739683975085	879.9277382398644	nan	nan
143.22	3.3590949209937713	17.2078	4.26557	0.13436379683975086	878.4931761082355	nan	nan
143.43	3.3656849209937714	17.1632	4.27106	0.13462739683975086	876.2162554295651	nan	nan
143.63	3.3724749209937714	17.1313	4.27743	0.13489899683975085	874.5876955719508	nan	nan
143.83	3.3788449209937714	17.0962	4.2837	0.13515379683975084	872.7957692082438	nan	nan
144.03	3.3855449209937714	17.0643	4.29006	0.13542179683975086	871.1672093506296	nan	nan
144.24	3.392504920993771	17.0112	4.29586	0.13570019683975085	868.4563463901495	nan	nan
144.45	3.3994749209937716	16.9809	4.3025	0.13597899683975087	866.9094697855819	nan	nan
