Specimen name:	AWA_3_05_Rz
Specimen ID:	46NTA9
Material:	42CrMoS4
Specimen type:	Round Tensile Specimen
Gauge diameter:	5.001	mm
Gauge length:	25	mm
Parallel length:	30	mm
Original cross-section:	19.642808851968347	mm²
Cross-section after fracture:	9.9230897298497	mm²
Yield stress at 0.2% plastic strain:	1085.6115802506465	MPa
Yield stress at 1% plastic strain:	1130.9271687909604	MPa
Ultimate tensile strength:	1185.9098245852815	MPa
Uniform elongation:	5.124140519054482	%
Elongation after fracture:	13.245084783357036	%
Reduction of area:	49.48232808947109	%
Slope of linear-elastic region:	209032.26959740033	MPa
Crosshead seperation speed:	0.029868507910122206	mm/s
Strain rate:	0.0009956169303374069	s-1
Test temperature:	RT	Cel
Machine type:	INSTRON 8852TT
Standard:	DIN EN ISO 6892-1
Date:	2022-09-06 00:00:00
Heat treatment batch:	Batch 3
Time	Displacement	Force	Machine Displacement	Engineering Strain	Engineering Stress	True Strain	True Stress
s	mm	kN	mm		MPa		MPa
0	0.0005044479068242259	0.0832337	0	2.0177916272969038e-05	4.237362417323498	2.0177712701542375e-05	4.237447918467573
0.25	0.00045995850682422593	0.0829172	-0.000297546	1.8398340272969038e-05	4.221249650438415	1.839817102567604e-05	4.221327314425862
0.460001	0.000539427106824226	0.0828862	-0.000267029	2.157708427296904e-05	4.21967146474035	2.1576851490926953e-05	4.219762512947149
0.660001	0.0005147397068242259	0.0823267	-0.000511169	2.0589588272969036e-05	4.191187758351082	2.0589376310338022e-05	4.191274053181401
0.870001	0.0006224779068242259	0.106211	0.00170136	2.4899116272969036e-05	5.407118747650844	2.4898806295163737e-05	5.4072533801292435
1.09	0.000885635906824226	0.187035	0.00848389	3.542543627296904e-05	9.521805227018628	3.542480880693576e-05	9.522142541122902
1.3	0.0015966879068242258	0.297872	0.0149155	6.386751627296903e-05	15.164430008193618	6.386547682998226e-05	15.165398522673936
1.51	0.002024707906824226	0.412168	0.0219345	8.098831627296904e-05	20.98314976774301	8.098503689627405e-05	20.9848491577128
1.72	0.002505227906824226	0.53297	0.0279465	0.00010020911627296904	27.13308488702178	0.00010020409567486504	27.135803869480068
1.93	0.0030513479068242258	0.648457	0.0339203	0.00012205391627296903	33.01243752290651	0.00012204646829974851	33.016466820191894
2.12	0.0038502679068242256	0.783285	0.0399475	0.00015401071627296902	39.87642530673556	0.00015399885784013898	39.882566703559455
2.34	0.004362387906824226	0.920134	0.0464478	0.00017449551627296903	46.84330061623525	0.00017448029370124263	46.851474562160206
2.55	0.005255427906824226	1.07075	0.0530624	0.00021021711627296905	54.51104310332396	0.0002101950237511133	54.52250225761018
2.76	0.006142417906824226	1.22344	0.0592499	0.00024569671627296905	62.28437130453483	0.0002456665377778239	62.299674370039476
2.98	0.0069839979068242256	1.37494	0.064827	0.00027935991627296903	69.99711753862643	0.00027932090255725853	70.01667192752136
3.19	0.007730157906824226	1.53559	0.0709076	0.00030920631627296904	78.17568309972751	0.0003091585218520288	78.19985551472091
3.39	0.008636557906824226	1.69667	0.0770874	0.00034546231627296907	86.37613962373725	0.0003454026579062937	86.40597932500236
3.59001	0.009696487906824227	1.85763	0.0827789	0.0003878595162729691	94.57048704181899	0.00038778431821433754	94.60716710517673
3.80001	0.010655947906824228	2.03716	0.0898895	0.0004262379162729691	103.71021860225771	0.0004261471026968513	103.75442382973095
3.99001	0.011542147906824226	2.20735	0.0956573	0.00046168591627296905	112.37445808463427	0.0004615793721223213	112.42633978928075
4.20001	0.012580947906824227	2.38427	0.102493	0.0005032379162729691	121.38131659113913	0.0005031113345382316	121.44240027197493
4.40001	0.013348447906824226	2.53087	0.107704	0.000533937916272969	128.84460766650434	0.0005337954221435254	128.9134026878448
4.61001	0.014431647906824227	2.71083	0.114151	0.000577265916272969	138.0062301898517	0.0005770993623981733	138.08589648277362
4.83001	0.015591147906824226	2.89693	0.120201	0.0006236459162729691	147.480435299848	0.0006234515299731264	147.5724108710529
5.02001	0.016580047906824224	3.07875	0.126312	0.0006632019162729689	156.73674896507927	0.0006629820950672128	156.8406970773433
5.23001	0.017783247906824225	3.26674	0.132706	0.000711329916272969	166.30717249344153	0.0007110770410593451	166.42547176052688
5.44001	0.019034747906824225	3.46848	0.139236	0.000761389916272969	176.57759774271966	0.0007611002060164095	176.7120421450807
5.64001	0.020079547906824226	3.6594	0.145157	0.0008031819162729691	186.2971852741571	0.0008028595382849609	186.44681580442187
5.85001	0.021064947906824224	3.82743	0.150558	0.000842597916272969	194.85146084982978	0.0008422431299295281	195.01564228472458
6.06001	0.022510947906824223	4.0547	0.157562	0.000900437916272969	206.42159838528852	0.0009000327652430503	206.6074682192123
6.27001	0.023557847906824227	4.24557	0.163773	0.000942313916272969	216.13864045592257	0.0009418702172285526	216.3423109046685
6.46001	0.024922047906824226	4.44003	0.16938	0.000996881916272969	226.0384466122358	0.0009963853594736622	226.26378025204593
6.66001	0.026046447906824224	4.64812	0.175865	0.001041857916272969	236.63214538353694	0.001041315558987597	236.87868245744943
6.87001	0.027226547906824224	4.83331	0.18116	0.0010890619162729688	246.06002310691267	0.001088469318555534	246.32799770719564
7.08001	0.028331947906824227	5.01853	0.186172	0.001133277916272969	255.4894281067704	0.0011326362416065746	255.778968633485
7.28001	0.029799047906824225	5.24565	0.193359	0.001191961916272969	267.05192925981913	0.0011912520936664492	267.37024498916406
7.47001	0.030852747906824227	5.4313	0.199036	0.0012341099162729691	276.5032252225855	0.0012333490285785689	276.8444605947142
7.68001	0.032280047906824226	5.64048	0.204582	0.001291201916272969	287.1524150393993	0.0012903690319494715	287.5231867879606
7.88001	0.033426947906824225	5.86743	0.211212	0.001337077916272969	298.7062616257166	0.0013361848235968416	299.10565517158875
8.09001	0.03475494790682423	6.06238	0.216896	0.001390197916272969	308.63101329790254	0.0013892324858057585	309.06007148948646
8.30001	0.036269747906824225	6.30555	0.224045	0.001450789916272969	321.0106073688204	0.0014497385373462145	321.4763263210077
8.50001	0.037417147906824225	6.48018	0.229134	0.001496685916272969	329.90088377053263	0.0014955669982138673	330.39464177703803
8.71001	0.03876684790682423	6.7116	0.236198	0.001550673916272969	341.6822945526678	0.0015494728629433768	342.21213237448296
8.92001	0.04005474790682422	6.90604	0.242424	0.001602189916272969	351.58108252465973	0.0016009077793110462	352.1443821898331
9.13001	0.041267947906824226	7.11597	0.248962	0.001650717916272969	362.26845425352343	0.00164935697893007	362.86645728146027
9.34001	0.04257224790682423	7.32216	0.254631	0.0017028899162729691	372.765425514298	0.001701441643172846	373.4002039985415
9.54001	0.04382904790682422	7.52223	0.260986	0.001753161916272969	382.9508323727449	0.0017516269217214121	383.62220718786585
9.75001	0.045136047906824225	7.72444	0.266624	0.001805441916272969	393.2451849535744	0.0018038140650491652	393.9551662938621
9.96001	0.04628954790682423	7.93428	0.273155	0.001851581916272969	403.92797485299207	0.0018498698515030047	404.6758805867066
10.16	0.047820847906824226	8.17942	0.280464	0.001912833916272969	416.40786007956115	0.0019110067791130263	417.204379157324
10.36	0.049161947906824224	8.39051	0.286331	0.001966477916272969	427.1542864990621	0.001964546929655935	427.9942759703038
10.57	0.050375447906824224	8.59014	0.292267	0.002015017916272969	437.3172933024396	0.002012990490747225	438.19849548354006
10.77	0.051662647906824226	8.79082	0.298325	0.002066505916272969	447.5337547826872	0.002064373630004806	448.4585859346775
10.97	0.052955547906824225	9.00247	0.303871	0.002118221916272969	458.3086903631855	0.002115981647263162	459.27948987553117
11.17	0.054055847906824224	9.19539	0.309715	0.002162233916272969	468.1300963267561	0.0021598996527289493	469.14230309826195
11.37	0.05538024790682423	9.40668	0.315392	0.002215209916272969	478.8867045894704	0.0022127599562363686	479.94753916624825
11.58	0.056939447906824224	9.65475	0.322128	0.0022775779162729688	491.51575381911465	0.0022749881671820403	492.6352192455133
11.78	0.058001447906824224	9.84535	0.327965	0.002320057916272969	501.21905040141075	0.0023173707373767647	502.3819076270814
11.98	0.05918404790682422	10.0356	0.333817	0.002367361916272969	510.90452875808353	0.0023645641297637948	512.1140246823168
12.18	0.060450947906824225	10.2308	0.339943	0.002418037916272969	520.8420077342861	0.002415119166741926	522.1014234573754
12.39	0.06178404790682422	10.451	0.346207	0.002471361916272969	532.0522171121538	0.0024683131234929058	533.3671106989934
12.59	0.06305404790682423	10.656	0.351967	0.002522161916272969	542.4886064058092	0.0025189866038876677	543.8568505088979
12.8	0.06457374790682423	10.8877	0.358925	0.002582949916272969	554.284271768443	0.0025796198341956353	555.7159602817987
13	0.06574514790682423	11.0842	0.364662	0.002629805916272969	564.287932725532	0.0026263540272354734	565.771900469495
13.2	0.06687424790682424	11.2728	0.37117	0.0026749699162729695	573.8894108756949	0.002671398551690626	575.424547785055
13.41	0.06798434790682423	11.4746	0.377251	0.002719373916272969	584.1628906779371	0.0027156831086346226	585.7514480057013
13.62	0.06931604790682423	11.6837	0.383202	0.002772641916272969	594.8080077574655	0.0027688052348680335	596.4571973719087
13.82	0.07063364790682423	11.8893	0.388985	0.0028253459162729693	605.2749425807608	0.0028213621284547724	606.9850536680037
14.03	0.07192584790682423	12.116	0.395317	0.002877033916272969	616.8160618630615	0.0028729031751534764	618.5906625931434
14.24	0.07310184790682424	12.3036	0.401413	0.0029240739162729695	626.3666307971577	0.002919807127718907	628.1981731242954
14.45	0.07446214790682423	12.5327	0.408104	0.0029784859162729693	638.0299321980184	0.0029740590152261257	639.9302953652308
14.66	0.07579324790682423	12.7564	0.414864	0.0030317299162729693	649.4183238321193	0.003027143490661331	651.387184792657
14.85	0.07701904790682423	12.9553	0.420967	0.0030807619162729694	659.5441669077683	0.0030760260934159975	661.5760654592776
15.06	0.07836014790682423	13.165	0.427048	0.0031344059162729692	670.2198295169367	0.0031295039066366152	672.3205705157781
15.28	0.07939394790682423	13.3484	0.432526	0.0031757579162729694	679.5565797435531	0.003170725848040588	681.7146869312292
15.48	0.08076694790682423	13.5786	0.438698	0.0032306779162729693	691.2758812820871	0.003225470489039395	693.5091710057973
15.68	0.08207244790682423	13.7831	0.444572	0.0032828979162729693	701.686815967709	0.0032775209716682592	703.9903821537256
15.89	0.08324994790682423	13.9774	0.450523	0.0033299979162729693	711.5784766494515	0.0033244657512083854	713.9480314939589
16.09	0.08450654790682423	14.1847	0.45665	0.0033802619162729692	722.1319571400601	0.0033745616728935567	724.5729522933043
16.3	0.08593784790682424	14.4066	0.463531	0.0034375139162729695	733.4287121852411	0.0034316191702956143	735.949883589972
16.51	0.08691884790682423	14.5894	0.469215	0.0034767539162729694	742.7349168822177	0.0034707239797375994	745.3172234132406
16.72	0.08839364790682423	14.8165	0.476105	0.0035357459162729693	754.2963998509451	0.003529509861760702	756.9634002663776
16.93	0.08955114790682424	14.9979	0.481819	0.0035820459162729697	763.5313316454284	0.0035756456692320544	766.2663359338953
17.13	0.09067364790682424	15.2043	0.487831	0.0036269459162729693	774.0389938415769	0.003620384408636077	776.8463914093267
17.34	0.09204744790682423	15.4293	0.494446	0.0036818979162729693	785.4935674565644	0.0036751363220573815	788.3856745858285
17.55	0.09323564790682423	15.6203	0.500031	0.003729425916272969	795.2172277252872	0.003722488849608352	798.1829314634326
17.75	0.09459224790682423	15.8223	0.506195	0.003783689916272969	805.5008893707427	0.0037765497666555326	808.5486549634036
17.96	0.09579524790682423	16.0252	0.512512	0.003831809916272969	815.8303693106582	0.003824487232782324	818.9564762097795
18.17	0.09696554790682423	16.2305	0.518661	0.003878621916272969	826.2820313691334	0.0038711194555034576	829.4868669650243
18.36	0.09826434790682423	16.4307	0.524261	0.0039305739162729695	836.474056425669	0.003922869392817614	839.7618795334947
18.57	0.09940164790682424	16.6254	0.530594	0.00397606591627297	846.386080793838	0.003968182256578553	849.7513676416902
18.77	0.10060444790682423	16.8199	0.536461	0.004024177916272969	856.2879233187941	0.004016102569494043	859.7337782697849
18.98	0.10204744790682423	17.0688	0.543861	0.004081897916272969	868.9592271977735	0.004073589572506852	872.5062300565983
19.18	0.10323844790682424	17.2555	0.549164	0.00412953791627297	878.4639778374099	0.004121034775894215	882.0916281419694
19.39	0.10438244790682423	17.4462	0.554939	0.0041752979162729695	888.1723653413127	0.004166605547015788	891.8807495676135
19.59	0.10547244790682424	17.6301	0.56057	0.00421889791627297	897.5345701759624	0.004210023318384816	901.3211769038606
19.8	0.10680244790682424	17.8612	0.567375	0.00427209791627297	909.2996900089563	0.004262998412744514	913.1843073199112
20	0.10804544790682423	18.0456	0.573227	0.004321817916272969	918.6873494516393	0.0043125056821017235	922.6577488979527
20.21	0.10936844790682423	18.2503	0.579582	0.004374737916272969	929.1084659804746	0.00436519656750072	933.1730720149297
20.41	0.11029444790682423	18.4186	0.584953	0.004411777916272969	937.6764870444855	0.004402074553002996	941.8133074626367
20.61	0.11189644790682424	18.6241	0.591484	0.00447585791627297	948.1383309461739	0.0044658710529950916	952.3820634004611
20.82	0.11306944790682423	18.8521	0.598732	0.004522777916272969	959.7456322093612	0.0045125808905943955	964.0863485599571
21.03	0.11405844790682423	19.0244	0.604263	0.0045623379162729695	968.5172901376385	0.004551961999630952	972.9359932929993
21.24	0.11520944790682423	19.2136	0.610344	0.004608377916272969	978.1493138174412	0.004597791853356399	982.656995514055
21.44	0.11673144790682423	19.433	0.616852	0.004669257916272969	989.3187958224557	0.004658390746145604	993.9381804415674
21.64	0.11762544790682423	19.5838	0.62233	0.0047050179162729695	996.9959056053007	0.004693983916052975	1001.6867892036242
21.84	0.11899944790682424	19.7848	0.628746	0.004759977916272969	1007.2286580346896	0.004748685043097085	1012.023044203572
22.06	0.12032444790682423	19.9831	0.635025	0.004812977916272969	1017.3239555806986	0.004801432568244974	1022.2203133126038
22.25	0.12155244790682423	20.1445	0.64045	0.004862097916272969	1025.5407030538497	0.004850316092353524	1030.526982369221
22.46	0.12340044790682424	20.3821	0.648491	0.00493601791627297	1037.6367327912767	0.004923875719513051	1042.7585262949174
22.65	0.12467844790682424	20.5331	0.653709	0.00498713791627297	1045.3240244173348	0.004974743335882005	1050.5371994942975
22.86	0.12634144790682422	20.6983	0.659866	0.0050536579162729686	1053.7342269115388	0.005040931047258083	1059.0594392290182
23.07	0.1283494479068242	20.8311	0.665878	0.005133977916272969	1060.494970805185	0.00512084398534497	1065.9395285656171
23.28	0.13107944790682421	20.9598	0.672226	0.005243177916272969	1067.046986912958	0.005229480317379101	1072.6417041103655
23.49	0.13410544790682422	21.0502	0.677956	0.005364217916272968	1071.6491800453796	0.005349881744726003	1077.3977397769381
23.7	0.13880144790682422	21.1096	0.685562	0.005552057916272969	1074.673187479736	0.00553670205425729	1080.6398352576891
23.91	0.1430944479068242	21.1272	0.691093	0.005723777916272968	1075.5691896825083	0.0057074593391188725	1081.7255088578365
24.11	0.14823844790682422	21.1368	0.697334	0.005929537916272969	1076.057918156748	0.005912027391773068	1082.438444382564
24.32	0.15359244790682422	21.1706	0.704216	0.006143697916272969	1077.7786496597994	0.00612490234780835	1084.4001961039178
24.53	0.15847744790682422	21.191	0.710869	0.006339097916272969	1078.8171976675583	0.006319090343868359	1085.6559255173322
24.73	0.16278944790682423	21.2128	0.715912	0.006511577916272969	1079.9270185778105	0.006490469177373577	1086.9590475031682
24.94	0.1679044479068242	21.253	0.722847	0.006716177916272968	1081.9735690636883	0.006693724869742844	1089.240296054225
25.14	0.1723194479068242	21.2773	0.728325	0.006892777916272968	1083.2106630141068	0.0068691313208726346	1090.6769935508019
25.34	0.1766424479068242	21.3077	0.734642	0.007065697916272968	1084.7583031825318	0.007040852835988026	1092.4228776649884
25.55	0.1808314479068242	21.3521	0.741119	0.007233257916272968	1087.0186723758893	0.0072072233738880625	1094.8813587929887
25.76	0.18561744790682422	21.3855	0.747299	0.007424697916272969	1088.7190401925143	0.007397270523104427	1096.8024501816383
25.97	0.1902684479068242	21.4245	0.754158	0.007610737916272968	1090.704499619112	0.007581922363186573	1099.0055657098128
26.17	0.19464544790682423	21.4701	0.75985	0.007785817916272969	1093.0259598717494	0.007755664845710655	1101.53606097307
26.38	0.19938044790682422	21.5142	0.767075	0.007975217916272969	1095.271056300287	0.007943583946428015	1104.0060816516682
26.59	0.2035944479068242	21.5238	0.77211	0.008143777916272969	1095.7597847745267	0.008110796299212016	1104.6834091113135
26.79	0.20840844790682422	21.5672	0.778938	0.008336337916272968	1097.9692447518175	0.008301782561931209	1107.1222873977435
26.99	0.21265644790682423	21.576	0.784149	0.008506257916272969	1098.4172458532037	0.008470283565185697	1107.7606662461133
27.19	0.2169454479068242	21.6118	0.789993	0.008677817916272968	1100.2397957883882	0.00864038207277273	1109.787476400477
27.4	0.2220164479068242	21.6347	0.796524	0.008880657916272967	1101.4056168363136	0.00884145679066883	1111.1868233464986
27.6	0.22660944790682422	21.6719	0.802925	0.00906437791627297	1103.2994396739916	0.00902354301922827	1113.300162750009
27.8	0.2311204479068242	21.6976	0.808434	0.009244817916272968	1104.6078065269037	0.009202346148950285	1114.8197045671386
28.01	0.23602844790682423	21.7244	0.815254	0.00944113791627297	1105.9721735174885	0.009396848914525696	1116.413809339227
28.22	0.24113544790682423	21.7327	0.821739	0.009645417916272969	1106.3947200108416	0.009599197843160859	1117.0663594657042
28.43	0.2456434479068242	21.7881	0.827774	0.009825737916272968	1109.2150905809317	0.009777779250435065	1120.1139473537548
28.64	0.25041344790682424	21.7991	0.834099	0.01001653791627297	1109.7750919576645	0.009966704893640358	1120.8911962447937
28.86	0.2552874479068242	21.8319	0.840836	0.010211497916272969	1111.4449142446495	0.010159712808734523	1122.794431670511
29.06	0.26017744790682423	21.8405	0.84726	0.01040709791627297	1111.8827335028222	0.010353316887222403	1123.4542059817993
29.27	0.26497744790682426	21.8719	0.853104	0.01059909791627297	1113.481282887314	0.010543321253338166	1125.2831800325737
29.47	0.26958244790682423	21.8773	0.858772	0.01078329791627297	1113.7561926540736	0.010725572766846644	1125.7661574855565
29.67	0.2744624479068242	21.9104	0.865379	0.01097849791627297	1115.4412877058783	0.010918671677914176	1127.6871575586822
29.89	0.27948044790682425	21.9082	0.871185	0.01117921791627297	1115.3292874305318	0.011117192296842862	1127.7977965831194
30.1	0.2848344479068243	21.9287	0.878021	0.01139337791627297	1116.3729263598975	0.011328962199432746	1129.0921850054115
30.3	0.28969044790682424	21.9632	0.884285	0.01158761791627297	1118.1292943141955	0.011520995640179032	1131.0857493577005
30.51	0.2943884479068242	21.9786	0.890182	0.01177553791627297	1118.9132962416213	0.01170674578591883	1132.0891021865364
30.72	0.30009944790682425	22.0071	0.896858	0.01200397791627297	1120.3642088995198	0.011932501604853827	1133.8130361213323
30.93	0.3051854479068242	22.023	0.90313	0.012207417916272969	1121.1736654349788	0.012133508279456848	1134.8603009256633
31.13	0.3100904479068242	22.0284	0.908997	0.01240361791627297	1121.4485752017385	0.012327323286035112	1135.3585948412897
31.33	0.31513444790682427	22.0305	0.915268	0.01260537791627297	1121.5554845554784	0.012526591537270324	1135.693115292369
31.54	0.32026944790682427	22.0489	0.920967	0.012810777916272971	1122.4922141311042	0.012729414053633358	1136.8722125990832
31.75	0.32544244790682425	22.0725	0.927345	0.01301769791627297	1123.6936716302762	0.012933695909859764	1138.3215763979867
31.96	0.33026044790682424	22.0738	0.933586	0.01321041791627297	1123.7598536111627	0.013123921283868821	1138.6051909148957
32.15	0.3346304479068242	22.0858	0.938797	0.013385217916272969	1124.370764203962	0.013296427330307444	1139.4207119015184
32.36	0.33999144790682423	22.1076	0.945442	0.013599657916272968	1125.4805851142141	0.01350801253092406	1140.7867360631742
32.56	0.34485944790682427	22.1014	0.951225	0.01379437791627297	1125.1649479746013	0.013700101485668238	1140.6858984851067
32.76	0.3498324479068243	22.1263	0.957184	0.01399329791627297	1126.4325874546598	0.013896295597121529	1142.195094233511
32.96	0.35477044790682427	22.1516	0.963341	0.01419081791627297	1127.720590621145	0.014091070814107728	1143.7238681830815
33.17	0.36015144790682424	22.1521	0.969765	0.014406057916272969	1127.7460452291784	0.014303276603608734	1143.9924200715977
33.38	0.3651064479068242	22.166	0.975731	0.01460425791627297	1128.4536833325042	0.014498642786899054	1144.9339119704605
33.57	0.36986244790682427	22.1833	0.982101	0.014794497916272971	1129.3344127704565	0.014686126887803819	1146.0423483869645
33.78	0.37497144790682424	22.1795	0.987854	0.01499885791627297	1129.1409577494035	0.014887487287475226	1146.0767825421312
34	0.38029944790682424	22.2012	0.99427	0.015211977916272969	1130.245687738049	0.015097435926327202	1147.4389601798828
34.2	0.38557044790682427	22.2223	1.00075	0.01542281791627297	1131.3198721970543	0.01530509512845494	1148.7680125910108
34.41	0.39083444790682426	22.2238	1.00641	0.01563337791627297	1131.3962360211542	0.0155124355271956	1149.0837809519217
34.62	0.39599744790682423	22.2328	1.01282	0.01583989791627297	1131.854418965754	0.01571575594806297	1149.782877418254
34.82	0.40073544790682425	22.2419	1.01865	0.01602941791627297	1132.3176928319601	0.01590230337911357	1150.4680863443537
35.02	0.40596144790682426	22.2684	1.02499	0.016238457916272972	1133.6667870577253	0.0161080242914234	1152.0757874704384
35.23	0.4113694479068242	22.2617	1.03156	0.016454777916272968	1133.325695310079	0.016320865065430384	1151.974317933212
35.44	0.41652844790682425	22.2859	1.03715	0.01666113791627297	1134.557698338891	0.016523863821282535	1153.4607206248843
35.65	0.42176544790682424	22.2813	1.04325	0.016870617916272968	1134.3235159449846	0.01672988961865722	1153.4602545759358
35.8501	0.42661644790682424	22.291	1.04919	0.01706465791627297	1134.8173353408306	0.016920692150964214	1154.1826049658782
36.0601	0.43183544790682427	22.3148	1.05516	0.01727341791627297	1136.0289746832161	0.017125928442033856	1155.6520779279144
36.2701	0.43703944790682425	22.3215	1.06184	0.01748157791627297	1136.3700664308624	0.01733053292871891	1156.2356082888937
36.4701	0.44215544790682426	22.3378	1.06818	0.01768621791627297	1137.199886652748	0.01753163674051144	1157.3126516624495
36.6801	0.4470284479068242	22.3394	1.07349	0.01788113791627297	1137.2813413984547	0.017723150914716726	1157.6172259136044
36.8801	0.45207944790682425	22.354	1.07976	0.01808317791627297	1138.024615953027	0.017921621977389165	1158.6037175564038
37.0901	0.4571344479068242	22.3631	1.08615	0.01828537791627297	1138.4878898192333	0.018120210784003304	1159.3055711376783
37.3001	0.46219444790682424	22.3793	1.09201	0.01848777791627297	1139.3126191195124	0.018318956530515584	1160.3759777990012
37.5101	0.46696744790682426	22.3759	1.0974	0.018678697916272972	1139.139527784886	0.018506393348099212	1160.4171709088657
37.7101	0.47279544790682426	22.4107	1.1058	0.01891181791627297	1140.9111685040039	0.0187352126316656	1162.487872781394
37.9101	0.4772204479068242	22.3853	1.11065	0.019088817916272968	1139.6180744159121	0.018908912283503634	1161.372036332531
38.1201	0.48254244790682427	22.4193	1.11662	0.01930169791627297	1141.3489877621769	0.01911778295781314	1163.3789611410064
38.3301	0.48802744790682423	22.4328	1.12325	0.01952109791627297	1142.0362621790762	0.01933300519418929	1164.3300638770083
38.5301	0.4931024479068242	22.4409	1.12897	0.01972409791627297	1142.4486268292155	0.019532098467607662	1164.9823954091066
38.7401	0.4979844479068242	22.4472	1.13515	0.01991937791627297	1142.7693548904351	0.019723582913698905	1165.532609541633
38.9501	0.5033094479068242	22.4524	1.14104	0.020132377916272967	1143.0340828139817	0.01993240114604525	1166.0460769403733
39.1501	0.5088194479068242	22.4622	1.14754	0.02035277791627297	1143.5329931314345	0.020148428202382353	1166.8070661805693
39.3601	0.5139174479068243	22.4819	1.15401	0.02055669791627297	1144.5359046879466	0.020348260682062077	1168.063783534945
39.5601	0.5186204479068243	22.4638	1.15868	0.02074481791627297	1143.614447877141	0.020532574463317316	1167.3385213647714
39.7701	0.5238214479068243	22.4814	1.16506	0.020952857916272973	1144.5104500799134	0.020736365654523074	1168.4912149241275
39.9701	0.5286994479068242	22.4957	1.17134	0.02114797791627297	1145.238451869666	0.020927462976623838	1169.4579293586723
40.1801	0.5338984479068243	22.5114	1.17743	0.021355937916272973	1146.0377265619115	0.021131095389865847	1170.5124371000743
40.3801	0.5390474479068242	22.5351	1.1843	0.02156189791627297	1147.2442749826903	0.021332728560897445	1171.9810389248958
40.5801	0.5435094479068242	22.5232	1.1894	0.02174037791627297	1146.6384553114979	0.021507426159549297	1171.5668086633013
40.7901	0.5490134479068243	22.5466	1.19633	0.02196053791627297	1147.8297309674565	0.021722878429640376	1173.036689295793
40.9901	0.5534374479068243	22.5446	1.20235	0.02213749791627297	1147.7279125353232	0.02189602081062202	1173.135736807522
41.1901	0.5585694479068243	22.5505	1.2077	0.022342777916272972	1148.0282769101163	0.022096834683092703	1173.6784177427207
41.4001	0.5634184479068243	22.554	1.21387	0.022536737916272972	1148.2064591663493	0.022286537791837993	1174.083287210353
41.6101	0.5688324479068243	22.5699	1.2199	0.022753297916272973	1149.0159157018086	0.022498302379759902	1175.159817142311
41.8201	0.5738794479068242	22.5814	1.22622	0.022955177916272967	1149.6013716865743	0.022695671656018157	1175.990675706431
42.0101	0.5787524479068242	22.5842	1.23168	0.02315009791627297	1149.743917491561	0.022886199487495765	1176.3606017601298
42.2201	0.5839224479068242	22.6063	1.23862	0.02335689791627297	1150.869011166633	0.023088299945618004	1177.7497411754541
42.4201	0.5888974479068243	22.6052	1.24387	0.023555897916272973	1150.8130110289599	0.023282739103975856	1177.9214448374767
42.6301	0.5944064479068243	22.6143	1.25067	0.023776257916272973	1151.276284895166	0.0234980046144826	1178.649326777722
42.8301	0.5994494479068242	22.6161	1.25598	0.023977977916272968	1151.3679214840859	0.023695020444920313	1178.9753960789365
43.0401	0.6045224479068243	22.6436	1.26194	0.02418089791627297	1152.7679249259177	0.02389316913646793	1180.642888439705
43.2501	0.6096114479068242	22.6369	1.26846	0.02438445791627297	1152.4268331782716	0.024091903338518444	1180.5281367934908
43.4501	0.6145514479068243	22.6488	1.27398	0.02458205791627297	1153.0326528494643	0.024284781064031133	1181.3765683011636
43.6601	0.6197454479068243	22.6583	1.27993	0.024789817916272973	1153.516290402097	0.024487535872137624	1182.1117492046194
43.8601	0.6246644479068243	22.6567	1.2862	0.02498657791627297	1153.4348356563903	0.024679517788803753	1182.2552250488623
44.0601	0.6294164479068243	22.6663	1.29193	0.025176657916272972	1153.9235641306298	0.024864946926564407	1182.975502966273
44.2701	0.6349224479068243	22.6791	1.29887	0.025396897916272972	1154.5752020962823	0.02507975512032114	1183.8978306405818
44.4901	0.6397894479068242	22.6987	1.30527	0.025591577916272968	1155.5730227311878	0.025269595290442783	1185.1459597803562
44.7001	0.6451184479068243	22.7007	1.31119	0.025804737916272972	1155.6748411633214	0.02547741471482408	1185.4967275559711
44.8801	0.6492094479068242	22.695	1.3168	0.025968377916272968	1155.3846586317416	0.025636925529235532	1185.3881240857547
45.0901	0.6549834479068243	22.7209	1.3234	0.02619933791627297	1156.703207327867	0.02586201434550857	1187.0080655254865
45.2901	0.6598664479068242	22.7113	1.32942	0.02639465791627297	1156.2144788536275	0.02605232962557477	1186.732364500811
45.5001	0.6645724479068242	22.7307	1.33555	0.02658289791627297	1157.2021176453195	0.026235712049793376	1187.96390340718
45.7001	0.6697354479068243	22.7341	1.34135	0.02678941791627297	1157.3752089799461	0.026436864075759497	1188.3806171392437
45.9001	0.6745454479068242	22.7462	1.34715	0.02698181791627297	1157.9912104943521	0.026624226715966166	1189.2359184845554
46.1101	0.6800184479068242	22.7526	1.35391	0.027200737916272966	1158.3170294771785	0.026837372329735508	1189.824107419943
46.3001	0.6844554479068242	22.7587	1.35925	0.02737821791627297	1158.6275756951848	0.027010137654657856	1190.3487339463704
46.5101	0.6904554479068242	22.7815	1.36631	0.027618217916272968	1159.7883058215034	0.02724371470316884	1191.8195919884267
46.7201	0.6952264479068242	22.7695	1.37171	0.02780905791627297	1159.1773952287042	0.02742940845433403	1191.4130265478536
46.9301	0.7006204479068242	22.7938	1.37837	0.028024817916272968	1160.4144891791227	0.027639308683461164	1192.9348939457725
47.1401	0.7055894479068242	22.7893	1.3847	0.028223577916272967	1160.1853977068229	0.027832631631235207	1192.9299806763236
47.3501	0.7110544479068243	22.8032	1.39075	0.02844217791627297	1160.8930358101488	0.02804520871159279	1193.9113620764233
47.5501	0.7160694479068243	22.8105	1.39713	0.02864277791627297	1161.264673087435	0.028240241979486956	1194.5265192206919
47.7601	0.7209724479068242	22.8177	1.40275	0.02883889791627297	1161.6312194431146	0.02843088280307013	1195.1313835969902
47.9701	0.7262874479068242	22.815	1.4095	0.02905149791627297	1161.493764559735	0.02863750216548797	1195.2368982406063
48.1801	0.7311724479068242	22.8234	1.41556	0.029246897916272968	1161.9214019746944	0.028827367736954754	1195.903998604981
48.3801	0.7360034479068243	22.8358	1.42101	0.02944013791627297	1162.5526762539205	0.029015099040648872	1196.7783873777682
48.5901	0.7417184479068243	22.8462	1.42818	0.02966873791627297	1163.0821321010133	0.029237136839254132	1197.5893110534182
48.7801	0.7456014479068243	22.8417	1.43341	0.02982405791627297	1162.8530406287134	0.029387970093547346	1197.5340370605384
48.9901	0.7512604479068242	22.8673	1.44006	0.03005041791627297	1164.1563165600187	0.029607750476834796	1199.1397003925163
49.2001	0.7563284479068243	22.871	1.44592	0.030253137916272974	1164.3446806594652	0.029804537013537302	1199.5697608655348
49.4101	0.7615634479068243	22.8807	1.45272	0.030462537916272972	1164.8385000553112	0.030007767379741285	1200.3224370295807
49.6201	0.7665774479068242	22.8791	1.45904	0.03066309791627297	1164.7570453096048	0.030202379486006112	1200.472104638602
49.8101	0.7714174479068242	22.8911	1.46494	0.03085669791627297	1165.3679559024042	0.030390202082675354	1201.3273628789893
50.0301	0.7769474479068242	22.892	1.47196	0.03107789791627297	1165.4137741968639	0.030604757870521936	1201.6323845015722
50.2401	0.7821104479068243	22.9003	1.47767	0.03128441791627297	1165.836320690217	0.03080503305893569	1202.3088313686599
50.4401	0.7872524479068242	22.9119	1.48404	0.03149009791627297	1166.4268675965893	0.031004453789706638	1203.1577638693773
50.6501	0.7927794479068242	22.9186	1.48998	0.03171117791627297	1166.767959344236	0.031218761529272103	1203.7675456900076
50.8601	0.7973764479068243	22.9206	1.49552	0.03189505791627297	1166.869777776369	0.03139697382316208	1204.0871569192946
51.0701	0.8028514479068243	22.9332	1.50226	0.03211405791627297	1167.5112338988083	0.03160918218904759	1205.0047572821338
51.2701	0.8080144479068242	22.931	1.50881	0.03232057791627297	1167.399233623462	0.031809256337295665	1205.1302515131863
51.4801	0.8131624479068242	22.9394	1.51503	0.03252649791627297	1167.8268710384211	0.032008709365166595	1205.8121893258199
51.6901	0.8184844479068243	22.9408	1.52116	0.032739377916272974	1167.8981439409145	0.03221486199979355	1206.13440264311
51.8901	0.8233294479068243	22.9508	1.5274	0.03293317791627297	1168.4072361015806	0.03240250064563925	1206.8865994867747
52.0901	0.8285994479068243	22.9598	1.53336	0.03314397791627297	1168.8654190461803	0.03260655885337506	1207.606268682142
52.3001	0.8331244479068243	22.9509	1.53851	0.03332497791627297	1168.4123270231873	0.03278173690282214	1207.3496420183362
52.5001	0.8381214479068242	22.978	1.54533	0.033524857916272965	1169.7919667785925	0.032975152019061246	1209.0090762564423
52.7101	0.8436054479068242	22.9807	1.5519	0.03374421791627297	1169.9294216619721	0.03318737403059108	1209.407775013193
52.9201	0.8482594479068243	22.9783	1.55771	0.03393037791627297	1169.8072395434124	0.033367441049722765	1209.4992412703125
53.1201	0.8530874479068242	22.9754	1.56331	0.03412349791627297	1169.6596028168194	0.033554206010556926	1209.5724798362878
53.3301	0.8588424479068243	22.9889	1.57009	0.03435369791627297	1170.3468772337187	0.033776785211733745	1210.5526203114593
53.5401	0.8639414479068243	23.0018	1.57616	0.03455765791627297	1171.0036061209778	0.03397395170713302	1211.4707481600285
53.7501	0.8696284479068243	23.0078	1.58286	0.03478513791627297	1171.3090614173775	0.03419380895009381	1212.0532086613612
53.9501	0.8744184479068242	23.0139	1.58822	0.03497673791627297	1171.6196076353838	0.03437895102154122	1212.5990395892131
54.1501	0.8795274479068242	23.0276	1.59432	0.03518109791627297	1172.3170638954964	0.03457638524334467	1213.5604653093214
54.3601	0.8845834479068242	23.0311	1.60068	0.03538333791627297	1172.4952461517296	0.03477173294384908	1213.9820416515397
54.5701	0.8895134479068243	23.0208	1.60646	0.03558053791627297	1171.9708812262436	0.03496217566754638	1213.6702356024819
54.7601	0.8946954479068242	23.0343	1.61266	0.03578781791627297	1172.658155643143	0.03516231389994541	1214.625032195332
54.9701	0.9000074479068243	23.0286	1.61874	0.036000297916272975	1172.3679731115633	0.03536743140122006	1214.5735694110767
55.1601	0.9048094479068243	23.0594	1.62449	0.03619237791627297	1173.9359769664147	0.035552819567861355	1216.4235114942924
55.3701	0.9102074479068243	23.0468	1.63107	0.03640829791627297	1173.2945208439753	0.03576117615415306	1216.0121773023934
55.5701	0.9153184479068243	23.0507	1.6374	0.036612737916272974	1173.4930667866352	0.0359584148672477	1216.4578608874579
55.7801	0.9203784479068242	23.0598	1.64242	0.03681513791627297	1173.9563406528414	0.0361536471229744	1217.1757052416588
55.9701	0.9250904479068243	23.0453	1.64837	0.03700361791627297	1173.2181570198754	0.036335418070882856	1216.631473434673
56.1801	0.9301634479068243	23.0644	1.65511	0.03720653791627297	1174.1905230467476	0.03653107809123013	1217.8780872634147
56.3801	0.9352454479068243	23.0738	1.66146	0.03740981791627297	1174.669069677774	0.0367270468543984	1218.6132256862973
56.5801	0.9400274479068242	23.0699	1.66683	0.03760109791627297	1174.4705237351143	0.03691141215010092	1218.6319048978546
56.8001	0.9456274479068243	23.064	1.67307	0.03782509791627297	1174.1701593603211	0.03712727142885492	1218.583260608491
57.0101	0.9507924479068243	23.0849	1.68018	0.03803169791627297	1175.2341619761135	0.0373263217690296	1219.9303126052732
57.2201	0.9559734479068243	23.091	1.68567	0.03823893791627297	1175.5447081941195	0.037525948924672606	1220.4962893085576
57.4201	0.9607594479068242	23.074	1.69148	0.03843037791627297	1174.6792515209872	0.03771032108164801	1219.8226190873434
57.6101	0.9662574479068242	23.0907	1.69811	0.03865029791627297	1175.5294354292994	0.037922079828798076	1220.96399831799
57.8201	0.9713214479068243	23.1036	1.70467	0.03885285791627297	1176.186164316559	0.03811708314330391	1221.8843582418363
58.0201	0.9760254479068242	23.1028	1.70992	0.03904101791627297	1176.1454369437056	0.03829818960182206	1222.0633520195674
58.2301	0.9820064479068242	23.122	1.71756	0.039280257916272966	1177.1228938921845	0.038528413873534666	1223.3605847634192
58.4301	0.9875354479068242	23.1303	1.72388	0.03950141791627297	1177.5454403855374	0.03874119235181886	1224.060154941608
58.6301	0.9923284479068243	23.1147	1.72937	0.03969313791627297	1176.7512566148982	0.038925609918713376	1223.460206536861
58.8301	0.9975964479068242	23.1403	1.73558	0.03990385791627297	1178.0545325462035	0.039128264568766565	1225.0634532305485
59.0401	1.0029444479068241	23.1345	1.74185	0.04011777791627297	1177.7592590930171	0.03933395473762731	1225.0083434881449
59.2401	1.007544447906824	23.1268	1.74722	0.040301777916272964	1177.3672581293042	0.03951084213513699	1224.8172518923225
59.4401	1.0128144479068242	23.1441	1.75348	0.04051257791627297	1178.2479875672568	0.0397134551170499	1225.981850968267
59.6501	1.0179344479068242	23.1496	1.75967	0.040717377916272966	1178.5279882556229	0.039910261817902165	1226.514557738332
59.8401	1.0229844479068242	23.1518	1.76572	0.04091937791627297	1178.6399885309697	0.040104339867367694	1226.8692036489
60.0601	1.028484447906824	23.1609	1.77219	0.04113937791627296	1179.1032623971757	0.04031566915882268	1227.6108371112434
60.2701	1.0340044479068242	23.1464	1.77838	0.04136017791627297	1178.36507876421	0.040527722025973496	1227.1024680722207
60.4801	1.0388744479068241	23.1515	1.78471	0.04155497791627297	1178.6247157661496	0.040714767571273326	1227.6024398013853
60.6901	1.0444744479068242	23.1479	1.79104	0.04177897791627297	1178.4414425883099	0.04092980750784814	1227.6755215938276
60.8901	1.049474447906824	23.1568	1.79697	0.04197897791627296	1178.8945346113026	0.04112176838320251	1228.3833222453652
61.1001	1.054694447906824	23.1622	1.80341	0.04218777791627296	1179.1694443780623	0.04132213622815949	1228.915983023139
61.3001	1.059644447906824	23.1674	1.80914	0.04238577791627297	1179.4341723016087	0.04151210314013685	1229.425407195648
61.5001	1.0650044479068241	23.1958	1.81549	0.04260017791627296	1180.8799940379004	0.04171776399857657	1231.1856918816823
61.7001	1.0700344479068242	23.1747	1.82124	0.04280137791627297	1179.805809578895	0.04191072443831689	1230.3031239024956
61.9001	1.075024447906824	23.1723	1.82669	0.04300097791627296	1179.683627460335	0.042102113617690576	1230.4111770729455
62.1201	1.0810044479068242	23.1864	1.83452	0.043240177916272965	1180.4014474068742	0.04233142555545907	1231.4422160053737
62.3301	1.086984447906824	23.2141	1.84111	0.04347937791627296	1181.8116326919194	0.042560684921317884	1233.196067295579
62.5401	1.092034447906824	23.1858	1.84666	0.04368137791627296	1180.3709018772342	0.04275424931262435	1231.9311293235057
62.7501	1.097604447906824	23.1955	1.85359	0.04390417791627296	1180.8647212730805	0.04296770164297164	1232.7096160909039
62.9601	1.1030744479068242	23.2094	1.85996	0.04412297791627297	1181.5723593764062	0.04317727746212681	1233.70685049565
63.1801	1.1087044479068242	23.2111	1.86681	0.04434817791627297	1181.6589050437196	0.0433929376116517	1234.0633244009466
63.3901	1.114404447906824	23.1988	1.87286	0.04457617791627296	1181.0327216861003	0.04361123177847388	1233.67864641292
63.5901	1.119464447906824	23.2038	1.87862	0.04477857791627296	1181.2872677664334	0.04380497580405705	1234.1836317276138
63.7901	1.1247044479068242	23.2178	1.88509	0.04498817791627297	1181.999996791366	0.04400557235400013	1235.1760229440501
64.0001	1.1296744479068241	23.2006	1.89101	0.04518697791627296	1181.1243582750203	0.044195795647052546	1234.4957985687658
64.2001	1.134784447906824	23.2131	1.89652	0.045391377916272964	1181.760723475853	0.04439133962183917	1235.4024710817534
64.4101	1.1403244479068242	23.213	1.90292	0.045612977916272966	1181.7556325542462	0.04460329518301402	1235.6590261243743
64.6201	1.1455444479068242	23.2259	1.90907	0.04582177791627297	1182.4123614415053	0.04480296672439147	1236.592598072934
64.8301	1.151124447906824	23.2196	1.91578	0.04604497791627296	1182.0916333802857	0.04501636463821621	1236.5210165342921
65.0301	1.156334447906824	23.2125	1.92124	0.04625337791627296	1181.730177946213	0.04521557141014548	1236.3891904618238
65.2401	1.161624447906824	23.2329	1.92844	0.046464977916272965	1182.7687259539719	0.04541779642540493	1237.7260486854814
65.4501	1.1673944479068241	23.2226	1.93513	0.04669577791627297	1182.2443610284856	0.045638324161071886	1237.4501811538378
65.6501	1.1725844479068241	23.225	1.94082	0.04690337791627296	1182.3665431470456	0.0458366429272044	1237.8235279558287
65.8601	1.177764447906824	23.2426	1.94659	0.04711057791627296	1183.2625453498179	0.046034540367285236	1239.006727687928
66.0701	1.1838744479068242	23.248	1.95406	0.04735497791627297	1183.5374551165776	0.04626791732631767	1239.583845166705
66.2801	1.1887644479068242	23.228	1.959	0.04755057791627297	1182.5192707952453	0.04645465605544453	1238.748745518689
66.4701	1.194574447906824	23.2484	1.96558	0.047782977916272965	1183.5578188030042	0.04667648231342249	1240.1117359215004
66.6801	1.1996344479068242	23.2471	1.9714	0.04798537791627297	1183.4916368221175	0.046869633431546584	1240.2819302757753
66.8901	1.2049644479068242	23.2463	1.97733	0.04819857791627297	1183.4509094492644	0.0470730506937979	1240.4915603184388
67.0901	1.210764447906824	23.245	1.98442	0.04843057791627296	1183.3847274683778	0.04729435831064707	1240.6967337169626
67.2901	1.2159344479068241	23.2479	1.9901	0.04863737791627296	1183.532364194971	0.04749158606389669	1241.0962750684619
67.4901	1.2214544479068241	23.2595	1.99609	0.04885817791627296	1184.1229111013436	0.04770212286355905	1241.976998966668
67.7001	1.226594447906824	23.2438	2.00199	0.04906377791627296	1183.3236364090978	0.047898126342226836	1241.3819645089504
67.8901	1.231924447906824	23.2582	2.00839	0.04927697791627297	1184.0567291204568	0.048101334520060636	1242.40346641294
68.1001	1.2368444479068241	23.2454	2.01302	0.049473777916272964	1183.4050911548045	0.0482888746555722	1241.9526118195843
68.3001	1.242054447906824	23.2465	2.01924	0.04968217791627296	1183.4610912924777	0.048487430651476766	1242.2580157870573
68.5101	1.2480944479068241	23.2747	2.02672	0.04992377791627296	1184.896731185556	0.048717569073779325	1244.0512524469814
68.7001	1.253064447906824	23.2698	2.03184	0.05012257791627296	1184.6472760268296	0.048906898228387626	1244.0248514227849
68.9201	1.2585844479068242	23.265	2.03801	0.05034337791627297	1184.40291178971	0.049117137294819604	1244.0297551830736
69.1301	1.2642144479068242	23.2601	2.04417	0.05056857791627297	1184.1534566309838	0.04933152038711184	1244.0344129674518
69.3301	1.269514447906824	23.2597	2.05023	0.05078057791627297	1184.1330929445567	0.049533295518227695	1244.2640557340649
69.5401	1.275104447906824	23.2795	2.05652	0.051004177916272965	1185.1410954226758	0.04974606706890437	1245.5882427095005
69.7401	1.280184447906824	23.2602	2.06226	0.051207377916272966	1184.1585475525903	0.04993938728928766	1244.7962018099006
69.9401	1.2858544479068241	23.2703	2.06848	0.051434177916272965	1184.672730634863	0.05015511592858002	1245.6053986348936
70.1401	1.291474447906824	23.2699	2.07456	0.05165897791627296	1184.6523669484363	0.05036889628370384	1245.850297411086
70.3401	1.2967444479068242	23.2664	2.07975	0.051869777916272966	1184.4741846922034	0.05056932140280051	1245.9125975997463
70.5401	1.3018644479068242	23.2606	2.08515	0.05207457791627297	1184.1789112390168	0.050764003358223155	1245.8445282191403
70.7501	1.3080044479068242	23.2712	2.09211	0.05232017791627297	1184.7185489293229	0.05099741964139373	1246.7032341900137
70.9601	1.3132744479068241	23.2674	2.09801	0.05253097791627297	1184.5250939082698	0.05119771884081285	1246.7493554576363
71.1501	1.3185344479068242	23.2636	2.10401	0.052741377916272966	1184.3316388872165	0.05139759796820216	1246.794921431966
71.3701	1.3245044479068242	23.2788	2.11112	0.05298017791627297	1185.1054589714292	0.05162440858365365	1247.8925570372821
71.5601	1.329604447906824	23.2814	2.11632	0.053184177916272966	1185.2378229332026	0.051818125659980466	1248.273722181178
71.7601	1.3348444479068242	23.2737	2.12218	0.05339377791627297	1184.8458219694894	0.05201712138203421	1248.1092166527521
71.9601	1.3399644479068242	23.2756	2.12786	0.05359857791627297	1184.9425494800162	0.052211521708241324	1248.453785044628
72.1801	1.345944447906824	23.2691	2.13436	0.053837777916272964	1184.6116395755832	0.05243852737829649	1248.3884979440854
72.3701	1.3510044479068242	23.2793	2.14042	0.05404017791627297	1185.1309135794625	0.0526305688577968	1249.1755990033716
72.5701	1.3568044479068242	23.2731	2.14649	0.054272177916272965	1184.8152764398494	0.05285065009983347	1249.117781920711
72.7801	1.3622544479068242	23.279	2.15253	0.05449017791627297	1185.1156408146426	0.053057406446914195	1249.6928029339904
72.9801	1.3677744479068241	23.2698	2.15844	0.05471097791627297	1184.6472760268296	0.053266774813886586	1249.4604869841062
73.1801	1.373794447906824	23.2761	2.16495	0.05495177791627296	1184.9680040880492	0.05349505774714693	1250.0841026865849
73.3801	1.3790444479068242	23.2667	2.17079	0.05516177791627297	1184.4894574570233	0.05369409916850825	1249.8280018534342
73.5901	1.3844244479068242	23.2687	2.17665	0.05537697791627297	1184.5912758891563	0.053898028141763116	1250.1903608138798
73.8601	1.3916344479068241	23.2761	2.18466	0.05566537791627296	1184.9680040880492	0.05417125809472684	1250.929695854302
74.0601	1.3977444479068242	23.2714	2.19095	0.05590977791627297	1184.7287307725364	0.05440274405478487	1250.9666510010568
74.2701	1.403114447906824	23.2736	2.19711	0.05612457791627296	1184.8407310478826	0.05460614983760025	1251.3394169759533
74.5001	1.4093744479068242	23.2711	2.20406	0.05637497791627297	1184.7134580077163	0.054843214977312545	1251.5016530400128
74.7001	1.4154444479068242	23.2667	2.21064	0.05661777791627297	1184.4894574570233	0.05507303119452228	1251.5526185034917
74.9001	1.421254447906824	23.2946	2.21677	0.05685017791627296	1185.9098245852815	nan	nan
75.1001	1.426434447906824	23.2712	2.22255	0.05705737791627296	1184.7185489293229	nan	nan
75.3101	1.431894447906824	23.2682	2.22786	0.05727577791627296	1184.5658212811231	nan	nan
75.5101	1.4377644479068241	23.2792	2.23409	0.05751057791627297	1185.125822657856	nan	nan
75.7201	1.4437344479068241	23.2637	2.24035	0.057749377916272965	1184.3367298088233	nan	nan
75.9401	1.448944447906824	23.2686	2.24663	0.05795777791627296	1184.5861849675496	nan	nan
76.1401	1.454974447906824	23.2518	2.25286	0.05819897791627296	1183.7309101376306	nan	nan
76.3301	1.460364447906824	23.2874	2.25877	0.05841457791627296	1185.543278229602	nan	nan
76.5401	1.4665144479068242	23.2753	2.26531	0.058660577916272966	1184.9272767151963	nan	nan
76.7501	1.4715744479068242	23.2629	2.26999	0.05886297791627297	1184.29600243597	nan	nan
76.9501	1.4771144479068241	23.256	2.27626	0.059084577916272966	1183.9447288451104	nan	nan
77.1501	1.4827744479068241	23.2729	2.2824	0.05931097791627296	1184.8050945966363	nan	nan
77.3501	1.4884144479068242	23.281	2.28808	0.05953657791627297	1185.2174592467757	nan	nan
77.5501	1.4941744479068242	23.2728	2.29449	0.059766977916272966	1184.8000036750295	nan	nan
77.7601	1.5006444479068242	23.2687	2.30122	0.06002577791627297	1184.5912758891563	nan	nan
77.9701	1.5062644479068241	23.2632	2.30689	0.06025057791627297	1184.31127520079	nan	nan
78.1701	1.512554447906824	23.2707	2.31369	0.060502177916272964	1184.6930943212897	nan	nan
78.3901	1.518934447906824	23.2577	2.31967	0.06075737791627296	1184.0312745124238	nan	nan
78.6001	1.5258044479068242	23.2712	2.32646	0.06103217791627297	1184.7185489293229	nan	nan
78.8101	1.5312144479068241	23.2466	2.33212	0.061248577916272966	1183.4661822140845	nan	nan
79.0201	1.537744447906824	23.247	2.33857	0.06150977791627296	1183.486545900511	nan	nan
79.2301	1.5436844479068241	23.2553	2.34499	0.061747377916272966	1183.9090923938638	nan	nan
79.4401	1.5500044479068242	23.2435	2.35103	0.06200017791627297	1183.3083636442777	nan	nan
79.6401	1.555734447906824	23.2539	2.35715	0.06222937791627296	1183.8378194913707	nan	nan
79.8501	1.5618644479068242	23.2445	2.36333	0.06247457791627297	1183.3592728603444	nan	nan
80.0601	1.568074447906824	23.2462	2.36935	0.06272297791627296	1183.4458185276576	nan	nan
80.2601	1.5737244479068242	23.2232	2.375	0.06294897791627296	1182.2749065581254	nan	nan
80.4701	1.5797144479068241	23.2345	2.38145	0.06318857791627297	1182.8501806996783	nan	nan
80.6801	1.5858944479068242	23.2162	2.3877	0.06343577791627297	1181.9185420456595	nan	nan
80.8901	1.5921544479068241	23.2438	2.39472	0.06368617791627297	1183.3236364090978	nan	nan
81.1001	1.5982644479068242	23.2175	2.40059	0.06393057791627296	1181.984724026546	nan	nan
81.3001	1.6048044479068242	23.2391	2.40724	0.06419217791627296	1183.084363093585	nan	nan
81.5001	1.610374447906824	23.2078	2.41214	0.06441497791627296	1181.4909046306998	nan	nan
81.7101	1.616644447906824	23.2139	2.41871	0.06466577791627297	1181.801450848706	nan	nan
81.9301	1.6231144479068242	23.1993	2.42516	0.06492457791627297	1181.0581762941335	nan	nan
82.1501	1.630244447906824	23.2083	2.43237	0.06520977791627297	1181.5163592387332	nan	nan
82.3501	1.6358544479068242	23.1926	2.43731	0.06543417791627297	1180.7170845464873	nan	nan
82.5601	1.642404447906824	23.1904	2.44426	0.06569617791627297	1180.6050842711409	nan	nan
82.7601	1.6485944479068242	23.1924	2.45037	0.06594377791627297	1180.706902703274	nan	nan
82.9601	1.654434447906824	23.1771	2.45605	0.06617737791627296	1179.9279916974547	nan	nan
83.1801	1.6612044479068242	23.174	2.46256	0.06644817791627297	1179.7701731276484	nan	nan
83.3901	1.667114447906824	23.1763	2.46903	0.06668457791627297	1179.8872643246018	nan	nan
83.5901	1.673084447906824	23.167	2.47514	0.06692337791627297	1179.413808615182	nan	nan
83.8001	1.6799044479068241	23.1659	2.48147	0.06719617791627297	1179.3578084775088	nan	nan
84.0101	1.6858044479068242	23.1609	2.48775	0.06743217791627297	1179.1032623971757	nan	nan
84.2101	1.6919844479068242	23.149	2.49347	0.06767937791627297	1178.497442725983	nan	nan
84.4201	1.6988844479068241	23.1483	2.50058	0.06795537791627297	1178.4618062747363	nan	nan
84.6201	1.7049544479068242	23.1354	2.50594	0.06819817791627297	1177.8050773874772	nan	nan
84.8301	1.7107944479068242	23.1094	2.51189	0.06843177791627297	1176.4814377697453	nan	nan
85.0401	1.7176644479068242	23.1235	2.51878	0.06870657791627297	1177.1992577162844	nan	nan
85.2501	1.7237644479068241	23.1142	2.52429	0.06895057791627296	1176.725802006865	nan	nan
85.4401	1.7295344479068242	23.1031	2.52976	0.06918137791627296	1176.1607097085257	nan	nan
85.6501	1.736434447906824	23.1075	2.53641	0.06945737791627296	1176.3847102592188	nan	nan
85.8601	1.7430644479068242	23.0769	2.54243	0.06972257791627297	1174.8268882475802	nan	nan
86.0801	1.749074447906824	23.067	2.54846	0.06996297791627297	1174.3228870085209	nan	nan
86.2801	1.7559244479068241	23.0444	2.55443	0.07023697791627297	1173.1723387254153	nan	nan
86.4801	1.762354447906824	23.055	2.56148	0.07049417791627297	1173.7119764157217	nan	nan
86.6801	1.768724447906824	23.0461	2.56782	0.07074897791627296	1173.2588843927288	nan	nan
86.8901	1.7750544479068242	23.0347	2.57394	0.07100217791627297	1172.6785193295693	nan	nan
87.1001	1.782184447906824	23.0268	2.58076	0.07128737791627296	1172.2763365226433	nan	nan
87.3001	1.7880344479068242	23.0088	2.58714	0.07152137791627297	1171.3599706334442	nan	nan
87.5001	1.7938544479068241	22.9897	2.59203	0.07175417791627296	1170.3876046065718	nan	nan
87.7101	1.800144447906824	22.9946	2.59823	0.07200577791627297	1170.6370597652983	nan	nan
87.9101	1.8062344479068242	22.978	2.60375	0.07224937791627296	1169.7919667785925	nan	nan
88.1201	1.8129444479068242	22.9607	2.6105	0.07251777791627297	1168.9112373406401	nan	nan
88.3301	1.819304447906824	22.9618	2.61684	0.07277217791627297	1168.9672374783133	nan	nan
88.5301	1.825904447906824	22.9566	2.62306	0.07303617791627297	1168.7025095547672	nan	nan
88.7301	1.832104447906824	22.9345	2.62919	0.07328417791627297	1167.5774158796949	nan	nan
88.9401	1.8388044479068242	22.9189	2.63522	0.07355217791627297	1166.783232109056	nan	nan
89.1401	1.844814447906824	22.9081	2.64098	0.07379257791627296	1166.2334125755365	nan	nan
89.3501	1.8515744479068241	22.9046	2.64726	0.07406297791627296	1166.0552303193033	nan	nan
89.5501	1.8576544479068242	22.8796	2.65328	0.07430617791627298	1164.782499917638	nan	nan
89.7601	1.865154447906824	22.8836	2.65992	0.07460617791627296	1164.9861367819046	nan	nan
89.9701	1.8713444479068242	22.8579	2.66579	0.07485377791627297	1163.6777699289926	nan	nan
90.1801	1.8780144479068241	22.8443	2.67281	0.07512057791627297	1162.9854045904865	nan	nan
90.3901	1.884544447906824	22.8436	2.67842	0.07538177791627296	1162.94976813924	nan	nan
90.5901	1.891214447906824	22.8064	2.68444	0.07564857791627295	1161.0559453015621	nan	nan
90.8001	1.8977844479068242	22.8056	2.69077	0.07591137791627296	1161.0152179287086	nan	nan
91.0101	1.9040844479068242	22.7854	2.69712	0.07616337791627296	1159.986851764163	nan	nan
91.2201	1.9105844479068241	22.781	2.70352	0.07642337791627296	1159.7628512134702	nan	nan
91.4201	1.9173044479068242	22.7616	2.70979	0.07669217791627297	1158.775212421778	nan	nan
91.6301	1.9238144479068242	22.7362	2.71552	0.07695257791627297	1157.482118333686	nan	nan
91.8301	1.9300044479068241	22.7206	2.72125	0.07720017791627297	1156.6879345630468	nan	nan
92.0401	1.936944447906824	22.7031	2.72825	0.07747777791627296	1155.7970232818811	nan	nan
92.2501	1.9432044479068242	22.6942	2.73397	0.07772817791627297	1155.3439312588882	nan	nan
92.4601	1.949484447906824	22.662	2.73985	0.07797937791627296	1153.7046545015435	nan	nan
92.6501	1.9558344479068241	22.6772	2.74635	0.07823337791627297	1154.478474585756	nan	nan
92.8601	1.9630344479068242	22.6496	2.75303	0.07852137791627296	1153.0733802223174	nan	nan
93.0601	1.969414447906824	22.6376	2.75858	0.07877657791627296	1152.462469629518	nan	nan
93.2601	1.975514447906824	22.6202	2.76468	0.07902057791627297	1151.576649269959	nan	nan
93.4701	1.9821344479068241	22.6138	2.77035	0.07928537791627296	1151.2508302871329	nan	nan
93.6601	1.9888244479068242	22.6005	2.77678	0.07955297791627297	1150.5737377134467	nan	nan
93.8701	1.995004447906824	22.5716	2.78248	0.07980017791627296	1149.1024613691216	nan	nan
94.0801	2.0017044479068242	22.5544	2.78921	0.08006817791627296	1148.2268228527762	nan	nan
94.2701	2.0075744479068245	22.5411	2.79443	0.08030297791627299	1147.54973027909	nan	nan
94.4801	2.014644447906824	22.5092	2.80054	0.08058577791627297	1145.9257262865651	nan	nan
94.6801	2.021014447906824	22.502	2.80712	0.08084057791627297	1145.5591799308856	nan	nan
94.8901	2.027254447906824	22.4865	2.81296	0.08109017791627297	1144.770087081853	nan	nan
95.0801	2.0337044479068243	22.4695	2.81872	0.08134817791627297	1143.9046304087208	nan	nan
95.3001	2.0408244479068243	22.4517	2.82573	0.08163297791627297	1142.998446362735	nan	nan
95.5101	2.0468544479068242	22.4246	2.83139	0.08187417791627297	1141.61880660733	nan	nan
95.7201	2.053214447906824	22.4099	2.83773	0.08212857791627297	1140.8704411311508	nan	nan
95.9201	2.0602944479068244	22.4018	2.84492	0.08241177791627298	1140.4580764810114	nan	nan
96.1101	2.065954447906824	22.3839	2.84945	0.08263817791627297	1139.5468015134188	nan	nan
96.3201	2.0727144479068245	22.3549	2.8561	0.08290857791627299	1138.0704342474871	nan	nan
96.5201	2.0793644479068245	22.3517	2.86274	0.08317457791627297	1137.907524756074	nan	nan
96.7201	2.0855744479068243	22.3304	2.8683	0.08342297791627297	1136.8231584538553	nan	nan
96.9301	2.0921344479068242	22.3036	2.87405	0.08368537791627297	1135.4587914632698	nan	nan
97.1301	2.098564447906824	22.3002	2.8802	0.08394257791627296	1135.2857001286434	nan	nan
97.3301	2.104874447906824	22.2611	2.88622	0.08419497791627296	1133.2951497804388	nan	nan
97.5301	2.111314447906824	22.2593	2.89184	0.08445257791627298	1133.203513191519	nan	nan
97.7501	2.1185444479068245	22.2495	2.89904	0.08474177791627298	1132.7046028740663	nan	nan
97.9501	2.1251044479068244	22.2282	2.90527	0.08500417791627297	1131.6202365718475	nan	nan
98.1701	2.1320644479068243	22.2124	2.91149	0.08528257791627297	1130.8158709579948	nan	nan
98.3801	2.1389444479068245	22.1757	2.91767	0.08555777791627298	1128.9475027283504	nan	nan
98.5901	2.1453544479068243	22.1648	2.92415	0.08581417791627297	1128.3925922732242	nan	nan
98.8001	2.1523644479068245	22.1578	2.93106	0.08609457791627298	1128.0362277607583	nan	nan
99.0001	2.1586644479068244	22.1158	2.93672	0.08634657791627298	1125.8980406859603	nan	nan
99.2001	2.1651744479068245	22.1176	2.94314	0.08660697791627298	1125.9896772748803	nan	nan
99.4201	2.1720244479068245	22.0889	2.94946	0.08688097791627297	1124.5285827737684	nan	nan
99.6201	2.1785244479068244	22.0557	2.95544	0.08714097791627298	1122.838396800357	nan	nan
99.8301	2.1849644479068244	22.0555	2.96173	0.08739857791627298	1122.8282149571437	nan	nan
100.04	2.1910144479068245	22.033	2.96748	0.08764057791627299	1121.682757595645	nan	nan
100.24	2.1980344479068243	22.0242	2.97459	0.08792137791627297	1121.2347564942588	nan	nan
100.44	2.2046744479068243	21.9955	2.98051	0.08818697791627297	1119.773661993147	nan	nan
100.65	2.2110544479068244	21.9773	2.98632	0.08844217791627297	1118.8471142607345	nan	nan
100.86	2.2181244479068245	21.9698	2.99251	0.08872497791627298	1118.465295140235	nan	nan
101.06	2.2244244479068245	21.9382	2.99841	0.08897697791627297	1116.85656391253	nan	nan
101.27	2.231024447906824	21.9212	3.00486	0.08924097791627297	1115.9911072393977	nan	nan
101.47	2.237124447906824	21.9176	3.01074	0.08948497791627297	1115.807834061558	nan	nan
101.67	2.243634447906824	21.8934	3.01675	0.08974537791627296	1114.575831032746	nan	nan
101.88	2.2506944479068243	21.8631	3.02289	0.09002777791627298	1113.0332817859276	nan	nan
102.07	2.2564944479068245	21.848	3.02844	0.09025977791627299	1112.2645526233218	nan	nan
102.29	2.2636144479068245	21.8286	3.03503	0.09054457791627298	1111.2769138316298	nan	nan
102.48	2.269934447906824	21.802	3.04087	0.09079737791627297	1109.9227286842577	nan	nan
102.68	2.2760844479068245	21.7854	3.0466	0.09104337791627298	1109.0776356975518	nan	nan
102.89	2.2824944479068243	21.777	3.05281	0.09129977791627297	1108.6499982825924	nan	nan
103.09	2.2889244479068243	21.7566	3.05874	0.09155697791627297	1107.6114502748335	nan	nan
103.3	2.2961144479068243	21.7433	3.06606	0.09184457791627297	1106.9343577011477	nan	nan
103.51	2.3026144479068242	21.712	3.07191	0.09210457791627297	1105.3408992382626	nan	nan
103.71	2.3087844479068242	21.6922	3.07758	0.09235137791627297	1104.332896760144	nan	nan
103.92	2.3160444479068243	21.6795	3.08464	0.09264177791627297	1103.6863497160978	nan	nan
104.12	2.3222344479068244	21.6539	3.09004	0.09288937791627298	1102.3830737847927	nan	nan
104.33	2.3287244479068243	21.6398	3.0963	0.09314897791627297	1101.6652538382534	nan	nan
104.54	2.3359144479068243	21.6326	3.10329	0.09343657791627297	1101.2987074825737	nan	nan
104.74	2.342534447906824	21.5912	3.10897	0.09370137791627296	1099.1910659374162	nan	nan
104.95	2.3488844479068245	21.5682	3.11443	0.09395537791627298	1098.020153967884	nan	nan
105.16	2.3563244479068244	21.5649	3.12148	0.09425297791627298	1097.8521535548643	nan	nan
105.37	2.3626544479068246	21.5414	3.12774	0.09450617791627298	1096.6557869772987	nan	nan
105.57	2.369104447906824	21.5211	3.13315	0.09476417791627297	1095.6223298911468	nan	nan
105.77	2.375544447906824	21.4976	3.13885	0.09502177791627296	1094.4259633135812	nan	nan
105.97	2.382054447906824	21.4878	3.14545	0.09528217791627297	1093.9270529961284	nan	nan
106.18	2.388764447906824	21.4557	3.1519	0.09555057791627297	1092.2928671603904	nan	nan
106.38	2.3950744479068242	21.4452	3.1581	0.09580297791627297	1091.7583203916909	nan	nan
106.59	2.4011844479068243	21.4194	3.16393	0.09604737791627298	1090.4448626171722	nan	nan
106.79	2.4078344479068243	21.412	3.17045	0.09631337791627298	1090.0681344182794	nan	nan
106.99	2.4142144479068244	21.3766	3.17627	0.09656857791627298	1088.2659481695212	nan	nan
107.21	2.421434447906824	21.3599	3.18275	0.09685737791627297	1087.415764261209	nan	nan
107.41	2.4279344479068246	21.3515	3.18903	0.09711737791627298	1086.9881268462493	nan	nan
107.62	2.4349844479068246	21.3226	3.19563	0.09739937791627298	1085.5168505019244	nan	nan
107.81	2.440624447906824	21.2976	3.20091	0.09762497791627296	1084.244120100259	nan	nan
108.02	2.4477644479068243	21.2808	3.20793	0.09791057791627297	1083.38884527034	nan	nan
108.23	2.4542144479068244	21.2654	3.21383	0.09816857791627298	1082.6048433429141	nan	nan
108.45	2.4611344479068245	21.2376	3.22057	0.09844537791627297	1081.1895671362624	nan	nan
108.66	2.468204447906824	21.2008	3.22626	0.09872817791627296	1079.316107985011	nan	nan
108.86	2.4747944479068242	21.2071	3.23274	0.09899177791627296	1079.6368360462309	nan	nan
109.07	2.4813044479068243	21.1884	3.23908	0.09925217791627297	1078.6848337057852	nan	nan
109.26	2.4877244479068246	21.1645	3.24536	0.09950897791627299	1077.4681034417931	nan	nan
109.47	2.4942044479068244	21.1331	3.25143	0.09976817791627297	1075.8695540573015	nan	nan
109.68	2.501284447906824	21.1227	3.2577	0.10005137791627297	1075.3400982102087	nan	nan
109.88	2.507724447906824	21.0917	3.26324	0.10030897791627297	1073.761912512144	nan	nan
110.09	2.513764447906824	21.0731	3.26911	0.10055057791627296	1072.8150010933048	nan	nan
110.3	2.5212744479068245	21.0584	3.27577	0.10085097791627298	1072.0666356171255	nan	nan
110.5	2.5274844479068244	21.0405	3.2823	0.10109937791627298	1071.1553606495333	nan	nan
110.71	2.5337944479068244	21.0147	3.28803	0.10135177791627298	1069.8419028750147	nan	nan
110.92	2.5408444479068244	20.9867	3.29501	0.10163377791627298	1068.4164448251497	nan	nan
111.13	2.5473044479068245	20.9635	3.30117	0.10189217791627297	1067.2353510124042	nan	nan
111.33	2.5536044479068245	20.9381	3.30682	0.10214417791627298	1065.9422569243122	nan	nan
111.53	2.5603044479068244	20.9297	3.31297	0.10241217791627298	1065.5146195093528	nan	nan
111.74	2.5675344479068243	20.9045	3.31953	0.10270137791627297	1064.2317072644742	nan	nan
111.95	2.5738744479068245	20.8871	3.32578	0.10295497791627298	1063.345886904915	nan	nan
112.16	2.5811944479068245	20.8589	3.33241	0.10324777791627299	1061.9102470118366	nan	nan
112.35	2.5866944479068246	20.8288	3.33766	0.10346777791627298	1060.3778796082318	nan	nan
112.56	2.593684447906824	20.8177	3.34354	0.10374737791627296	1059.8127873098922	nan	nan
112.76	2.6002144479068243	20.8174	3.35083	0.10400857791627298	1059.7975145450723	nan	nan
112.96	2.6067244479068243	20.7761	3.35664	0.10426897791627297	1057.6949639215213	nan	nan
113.16	2.6130944479068243	20.7582	3.3624	0.10452377791627297	1056.7836889539287	nan	nan
113.37	2.6199344479068243	20.7438	3.36909	0.10479737791627297	1056.0505962425698	nan	nan
113.58	2.6270244479068245	20.6957	3.37507	0.10508097791627298	1053.6018629497655	nan	nan
113.77	2.6334244479068243	20.6949	3.38118	0.10533697791627297	1053.5611355769126	nan	nan
113.99	2.6402344479068245	20.6543	3.38757	0.10560937791627298	1051.494221404608	nan	nan
114.2	2.6467844479068243	20.6509	3.39392	0.10587137791627298	1051.3211300699816	nan	nan
114.41	2.653674447906824	20.6211	3.40037	0.10614697791627296	1049.8040354311966	nan	nan
114.62	2.6601444479068244	20.5998	3.40636	0.10640577791627298	1048.7196691289778	nan	nan
114.83	2.6670044479068244	20.5678	3.41256	0.10668017791627298	1047.0905742148461	nan	nan
115.05	2.6740644479068245	20.5596	3.41956	0.10696257791627298	1046.6731186431	nan	nan
115.26	2.680654447906824	20.5301	3.42545	0.10722617791627297	1045.171296769135	nan	nan
115.46	2.687304447906824	20.511	3.43239	0.10749217791627297	1044.1989307422627	nan	nan
115.67	2.6941044479068244	20.4812	3.43778	0.10776417791627298	1042.6818361034777	nan	nan
115.86	2.699834447906824	20.4591	3.44344	0.10799337791627296	1041.5567424284054	nan	nan
116.07	2.7069244479068244	20.4554	3.45	0.10827697791627297	1041.3683783289591	nan	nan
116.28	2.7135444479068243	20.4134	3.45621	0.10854177791627297	1039.2301912541614	nan	nan
116.49	2.7209744479068245	20.3868	3.46266	0.10883897791627298	1037.8760061067894	nan	nan
116.7	2.727084447906824	20.3687	3.46817	0.10908337791627297	1036.954549295984	nan	nan
116.9	2.7336544479068245	20.3549	3.47442	0.10934617791627298	1036.2520021142648	nan	nan
117.11	2.7405344479068243	20.3188	3.48054	0.10962137791627297	1034.41417941426	nan	nan
117.32	2.747094447906824	20.3043	3.4872	0.10988377791627296	1033.6759957812942	nan	nan
117.53	2.7541844479068245	20.271	3.4933	0.11016737791627298	1031.980718886276	nan	nan
117.75	2.760784447906824	20.2566	3.49953	0.11043137791627297	1031.2476261749166	nan	nan
117.94	2.7671344479068245	20.236	3.5057	0.11068537791627298	1030.1988963239446	nan	nan
118.14	2.7734444479068245	20.2041	3.51125	0.11093777791627298	1028.5748923314197	nan	nan
118.35	2.7805444479068244	20.1927	3.5181	0.11122177791627298	1027.99452726826	nan	nan
118.56	2.7874544479068244	20.1654	3.52481	0.11149817791627298	1026.6047056696418	nan	nan
118.77	2.7943444479068242	20.1408	3.53107	0.11177377791627296	1025.3523389544032	nan	nan
118.97	2.8008244479068245	20.1088	3.53703	0.11203297791627298	1023.7232440402717	nan	nan
119.17	2.8072544479068244	20.0926	3.54317	0.11229017791627298	1022.8985147399926	nan	nan
119.37	2.813864447906824	20.072	3.54954	0.11255457791627296	1021.8497848890204	nan	nan
119.59	2.8208044479068244	20.0427	3.55537	0.11283217791627298	1020.3581448582687	nan	nan
119.8	2.827484447906824	20.012	3.56149	0.11309937791627296	1018.7952319250237	nan	nan
120.01	2.833924447906824	19.9944	3.56812	0.11335697791627297	1017.8992297222512	nan	nan
120.21	2.841454447906824	19.984	3.57513	0.11365817791627297	1017.3697738751586	nan	nan
120.4	2.8470644479068246	19.9446	3.5797	0.11388257791627299	1015.3639507621342	nan	nan
120.63	2.854324447906824	19.921	3.58689	0.11417297791627297	1014.162493262962	nan	nan
120.83	2.8613244479068243	19.8934	3.59331	0.11445297791627297	1012.7573988995237	nan	nan
121.04	2.8678344479068243	19.8714	3.59927	0.11471337791627297	1011.6373961460582	nan	nan
121.25	2.8744844479068243	19.8428	3.60532	0.11497937791627297	1010.181392566553	nan	nan
121.45	2.881504447906824	19.8228	3.61185	0.11526017791627297	1009.1632082452207	nan	nan
121.66	2.887614447906824	19.8007	3.61749	0.11550457791627297	1008.0381145701488	nan	nan
121.87	2.8949744479068245	19.7854	3.62433	0.11579897791627297	1007.2592035643295	nan	nan
122.07	2.9012044479068244	19.749	3.6302	0.11604817791627298	1005.4061080995049	nan	nan
122.28	2.9076944479068243	19.719	3.63614	0.11630777791627298	1003.8788316175065	nan	nan
122.48	2.9142144479068244	19.702	3.64198	0.11656857791627298	1003.0133749443742	nan	nan
122.69	2.9214744479068244	19.6873	3.64941	0.11685897791627298	1002.265009468195	nan	nan
122.89	2.9274244479068243	19.6629	3.65431	0.11709697791627298	1001.0228245961698	nan	nan
123.09	2.9348244479068244	19.632	3.66184	0.11739297791627297	999.4497298197114	nan	nan
123.3	2.9414844479068245	19.6099	3.66748	0.11765937791627298	998.3246361446394	nan	nan
123.52	2.948214447906824	19.572	3.67336	0.11792857791627297	996.3951768557147	nan	nan
123.72	2.9544744479068243	19.5465	3.67889	0.11817897791627298	995.0969918460162	nan	nan
123.91	2.961224447906824	19.5274	3.68578	0.11844897791627297	994.124625819144	nan	nan
124.12	2.9678644479068246	19.5091	3.69236	0.11871457791627299	993.1929871651248	nan	nan
124.33	2.9751344479068242	19.4804	3.69914	0.11900537791627297	991.731892664013	nan	nan
124.54	2.981364447906824	19.443	3.70425	0.11925457791627297	989.8278879831219	nan	nan
124.76	2.988684447906824	19.4192	3.71157	0.11954737791627297	988.6162486407366	nan	nan
124.95	2.9943344479068243	19.3957	3.71647	0.11977337791627297	987.4198820631713	nan	nan
125.15	3.0014744479068245	19.3621	3.72315	0.12005897791627299	985.7093324033332	nan	nan
125.36	3.0079744479068244	19.341	3.72926	0.12031897791627298	984.6351479443275	nan	nan
125.58	3.0152944479068244	19.336	3.73601	0.12061177791627298	984.3806018639945	nan	nan
125.77	3.021694447906824	19.2931	3.74168	0.12086777791627297	982.1965964947368	nan	nan
125.98	3.0287244479068245	19.263	3.74827	0.12114897791627298	980.6642290911319	nan	nan
126.18	3.0351544479068244	19.2344	3.75426	0.12140617791627298	979.2082255116269	nan	nan
126.39	3.0422444479068242	19.2087	3.75985	0.12168977791627297	977.899858658715	nan	nan
126.61	3.0492944479068242	19.1873	3.76712	0.12197177791627296	976.8104014348894	nan	nan
126.82	3.0559044479068245	19.1593	3.77285	0.12223617791627298	975.3849433850245	nan	nan
127.02	3.0625544479068245	19.1277	3.77902	0.12250217791627298	973.7762121573194	nan	nan
127.22	3.0689544479068243	19.1048	3.78469	0.12275817791627297	972.610391109394	nan	nan
127.43	3.0759544479068244	19.078	3.79114	0.12303817791627297	971.2460241188088	nan	nan
127.64	3.0822844479068245	19.0391	3.7974	0.12329137791627298	969.2656556138177	nan	nan
127.84	3.0889644479068243	19.0315	3.80377	0.12355857791627298	968.8787455717114	nan	nan
128.05	3.096264447906824	19.0019	3.8107	0.12385057791627296	967.3718327761395	nan	nan
128.25	3.1029344479068244	18.9653	3.81626	0.12411737791627298	965.5085554681017	nan	nan
128.46	3.1097644479068243	18.9443	3.82228	0.12439057791627298	964.4394619307028	nan	nan
128.67	3.1168844479068243	18.9134	3.82905	0.12467537791627298	962.8663671542445	nan	nan
128.87	3.1230844479068245	18.8738	3.83451	0.12492337791627298	960.8503621980068	nan	nan
129.08	3.1295144479068244	18.8547	3.84026	0.125180577916273	959.8779961711346	nan	nan
129.29	3.1369244479068246	18.8313	3.84711	0.125476977916273	958.6867205151758	nan	nan
129.5	3.143514447906824	18.814	3.85383	0.12574057791627297	957.8059910772234	nan	nan
129.71	3.1510844479068245	18.773	3.85986	0.126043377916273	955.7187132184923	nan	nan
129.9	3.1566344479068245	18.7342	3.86526	0.126265377916273	953.7434356351079	nan	nan
130.11	3.1638944479068245	18.7146	3.8716	0.12655577791627298	952.7456150002024	nan	nan
130.32	3.1703044479068243	18.6715	3.87718	0.12681217791627297	950.5514277877313	nan	nan
130.53	3.177534447906824	18.6539	3.88458	0.12710137791627296	949.6554255849591	nan	nan
130.74	3.184244447906824	18.6347	3.89072	0.12736977791627296	948.6779686364799	nan	nan
130.93	3.1910044479068245	18.6127	3.89665	0.12764017791627297	947.5579658830146	nan	nan
131.15	3.1984344479068243	18.5739	3.90341	0.12793737791627297	945.5826882996299	nan	nan
131.36	3.2048344479068245	18.5375	3.90927	0.12819337791627297	943.7295928348054	nan	nan
131.57	3.2120044479068244	18.5085	3.9157	0.12848017791627298	942.2532255688737	nan	nan
131.79	3.2189744479068243	18.4818	3.92213	0.12875897791627297	940.8939494998951	nan	nan
132	3.2256944479068244	18.4585	3.92844	0.12902777791627298	939.7077647655432	nan	nan
132.2	3.2320044479068244	18.4326	3.93442	0.12928017791627297	938.389216069418	nan	nan
132.42	3.2395744479068243	18.3973	3.94088	0.12958297791627296	936.5921207422667	nan	nan
132.62	3.246204447906824	18.3641	3.94748	0.12984817791627296	934.9019347688552	nan	nan
132.83	3.2534344479068245	18.3418	3.95405	0.13013737791627297	933.7666592505695	nan	nan
133.03	3.2593644479068242	18.2927	3.95939	0.13037457791627297	931.2670167416991	nan	nan
133.23	3.2662444479068244	18.2996	3.9658	0.13064977791627297	931.6182903325588	nan	nan
133.43	3.2733144479068246	18.2654	3.97199	0.130932577916273	929.8771951430806	nan	nan
133.63	3.2799544479068246	18.2151	3.97761	0.13119817791627297	927.3164615749299	nan	nan
133.84	3.2861444479068243	18.181	3.9837	0.13144577791627296	925.5804573070585	nan	nan
134.04	3.2927944479068243	18.1603	3.98935	0.13171177791627298	924.5266365344796	nan	nan
134.25	3.2999244479068244	18.1206	3.99606	0.13199697791627296	922.5055406566352	nan	nan
134.44	3.3060144479068243	18.0908	4.00147	0.13224057791627297	920.9884460178504	nan	nan
134.65	3.3131644479068245	18.0515	4.00759	0.13252657791627298	918.9877138264324	nan	nan
134.85	3.3201544479068246	18.0469	4.01438	0.13280617791627297	918.7535314325261	nan	nan
135.06	3.3267544479068243	18.0096	4.02037	0.13307017791627296	916.8546176732413	nan	nan
135.26	3.3333644479068245	17.9769	4.02654	0.13333457791627298	915.1898863078633	nan	nan
135.46	3.3399344479068245	17.953	4.03243	0.133597377916273	913.9731560438712	nan	nan
135.66	3.3465444479068243	17.9116	4.03926	0.13386177791627296	911.8655144987134	nan	nan
135.87	3.354124447906824	17.8887	4.04592	0.13416497791627296	910.6996934507881	nan	nan
136.08	3.3605544479068246	17.8439	4.0512	0.13442217791627298	908.4189605710039	nan	nan
136.27	3.3669244479068245	17.8046	4.05717	0.13467697791627298	906.4182283795861	nan	nan
136.48	3.3734944479068245	17.7837	4.06325	0.13493977791627298	905.3542257637939	nan	nan
136.69	3.3804444479068243	17.7346	4.06951	0.13521777791627299	902.8545832549232	nan	nan
136.91	3.387544447906824	17.7318	4.07632	0.13550177791627296	902.7120374499367	nan	nan
137.1	3.3942444479068246	17.6935	4.08215	0.13576977791627298	900.7622144745856	nan	nan
137.31	3.401374447906824	17.6475	4.08875	0.13605497791627297	898.4203905355214	nan	nan
137.52	3.4082544479068244	17.5953	4.0947	0.13633017791627297	895.7629294568445	nan	nan
137.73	3.4165244479068244	17.5518	4.10134	0.13666097791627296	893.5483785579468	nan	nan
