Specimen name:	AWA_5_10_Rz
Specimen ID:	46NTC3
Material:	42CrMoS4
Specimen type:	Round Tensile Specimen
Gauge diameter:	4.927	mm
Gauge length:	25	mm
Parallel length:	30	mm
Original cross-section:	19.065798812468813	mmÂ²
Cross-section after fracture:	10.297858760526683	mmÂ²
Yield stress at 0.2% plastic strain:	1075.1098155421125	MPa
Yield stress at 1% plastic strain:	1130.3128430826273	MPa
Ultimate tensile strength:	1183.9892061190249	MPa
Uniform elongation:	4.76276246693239	%
Elongation after fracture:	12.40630205775525	%
Reduction of area:	45.98779279160335	%
Slope of linear-elastic region:	211676.3546389107	MPa
Crosshead seperation speed:	0.029804949134021118	mm/s
Strain rate:	0.0009934983044673706	s-1
Test temperature:	RT	Cel
Machine type:	INSTRON 8852TT
Standard:	DIN EN ISO 6892-1
Date:	2022-09-13 00:00:00
Heat treatment batch:	Batch 5
Time	Displacement	Force	Machine Displacement	Engineering Strain	Engineering Stress	True Strain	True Stress
s	mm	kN	mm		MPa		MPa
0	0.001097096639656363	0.175703	0	4.3883865586254514e-05	9.215611773113448	4.388290271763175e-05	9.216016189781795
0.23	0.0010881727096563629	0.18138	0.000114441	4.352690838625451e-05	9.513370081372074	4.352596111788189e-05	9.51378416896005
0.440001	0.001150835339656363	0.184909	0.000457764	4.6033413586254516e-05	9.69846591893499	4.603235408126449e-05	9.69891237242779
0.650001	0.001105108339656363	0.187125	0.000312805	4.420433358625452e-05	9.814694985537265	4.420335660344359e-05	9.815128837588453
0.860001	0.001569999639656363	0.266358	0.00590515	6.279998558625452e-05	13.970461065906399	6.279801374968497e-05	13.971338410659971
1.06	0.002190246639656363	0.355908	0.0110855	8.760986558625452e-05	18.66735317521762	8.760602806606308e-05	18.66898861952015
1.26	0.002783396639656363	0.457174	0.0176086	0.00011133586558625452	23.978748779254584	0.00011132966820871041	23.981418474005597
1.48	0.0033761466396563626	0.56243	0.0240326	0.0001350458655862545	29.499419643103398	0.0001350367477141862	29.50340341776339
1.69	0.0042306966396563625	0.667206	0.0303268	0.0001692278655862545	34.99491453584704	0.00016921354816626608	35.000836650540315
1.9	0.004905136639656363	0.774322	0.0369797	0.0001962054655862545	40.61314228772845	0.00019618621981119897	40.62111080821993
2.1	0.005589996639656363	0.873685	0.0430985	0.00022359986558625453	45.82472565632131	0.00022357487086204053	45.83497205881859
2.31	0.0062325866396563635	0.976366	0.0490112	0.00024930346558625454	51.21033792517877	0.00024927239464113816	51.22310483989735
2.51	0.006884496639656363	1.07396	0.0546646	0.0002753798655862545	56.329137350261064	0.000275341955510781	56.344649260533174
2.71	0.007641656639656363	1.17842	0.0606995	0.0003056662655862545	61.808058062027115	0.00030561955917077335	61.82695070031807
2.93	0.008451456639656362	1.29899	0.0680771	0.0003380582655862545	68.13194730401096	0.0003380011367657235	68.15497987194757
3.15	0.009531776639656363	1.43796	0.0749359	0.0003812710655862545	75.42091543836025	0.0003811984002429792	75.44967125115691
3.34	0.010316036639656363	1.55468	0.0810013	0.00041264146558625455	81.54287241210461	0.0004125563525100406	81.57652038248486
3.54001	0.011214396639656362	1.69213	0.0865555	0.00044857586558625447	88.75211663795416	0.0004484752855101439	88.79192869549765
3.75001	0.012131196639656363	1.83863	0.0930099	0.00048524786558625454	96.43603281901606	0.0004851301709133388	96.4828281981071
3.96001	0.013170096639656364	1.99318	0.0993195	0.0005268038655862545	104.54217101548787	0.0005266651531439757	104.59724423529562
4.17001	0.014152196639656363	2.14163	0.10524	0.0005660878655862545	112.32836457916459	0.0005659276982934148	112.391952303314
4.37001	0.015327496639656364	2.28253	0.11161	0.0006130998655862546	119.71856109733264	0.0006129119966479873	119.79196053104958
4.58001	0.016199696639656362	2.45454	0.118034	0.0006479878655862545	128.7404752427556	0.0006477780120994274	128.82389750852272
4.77001	0.01702309663965636	2.58825	0.123352	0.0006809238655862544	135.7535566937439	0.0006806921421156344	135.84599453033488
4.99001	0.018158496639656362	2.765	0.129959	0.0007263398655862545	145.02408355383054	0.000726076208448244	145.1294203271858
5.20001	0.019120596639656363	2.94578	0.135971	0.0007648238655862546	154.50598367132113	0.0007645315368573283	154.62415353500882
5.40001	0.020412796639656363	3.11715	0.142372	0.0008165118655862545	163.49432985527048	0.0008161787011157952	163.6278249155534
5.60001	0.02147359663965636	3.29296	0.148361	0.0008589438655862544	172.71555377194278	0.0008585751844065656	172.8639067373465
5.80001	0.02242629663965636	3.45407	0.154083	0.0008970518655862544	181.16576357351877	0.0008966497550194747	181.32827865971274
6.00001	0.02335929663965636	3.63119	0.160896	0.0009343718655862544	190.45569691133232	0.0009339356119223322	190.63365335616692
6.21001	0.02466269663965636	3.80971	0.166855	0.0009865078655862543	199.81906016486934	0.000986021586487578	200.01618323941602
6.41001	0.02566169663965636	3.98259	0.172279	0.0010264678655862545	208.88660575792042	0.001025941407677322	209.1010211462823
6.63001	0.02689199663965636	4.17289	0.178749	0.0010756798655862543	218.86782930233048	0.0010751017365502962	219.10326101953555
6.82001	0.02821519663965636	4.38039	0.185181	0.0011286078655862544	229.75119181134312	0.0011279714665141886	230.01049081354924
7.03001	0.02913999663965636	4.55753	0.190887	0.0011655998655862544	239.0421741479527	0.0011649210814720942	239.32080167400898
7.24001	0.030346696639656362	4.75413	0.197182	0.0012138678655862546	249.35383231311837	0.001213131723647783	249.65651491732405
7.45001	0.03166849663965636	4.94583	0.203484	0.0012667398655862544	259.4084857732519	0.0012659382275493002	259.7370888436523
7.64001	0.03267169663965636	5.13758	0.209587	0.0013068678655862546	269.4657617303756	0.001306014657050243	269.8179178752568
7.85001	0.03395179663965636	5.33311	0.215843	0.0013580718655862546	279.72129845995266	0.0013571505200649099	280.1011800855964
8.07001	0.03525409663965636	5.54577	0.222275	0.0014101638655862545	290.875302658346	0.0014091705182677802	291.2854844995463
8.28001	0.036253696639656365	5.74359	0.228439	0.0014501478655862545	301.25094975007073	0.001449097416585095	301.6878081718566
8.47001	0.03749489663965636	5.93414	0.234245	0.0014997958655862545	311.2452857794314	0.0014986722950443647	311.7120901722266
8.69001	0.03881869663965636	6.16316	0.240974	0.0015527478655862545	323.25737099299323	0.0015515435990729701	323.75930818583765
8.89001	0.03995309663965636	6.35045	0.246727	0.0015981238655862545	333.0807202185979	0.0015968482245487547	333.61302446674586
9.09001	0.04114899663965636	6.54274	0.252876	0.0016459598655862546	343.1663191432149	0.0016446067582168216	343.7311571317456
9.30001	0.042489996639656365	6.75079	0.258934	0.0016995998655862546	354.07852911911885	0.0016981571801619824	354.68032093961665
9.51001	0.04382409663965636	6.95906	0.265053	0.0017529638655862545	365.00227808177937	0.0017514292176223922	365.64211388611335
9.71001	0.04493009663965636	7.16313	0.270691	0.0017972038655862544	375.7057372972695	0.0017955908270692034	376.38095710066307
9.91001	0.046039796639656363	7.34806	0.276337	0.0018415918655862546	385.40530466494033	0.0018398982143107499	386.1150639389651
10.12	0.04738179663965636	7.58609	0.283394	0.0018952718655862544	397.8899638361223	0.0018934781039503796	398.64407349018006
10.33	0.04875599663965636	7.79681	0.289703	0.0019502398655862542	408.94221515129885	0.0019483406167458217	409.73975056200806
10.54	0.05007549663965636	8.00257	0.296013	0.0020030198655862546	419.7343147650552	0.002001016496041899	420.57505093579783
10.75	0.05125519663965636	8.19364	0.302055	0.0020502078655862542	429.75592476311317	0.0020481090576122954	430.6370137403448
10.96	0.05243039663965636	8.39361	0.308098	0.0020972158655862545	440.2443392254132	0.0020950197783029226	441.1676266383713
11.15	0.053624996639656364	8.58705	0.313797	0.0021449998655862544	450.390255580803	0.0021427026378235334	451.3563426184852
11.37	0.05489289663965636	8.78999	0.319916	0.0021957158655862546	461.03444636431635	0.002193308804342866	462.04674701278026
11.58	0.05621379663965636	9.01486	0.326271	0.0022485518655862543	472.82886432769794	0.0022460276560092945	473.892044552685
11.79	0.05754399663965636	9.22385	0.332626	0.0023017598655862546	483.7903772470162	0.002299114874325843	484.90394652072024
12.01	0.05895589663965636	9.45913	0.33976	0.0023582358655862543	496.13079908374135	0.002355459591270483	497.3007925281626
12.22	0.06031169663965636	9.6703	0.346046	0.0024124678655862543	507.206652871829	0.002409562536721944	508.4302726230939
12.42	0.06153649663965636	9.87659	0.352165	0.002461459865586254	518.0265509536807	0.002458435435243961	519.3016525181613
12.63	0.06272409663965636	10.0717	0.358139	0.0025089638655862545	528.2600587085407	0.002505821670418793	529.5854441074729
12.83	0.06398749663965636	10.2756	0.363892	0.0025594998655862544	538.9546014342644	0.0025562299242264516	540.3340556641925
13.02	0.06528099663965636	10.47	0.369682	0.0026112398655862546	549.1508697318646	0.0026078365021464807	550.5848343751298
13.23	0.06664329663965636	10.6749	0.375641	0.0026657318655862543	559.8978623973908	0.0026621851041417873	561.3903999706572
13.43	0.06772159663965636	10.8772	0.382118	0.0027088638655862547	570.5084852194306	0.00270520150626289	572.0539150400518
13.64	0.06903399663965636	11.0652	0.387764	0.0027613598655862543	580.369073902295	0.002757554315485082	581.9716817701963
13.85	0.07035949663965636	11.2885	0.394218	0.0028143798655862547	592.0811454601866	0.002810426913574464	593.7474867147629
14.05	0.07170879663965636	11.5059	0.400368	0.0028683518655862545	603.4837623732436	0.0028642459938898897	605.214766148898
14.26	0.07280549663965637	11.6924	0.406029	0.0029122198655862548	613.2656761464043	0.0029079875682426854	615.05164063136
14.47	0.07420849663965637	11.9198	0.41288	0.0029683398655862545	625.1927924574861	0.0029639430435000527	627.0485771470148
14.66	0.07531449663965636	12.0876	0.417923	0.0030125798655862546	633.9938923563407	0.003008051140014879	635.903849591358
14.87	0.07678459663965637	12.3071	0.424927	0.0030713838655862546	645.5066541429829	0.0030666768018316397	647.4892528656462
15.07	0.07797749663965636	12.5165	0.431839	0.0031190998655862543	656.4896715376202	0.0031142455650134296	658.537328383872
15.28	0.07924859663965636	12.6981	0.436951	0.0031699438655862543	666.0145806057488	0.003164930186124974	668.1258094399311
15.47	0.08049169663965636	12.8997	0.443451	0.0032196678655862544	676.5884884699268	0.0032144958335140615	678.766878684479
15.69	0.08180369663965636	13.1165	0.449089	0.0032721478655862546	687.9596354191024	0.0032668060394171476	690.2107410717484
15.91	0.08319299663965636	13.3265	0.4561	0.0033277198655862544	698.9741227776211	0.003322195258671121	701.300112851519
16.12	0.08449219663965636	13.5232	0.46151	0.0033796878655862543	709.291025936767	0.003373989555947705	711.6882082102948
16.33	0.08574989663965636	13.7393	0.468414	0.0034299958655862545	720.6254579280809	0.0034241268464126956	723.0972002694105
16.54	0.08702489663965636	13.9298	0.474266	0.0034809958655862543	730.6171714604515	0.0034749512230003053	733.1604468136316
16.74	0.08831149663965636	14.1598	0.480667	0.0035324598655862545	742.6806576150198	0.003526235383417189	745.3041472309919
16.95	0.08978489663965636	14.3569	0.486633	0.0035913958655862544	753.0185407500866	0.003584962202739989	755.7229284240462
17.14	0.09088039663965636	14.5361	0.491875	0.0036352158655862544	762.4175699626892	0.003628624437737269	765.1891224092193
17.35	0.09244439663965637	14.7811	0.49881	0.0036977758655862545	775.2678052142945	0.0036909558997098393	778.134571793782
17.55	0.09342929663965636	14.9427	0.504196	0.0037371718655862547	783.7437154863738	0.0037302059885354908	786.6727004497196
17.76	0.09451659663965636	15.1382	0.509727	0.0037806638655862547	793.9976787177567	0.00377353511790368	796.9995170510442
17.97	0.09597829663965636	15.3507	0.516151	0.0038391318655862545	805.1432909257816	0.003831781206272433	808.2343421903377
18.18	0.09721479663965636	15.5542	0.522942	0.0038885918655862544	815.8168536755843	0.003881050835241988	818.9892324565953
18.38	0.09850319663965636	15.7418	0.528717	0.0039401278655862544	825.6564623825278	0.003932385891369864	828.9096544173625
18.58	0.09978259663965636	15.9353	0.534439	0.0039913038655862544	835.8055257343058	0.003983359743566711	839.1414795600475
18.79	0.10125009663965637	16.1642	0.541267	0.0040500038655862545	847.8113169550913	0.00404182467632539	851.2449560660472
18.99	0.10246109663965636	16.3557	0.547043	0.004098443865586254	857.8554804272643	0.004090068121738165	861.3713529585809
19.19	0.10361409663965636	16.5458	0.552788	0.004144563865586254	867.826213983714	0.00413599881820317	871.4229751517993
19.4	0.10487809663965636	16.725	0.558731	0.004195123865586254	877.2252431963167	0.004186348866374386	880.9053117495442
19.6	0.10612209663965635	16.9243	0.564552	0.004244883865586254	887.678516198949	0.0042358997614159585	891.4466084101894
19.81	0.10742109663965636	17.1206	0.570747	0.004296843865586254	897.9744393821738	0.004287638791075299	901.8328953434863
20.02	0.10871209663965636	17.3161	0.576485	0.004348483865586255	908.2284026135568	0.004339056529486925	912.177819168589
20.22	0.10999809663965636	17.5243	0.582581	0.004399923865586255	919.1484800804312	0.004390272500400233	923.1926634139545
20.43	0.11131109663965637	17.714	0.588654	0.004452443865586255	929.0982336609599	0.004442561061626037	933.2349913919505
20.63	0.11272209663965636	17.9262	0.595192	0.004508883865586255	940.2281108870441	0.0044987493010269775	944.4674902461933
20.83	0.11394409663965636	18.1004	0.600273	0.004557763865586255	949.3648904006344	0.004547408712166846	953.6918713933587
21.04	0.11521609663965636	18.2901	0.606163	0.0046086438655862545	959.3146439811629	0.004598056582661971	963.7357835303138
21.25	0.11688509663965636	18.5083	0.613174	0.004675403865586254	970.759220846062	0.0046645081130963	975.2979122597592
21.45	0.11818009663965637	18.6947	0.619057	0.004727203865586255	980.5358896252426	0.004716065725107174	985.1710826730251
21.66	0.11961009663965635	18.8623	0.625298	0.004784403865586254	989.3264995361367	0.004772994980748447	994.0598370648443
21.87	0.12143609663965636	19.0445	0.631844	0.004857443865586255	998.8828785681467	0.004845684549901866	1003.7348960790866
22.08	0.12320709663965636	19.215	0.63829	0.004928283865586254	1007.8255933044678	0.00491617962711522	1012.792443915275
22.28	0.12494709663965636	19.355	0.643517	0.004997883865586254	1015.1685848768137	0.004985435902440385	1020.2422795680195
22.48	0.12751909663965638	19.5085	0.650169	0.005100763865586255	1023.2196506364929	0.0050877990379073765	1028.4388524570172
22.69	0.1300230966396564	19.6349	0.657097	0.005200923865586255	1029.849323027525	0.005187445773215096	1035.205490949617
22.9	0.1329090966396564	19.732	0.662888	0.005316363865586256	1034.942212182345	0.005302281891094976	1040.444341562161
23.11	0.13642609663965638	19.8352	0.669594	0.005457043865586255	1040.35504596996	0.0054422081500048606	1046.0323090916022
23.31	0.1399290966396564	19.9164	0.675232	0.005597163865586255	1044.6139810819204	0.0055815579494165705	1050.4608567103185
23.51	0.14413609663965637	19.999	0.68203	0.005765443865586255	1048.9463461096045	0.005748887300917722	1054.9939873861113
23.71	0.14770609663965636	20.0564	0.687447	0.005908243865586254	1051.9569726542666	0.00589085863663748	1058.1721909848118
23.92	0.15124809663965638	20.1172	0.693146	0.006049923865586255	1055.1459289942566	0.006031696555145488	1061.529481531755
24.13	0.15546009663965638	20.1855	0.700027	0.006218403865586255	1058.7282598827653	0.006199149372517797	1065.3118597866257
24.34	0.1595250966396564	20.2474	0.706512	0.006381003865586255	1061.9749111565382	0.006360731453610603	1068.7513771697836
24.54	0.16348809663965638	20.3021	0.71228	0.006539523865586256	1064.8439228637333	0.0065182339462762475	1071.8074951104252
24.75	0.16794709663965637	20.3691	0.718956	0.006717883865586255	1068.3580688304987	0.006695419436598298	1075.535174263764
24.95	0.17136209663965637	20.4083	0.723663	0.006854483865586255	1070.4141064707558	0.006831098692430846	1077.7512426930555
25.15	0.1759810966396564	20.4805	0.731178	0.007039243865586255	1074.2009921244942	0.007014584045182316	1081.762554868713
25.35	0.17999909663965638	20.5206	0.736694	0.007199963865586256	1076.3042347105732	0.0071741678718938665	1084.0535863088667
25.55	0.18410209663965638	20.5685	0.742401	0.007364083865586255	1078.8165868271115	0.007337101386514961	1086.7610826480918
25.76	0.18810409663965638	20.6149	0.748573	0.007524163865586255	1081.250264033946	0.007495998536783404	1089.3857682002458
25.97	0.19269209663965636	20.6564	0.754967	0.0077076838655862545	1083.4269365357486	0.007678131427064911	1091.777648854027
26.18	0.19695809663965638	20.7036	0.761368	0.007878323865586255	1085.9025736944254	0.0078474519122767	1094.4576658564636
26.39	0.20134209663965638	20.7435	0.76812	0.008053683865586254	1087.9953262925437	0.008021426034191386	1096.7576966977392
26.61	0.20604309663965636	20.7773	0.774345	0.008241723865586255	1089.7681342578671	0.008207946322661223	1098.7497022979358
26.82	0.20996309663965637	20.8173	0.779495	0.008398523865586255	1091.866131849966	0.0083634524923831	1101.036195616333
27.02	0.21456609663965637	20.8599	0.785889	0.008582643865586255	1094.1004992855515	0.008546022368053928	1103.4907742240794
27.23	0.2195260966396564	20.8973	0.792503	0.008781043865586256	1096.062127034164	0.008742714716435297	1105.6866966510586
27.43	0.22384709663965638	20.9302	0.799057	0.008953883865586255	1097.787730053665	0.008914035535684	1107.617193897631
27.63	0.22841709663965637	20.9568	0.805573	0.009136683865586255	1099.1828984524109	0.009095196880395489	1109.2257851060292
27.85	0.23266209663965637	20.9727	0.810829	0.009306483865586255	1100.01685249527	0.00926344536330078	1110.2541415848902
28.05	0.2378440966396564	21.0241	0.817612	0.009513763865586255	1102.7127794011171	0.009468793017170655	1113.2037283959037
28.26	0.24230709663965638	21.0517	0.823799	0.009692283865586255	1104.160397739665	0.009645614991991583	1114.8622337476966
28.46	0.24663409663965638	21.0647	0.829262	0.009865363865586256	1104.8422469570971	0.009817018864139871	1115.7419177374009
28.66	0.25134609663965635	21.0965	0.835625	0.010053843865586254	1106.5101550428158	0.010003640190206229	1117.6348353773017
28.86	0.25570509663965635	21.1174	0.841728	0.010228203865586254	1107.6063587846875	0.010176249752944134	1118.935182425157
29.07	0.26097209663965637	21.1463	0.848236	0.010438883865586255	1109.1221620449787	0.01038477494944236	1120.700159487314
29.26	0.26510109663965636	21.1668	0.853828	0.010604043865586254	1110.1973858109295	0.010548215317879436	1121.9699675895279
29.47	0.27054709663965637	21.1893	0.860741	0.010821883865586255	1111.377509456485	0.010763746342642438	1123.4047077946477
29.67	0.27510609663965635	21.2	0.866257	0.011004243865586254	1111.9387238123716	0.010944137720509428	1124.1747686927915
29.87	0.27962109663965634	21.2258	0.872192	0.011184843865586254	1113.2919322592752	0.011122756032294272	1125.743928698412
30.1	0.2846840966396563	21.2471	0.878471	0.011387363865586253	1114.4091159770678	0.011323015879535013	1127.099298075825
30.3	0.28954009663965635	21.2717	0.884987	0.011581603865586255	1115.6993844962087	0.01151505046206733	1128.6209728005222
30.51	0.2946970966396564	21.2838	0.891266	0.011787883865586254	1116.3340287678184	0.011718947972596627	1129.4932446541354
30.72	0.29943009663965636	21.3095	0.897705	0.011977203865586254	1117.681992220742	0.011906044787044157	1131.0686972984645
30.93	0.3043070966396563	21.3186	0.903687	0.012172283865586253	1118.1592866729443	0.012098797349823063	1131.7698389172688
31.14	0.3093030966396563	21.3428	0.910019	0.012372123865586252	1119.4285752161643	0.012296214605661925	1133.2782842074155
31.35	0.31463609663965636	21.3569	0.91642	0.012585443865586254	1120.168119367379	0.0125069054410538	1134.2659323536966
31.56	0.31932809663965633	21.3734	0.922554	0.012773123865586253	1121.03354337412	0.0126922355880482	1135.3526436811146
31.76	0.32413809663965637	21.3764	0.928169	0.012965523865586255	1121.1908931935272	0.012882190991025996	1135.727720477106
31.97	0.32929709663965634	21.4024	0.935143	0.013171883865586254	1122.5545916283916	0.013085888923778323	1137.3407503421015
32.17	0.33474309663965635	21.4276	0.94165	0.013389723865586255	1123.8763301114138	0.013300873753262795	1138.924723830674
32.38	0.33975209663965633	21.4317	0.947235	0.013590083865586253	1124.091374864604	0.01349856689247253	1139.367870921596
32.59	0.34473209663965637	21.4418	0.953354	0.013789283865586255	1124.6211192566088	0.01369507673548618	1140.1288391112714
32.8	0.34930409663965634	21.4635	0.959496	0.013972163865586253	1125.7592829503224	0.013875452983097131	1141.4885761249093
32.99	0.35438209663965636	21.4794	0.965347	0.014175283865586254	1126.5932369931816	0.014075754002538514	1142.5630159286095
33.2	0.35929209663965633	21.4878	0.971512	0.014371683865586253	1127.0338164875225	0.014269390140856207	1143.2311902039064
33.4	0.36417609663965633	21.4953	0.977425	0.014567043865586254	1127.427191036041	0.014461963724211454	1143.8504723831177
33.6	0.36904709663965635	21.5067	0.98288	0.014761883865586254	1128.025120349789	0.01465398779476621	1144.6768961738564
33.81	0.37439109663965636	21.5232	0.989891	0.014975643865586254	1128.89054435653	0.014864616014296917	1145.7964071120414
34.01	0.37935309663965633	21.5456	0.996185	0.015174123865586253	1130.0654230081052	0.015060148387116954	1147.2131757130462
34.23	0.38421709663965636	21.5503	1.00235	0.015368683865586255	1130.311937725177	0.0152517818753198	1147.6833445655734
34.41	0.3888390966396563	21.5543	1.0077	0.015553563865586253	1130.521737484387	0.015433846945232916	1148.1053795297837
34.62	0.39340409663965636	21.5648	1.01338	0.015736163865586253	1131.072461852313	0.015613634198620783	1148.871203455873
34.83	0.39851409663965637	21.5743	1.01981	0.015940563865586253	1131.570736280436	0.01581484731279371	1149.6086118705427
35.04	0.40365109663965637	21.5973	1.02679	0.016146043865586254	1132.7770848958928	0.016017082788307945	1151.0669533985529
35.25	0.40888009663965635	21.5983	1.0331	0.016355203865586254	1132.8295348356953	0.016222898160841524	1151.3571928228905
35.46	0.41397009663965634	21.6235	1.03951	0.016558803865586252	1134.1512733187176	0.016423201764344964	1152.931461807507
35.6701	0.41901409663965633	21.6284	1.04551	0.016760563865586255	1134.4082780237497	0.01662165558705897	1153.4216004172167
35.8701	0.42442409663965636	21.64	1.0524	0.016976963865586253	1135.0166973254584	0.016834465743596837	1154.2858347827898
36.0701	0.4290770966396564	21.6478	1.05811	0.017163083865586255	1135.4258068559177	0.01701746199375861	1154.9132152021368
36.2801	0.4344630966396563	21.6638	1.06454	0.017378523865586252	1136.2650058927572	0.01722924434314546	1156.011614415295
36.4901	0.43967809663965635	21.6654	1.07078	0.017587123865586255	1136.3489257964413	0.0174342600896895	1156.3340351089491
36.6901	0.44410209663965633	21.6732	1.07696	0.017764083865586252	1136.7580353269004	0.017608146542085142	1156.9515004013265
36.8901	0.44903909663965635	21.6845	1.08253	0.017961563865586255	1137.3507196466683	0.01780216089843001	1157.7793172351726
37.1001	0.45442309663965635	21.7061	1.0888	0.018176923865586253	1138.4836383464017	0.018013698573397234	1159.1777687628398
37.3001	0.45945409663965636	21.7169	1.09527	0.018378163865586255	1139.0500976962683	0.018211326422373483	1159.9837470428422
37.5101	0.46455909663965633	21.7206	1.10136	0.018582363865586253	1139.2441624735377	0.018411821226179494	1160.414012032366
37.7101	0.46944109663965633	21.7175	1.10712	0.018777643865586252	1139.0815676601499	0.018603520287569737	1160.4708356715257
37.9201	0.47436709663965637	21.7447	1.11401	0.018974683865586255	1140.5082060227771	0.018796909835389286	1162.1489886781662
38.1301	0.47980709663965637	21.7512	1.12041	0.019192283865586256	1140.8491306314932	0.019010435031579682	1162.74463099438
38.3301	0.4841410966396563	21.7423	1.12511	0.019365643865586254	1140.3823261672512	0.01918051604626133	1162.466564166415
38.5301	0.48924309663965637	21.7648	1.13214	0.019569723865586256	1141.5624498128068	0.01938069894946797	1163.9025117309657
38.7301	0.49396609663965635	21.7699	1.13828	0.019758643865586255	1141.8299445057994	0.019565975635194306	1164.3909557343518
38.9401	0.49926009663965637	21.7883	1.14434	0.019970403865586253	1142.7950233981649	0.019773611057160124	1165.6171015510083
39.1501	0.5045400966396564	21.7953	1.15079	0.020181603865586255	1143.1621729767821	0.019980654453881516	1166.2330191059223
39.3601	0.5093140966396564	21.7965	1.15663	0.02037256386558626	1143.225112904545	0.0201678192972141	1166.515539529935
39.5601	0.5142230966396564	21.8169	1.16361	0.020568923865586255	1144.2950916765155	0.020360240296822516	1167.8320102969737
39.7701	0.5198080966396564	21.8294	1.17036	0.020792323865586257	1144.9507159240463	0.020579113855963733	1168.756902019674
39.9701	0.5247000966396564	21.8306	1.17618	0.020988003865586257	1145.0136558518095	0.020770789716428678	1169.0452068869763
40.1801	0.5296250966396564	21.8405	1.18181	0.021185003865586256	1145.5329102558537	0.020963721461060774	1169.8010293877803
40.3801	0.5346620966396564	21.8535	1.18789	0.021386483865586253	1146.2147594732858	0.0211610021945514	1170.7282629332578
40.5701	0.5394890966396564	21.8533	1.19336	0.021579563865586255	1146.2042694853253	0.021350021489110273	1170.9388577216914
40.7801	0.5446050966396564	21.8723	1.20011	0.021784203865586257	1147.2008183415724	0.02155031866958868	1172.1916748430924
40.9901	0.5494470966396564	21.8754	1.20609	0.021977883865586256	1147.3634131549597	0.021739851494120884	1172.580033000902
41.1801	0.5541770966396564	21.8817	1.21135	0.022167083865586256	1147.6938477757153	0.021924965567268435	1173.134873551377
41.4001	0.5594910966396563	21.8903	1.21748	0.022379643865586253	1148.1449172580167	0.022132894295805474	1173.8399916123342
41.6201	0.5647640966396564	21.904	1.22443	0.022590563865586256	1148.8634814333107	0.022339176030327108	1174.8169552834697
41.8201	0.5698220966396564	21.904	1.23077	0.02279288386558626	1148.8634814333107	0.022537006907353264	1175.0493933430332
42.0301	0.5750550966396564	21.9181	1.23714	0.023002203865586254	1149.6030255845253	0.022741641283479896	1176.0464287435152
42.2401	0.5800280966396564	21.9315	1.24332	0.023201123865586256	1150.3058547778785	0.022936069664991038	1176.994243397889
42.4501	0.5851370966396564	21.9256	1.24933	0.023405483865586257	1149.9964001330438	0.023135775851717028	1176.91262232184
42.6501	0.5901920966396564	21.9452	1.25603	0.023607683865586256	1151.0244189531725	0.02333333198261568	1178.197439557389
42.8701	0.5949670966396564	21.9462	1.26195	0.023798683865586256	1151.076868892975	0.02351990950192423	1178.4709834007476
43.0701	0.6004150966396564	21.9592	1.26844	0.024016603865586256	1151.758718110407	0.023732741198345574	1179.4200509920001
43.2801	0.6052790966396564	21.9734	1.27495	0.024211163865586256	1152.5035072556022	0.023922720070471346	1180.4069585254304
43.4801	0.6100860966396564	21.9715	1.2805	0.024403443865586256	1152.4038523699774	0.024110437174351237	1180.5264750917734
43.6901	0.6152600966396564	21.9845	1.28676	0.02461040386558626	1153.0857015874094	0.02431244654674572	1181.4636063951084
43.9001	0.6200220966396564	21.9855	1.29243	0.024800883865586255	1153.138151527212	0.024498334076192525	1181.736996904215
44.1101	0.6257990966396564	22.0082	1.30015	0.025031963865586256	1154.328765160728	0.024723796363261146	1183.223881099238
44.3101	0.6306530966396564	22.0103	1.30598	0.025226123865586255	1154.4389100343133	0.02491319690921409	1183.5609289740912
44.5201	0.6357560966396564	22.0216	1.31266	0.025430243865586254	1155.031594354081	0.02511227463270416	1184.4043294709622
44.7201	0.6404990966396564	22.0215	1.31766	0.025619963865586258	1155.026349360101	0.025297272542385767	1184.618082694507
44.9301	0.6459620966396564	22.0306	1.32436	0.025838483865586258	1155.5036438123034	0.02551031122329899	1185.3601060695737
45.1401	0.6505410966396564	22.0353	1.32998	0.026021643865586256	1155.7501585293749	0.025688841911634924	1185.8246775522211
45.3401	0.6556280966396564	22.0497	1.33649	0.026225123865586255	1156.5054376625305	0.025887141652062007	1186.8349360164543
45.5401	0.6604750966396564	22.0528	1.34224	0.026419003865586255	1156.6680324759184	0.026076049215684308	1187.2260496970998
45.7401	0.6654160966396564	22.0644	1.34777	0.026616643865586254	1157.2764517776268	0.026268583622798804	1188.0792669486211
45.9501	0.6705850966396564	22.0686	1.35422	0.026823403865586255	1157.4967415247972	0.0264699627679337	1188.5447440958171
46.1501	0.6756540966396564	22.073	1.36066	0.027026163865586254	1157.7275212599282	0.026667406635142086	1189.016454961198
46.3601	0.6802740966396564	22.0781	1.36602	0.027210963865586257	1157.9950159529205	0.026847327441755695	1189.5051764885443
46.5701	0.6853680966396564	22.0866	1.37265	0.027414723865586254	1158.4408404412418	0.027045670139293942	1190.199176196556
46.7801	0.6905840966396564	22.1124	1.37914	0.027623363865586253	1159.7940488881454	0.027248722337657127	1191.8314619097243
46.9701	0.6956210966396564	22.098	1.38486	0.027824843865586257	1159.03876975499	0.027444767170980912	1191.2888425575836
47.1801	0.7004700966396564	22.1048	1.39077	0.028018803865586257	1159.3954293456466	0.027633458563723342	1191.8803024831393
47.3901	0.7057320966396564	22.1339	1.39729	0.028229283865586256	1160.9217225938987	0.02783818094327568	1193.6937114467273
47.6001	0.7105380966396564	22.1221	1.4031	0.028421523865586256	1160.3028133042294	0.028025125659254968	1193.2803874038625
47.8001	0.7154190966396564	22.1281	1.40917	0.028616763865586255	1160.6175129430442	0.028214951975809976	1193.8306302491994
48.0101	0.7208690966396564	22.1446	1.41579	0.028834763865586255	1161.4829369497852	0.028426864623935434	1194.9740231706398
48.2001	0.7253470966396564	22.1427	1.421	0.029013883865586253	1161.3832820641603	0.028600949341633142	1195.0795217334032
48.4201	0.7309290966396564	22.157	1.42761	0.02923716386558626	1162.1333162033357	0.028817910242609643	1196.1107984028297
48.6201	0.7356160966396564	22.158	1.43373	0.029424643865586256	1162.1857661431382	0.029000047978700486	1196.3826684175535
48.8301	0.7411660966396564	22.1764	1.44045	0.029646643865586256	1163.1508450355036	0.02921567917338802	1197.6343639002268
49.0301	0.7459130966396564	22.1735	1.44634	0.02983652386558626	1162.9987402100764	0.029400074951428955	1197.698579878001
49.2301	0.7511380966396564	22.1959	1.45207	0.030045523865586253	1164.173618861652	0.029602999192598504	1199.1518251108457
49.4401	0.7558870966396564	22.1912	1.45782	0.030235483865586256	1163.92710414458	0.029787401223025808	1199.119003322662
49.6501	0.7611730966396564	22.1958	1.46444	0.030446923865586256	1164.1683738676713	0.029992614796887265	1199.6137197135436
49.8601	0.7659350966396564	22.1986	1.47025	0.030637403865586256	1164.3152336991184	0.03017744954428654	1199.9868297408127
50.0701	0.7714910966396564	22.2038	1.47682	0.030859643865586258	1164.5879733860913	0.030393059846620336	1200.5267434949308
50.2801	0.7763840966396564	22.2107	1.48286	0.031055363865586254	1164.9498779707283	0.030582902783748176	1201.1278203162794
50.4901	0.7820090966396565	22.2203	1.48975	0.03128036386558626	1165.4533973928321	0.03080110198174236	1201.9092037316636
50.7001	0.7865850966396564	22.2225	1.49541	0.031463403865586256	1165.5687872603974	0.030978574340009887	1202.241548747093
50.8901	0.7914990966396565	22.231	1.50122	0.031659963865586255	1166.0146117487184	0.031169120386522746	1202.9305922234284
51.1001	0.7961260966396564	22.2334	1.50664	0.03184504386558626	1166.1404916042443	0.03134850449250041	1203.2762867128176
51.3101	0.8016920966396563	22.2438	1.51365	0.032067683865586255	1166.68597097819	0.031564250049831585	1204.098887865933
51.5201	0.8064350966396564	22.2485	1.51939	0.03225740386558626	1166.9324856952617	0.03174805830916221	1204.5746981702061
51.7201	0.8114030966396564	22.2502	1.52637	0.03245612386558625	1167.0216505929259	0.03194054990467372	1204.8986498383908
51.9301	0.8168340966396564	22.2537	1.53254	0.03267336386558626	1167.2052253822344	0.03215093864987535	1205.3417464169618
52.1401	0.8221990966396564	22.2666	1.53899	0.032887963865586255	1167.8818296056866	0.03235872720390286	1206.2910850170333
52.3401	0.8267490966396565	22.2794	1.54458	0.033069963865586256	1168.553188835158	0.03253491665870999	1207.1972005649523
52.5501	0.8321950966396564	22.279	1.55095	0.03328780386558625	1168.532208859237	0.0327457610770472	1207.4300798383636
52.7501	0.8371650966396564	22.2799	1.55669	0.03348660386558626	1168.5794138050594	0.032938138145264834	1207.7111697206285
52.9601	0.8423080966396564	22.2881	1.56257	0.03369232386558626	1169.0095033114394	0.03313717268254582	1208.3961500989565
53.1601	0.8474240966396565	22.2911	1.5691	0.03389696386558626	1169.166853130847	0.033335123021989446	1208.7980597042642
53.3801	0.8527870966396564	22.2951	1.57585	0.03411148386558625	1169.376652890057	0.03354258832611323	1209.2658257179094
53.5901	0.8578450966396564	22.3076	1.5818	0.03431380386558625	1170.0322771375877	0.03373821540710608	1210.1805352116924
53.7901	0.8626620966396564	22.3135	1.58759	0.03450648386558626	1170.3417317824221	0.03392448581609192	1210.7261098673944
53.9901	0.8673630966396564	22.3152	1.59359	0.03469452386558625	1170.4308966800866	0.03410623712958454	1211.0384393579734
54.2001	0.8730120966396564	22.316	1.60037	0.03492048386558626	1170.4728566319284	0.03432459658296483	1211.3463351370503
54.4101	0.8780290966396564	22.327	1.60674	0.03512116386558626	1171.0498059697557	0.03451848640237835	1212.1784380999823
54.6101	0.8828080966396564	22.3264	1.61263	0.035312323865586255	1171.018336005874	0.034703143385252835	1212.3697147394535
54.8201	0.8883890966396564	22.3413	1.61868	0.035535563865586255	1171.7998401089308	0.034918745894917905	1213.4404081648056
55.0301	0.8935300966396564	22.3505	1.62457	0.035741203865586255	1172.2823795551137	0.035117309412724174	1214.1811630708276
55.2301	0.8988000966396564	22.346	1.63022	0.03595200386558626	1172.0463548260025	0.035320814449030624	1214.1837699053533
55.4401	0.9040400966396565	22.3543	1.63686	0.036161603865586256	1172.481689326363	0.03552311995962895	1214.8805077154364
55.6501	0.9092530966396564	22.3588	1.64294	0.03637012386558625	1172.717714055474	0.03572434245278885	1215.3696025750387
55.8501	0.9145800966396564	22.3847	1.64925	0.03658320386558626	1174.076167496358	0.035929923541277366	1217.0276352856035
56.0601	0.9194250966396564	22.3588	1.65447	0.03677700386558626	1172.717714055474	0.03611686645630187	1215.8467579585338
56.2601	0.9250400966396564	22.3768	1.66148	0.037001603865586256	1173.6618129719186	0.03633347588610384	1217.0891824476714
56.4601	0.9302960966396564	22.3795	1.66708	0.03721184386558626	1173.8034278093853	0.03653619369313557	1217.482817693918
56.6801	0.9353800966396564	22.388	1.67319	0.037415203865586256	1174.2492522977063	0.0367322385686458	1218.1840274614372
56.8801	0.9410920966396564	22.3877	1.67974	0.03764368386558626	1174.2335173157653	0.0369524540066503	1218.4359926259754
57.0801	0.9464640966396564	22.3926	1.68568	0.03785856386558625	1174.4905220207977	0.037159517141371126	1218.9550464582478
57.2901	0.9515080966396564	22.4044	1.69166	0.038060323865586256	1175.1094313104666	0.03735389853250144	1219.834476843648
57.4901	0.9565630966396564	22.3969	1.69733	0.038262523865586255	1174.716056761948	0.0375486659318585	1219.6636579190895
57.6901	0.9614360966396565	22.3924	1.70294	0.038457443865586256	1174.480032032837	0.03773638503082333	1219.6475319359918
57.9001	0.9672700966396564	22.4163	1.70969	0.03869080386558625	1175.7335855941162	0.03796107770862006	1221.2236631525207
58.1001	0.9724940966396564	22.4171	1.716	0.03889976386558625	1175.7755455459583	0.03816223380159651	1221.512936626627
58.3001	0.9779400966396564	22.4261	1.7221	0.039117603865586256	1176.2475950041805	0.03837189518766638	1222.2595824734026
58.5101	0.9826000966396564	22.4066	1.72731	0.03930400386558626	1175.2248211780322	0.03855126206857872	1221.4158620925466
58.7201	0.9881440966396564	22.4248	1.73415	0.039525763865586254	1176.1794100824372	0.03876461287226965	1222.66879970892
58.9301	0.9936570966396564	22.4421	1.74076	0.039746283865586256	1177.0867940410199	0.03897672556917959	1223.8716198914071
59.1301	0.9986740966396565	22.4299	1.74625	0.03994696386558626	1176.4469047754299	0.03916971556983652	1223.4423867702749
59.3301	1.0038970966396563	22.4437	1.75292	0.04015588386558625	1177.170713944704	0.03937059025344202	1224.4410444238367
59.5301	1.0091070966396565	22.4403	1.75885	0.040364283865586256	1176.9923841493755	0.03957092476971278	1224.500838850814
59.7401	1.0147070966396563	22.4413	1.76518	0.04058828386558625	1177.0448340891778	0.03978621079241092	1224.8190639377112
59.9501	1.0199270966396563	22.4451	1.77163	0.04079708386558625	1177.2441438604274	0.03998684639208177	1225.2722719277715
60.1601	1.0257970966396563	22.4608	1.77791	0.041031883865586254	1178.067607915326	0.04021241727675591	1226.405941189117
60.3601	1.0307070966396563	22.4474	1.78355	0.04122828386558625	1177.364778721973	0.040401058450059715	1225.9055080324656
60.5701	1.0356970966396564	22.4588	1.78922	0.041427883865586254	1177.962708035721	0.04059273675366422	1226.7632103022163
60.7801	1.0416070966396564	22.4669	1.79643	0.04166428386558626	1178.387552548121	0.040819707028601666	1227.4842260411594
60.9901	1.0466970966396565	22.4656	1.80244	0.04186788386558626	1178.319367626378	0.04101514437658331	1227.65310606673
61.1801	1.0520870966396565	22.4717	1.80857	0.04208348386558626	1178.6393122591728	0.041222058994753265	1228.2405607399776
61.3901	1.0570670966396565	22.4733	1.81434	0.04228268386558626	1178.723232162857	0.04141319623703851	1228.562813953421
61.6001	1.0628970966396565	22.4804	1.82057	0.04251588386558626	1179.0956267354545	0.041636910896653265	1229.2259194681599
61.8101	1.0682170966396565	22.4803	1.82666	0.04272868386558626	1179.0903817414742	0.04184101165685345	1229.471361911859
62.0101	1.0733970966396564	22.4751	1.83309	0.042935883865586257	1178.8176420545014	0.04203970132525685	1229.4312194324577
62.2101	1.0788270966396565	22.4828	1.839	0.04315308386558626	1179.2215065909804	0.04224793789056606	1230.108551161004
62.4201	1.0844570966396565	22.4811	1.84528	0.04337828386558626	1179.1323416933164	0.04246379853312075	1230.2810791263826
62.6201	1.0895070966396565	22.4866	1.85134	0.04358028386558626	1179.4208163622297	0.04265738167727532	1230.8203103362773
62.8201	1.0948970966396565	22.4929	1.85754	0.04379588386558626	1179.7512509829853	0.042863956806473064	1231.4194997613163
63.0301	1.0999970966396564	22.4916	1.86346	0.04399988386558626	1179.683066061242	0.043059378220580806	1231.5889839661354
63.2301	1.1048370966396563	22.4928	1.86913	0.044193483865586254	1179.7460059890052	0.04324480166224709	1231.88309207017
63.4401	1.1108070966396564	22.4987	1.87547	0.04443228386558626	1180.0554606338399	0.043473468764539835	1232.4880198378578
63.6501	1.1159470966396563	22.5031	1.88174	0.04463788386558625	1180.2862403689705	0.04367030274727507	1232.97172049471
63.8501	1.1210170966396564	22.5042	1.88715	0.044840683865586255	1180.3439353027534	0.04386441816321528	1233.271364558326
64.0501	1.1266770966396564	22.5202	1.89453	0.045067083865586256	1181.183134339593	0.044081078443043306	1234.4156137154914
64.2601	1.1328070966396564	22.5144	1.90135	0.04531228386558626	1180.8789246887384	0.044315677009131006	1234.3872457351226
64.4701	1.1379970966396564	22.5153	1.90705	0.04551988386558626	1180.9261296345608	0.044514258228500414	1234.6817499093625
64.6801	1.1435370966396563	22.5117	1.91345	0.045741483865586255	1180.737309851272	0.04472618774075431	1234.7459864593295
64.8901	1.1488770966396564	22.522	1.91911	0.045955083865586256	1181.2775442312372	0.044930423865666154	1235.5632528449175
65.0901	1.1542170966396563	22.5256	1.92538	0.04616868386558625	1181.4663640145263	0.04513461828670057	1236.0131110725365
65.3001	1.1600270966396564	22.522	1.93182	0.04640108386558626	1181.2775442312372	0.04535673752452889	1236.0901026296447
65.5101	1.1651270966396563	22.5246	1.938	0.046605083865586254	1181.4139140747236	0.045551672449988014	1236.4738086201467
65.7101	1.1705170966396563	22.5265	1.94422	0.04682068386558625	1181.5135689603485	0.045757650616575614	1236.8328422555414
65.9201	1.1766470966396565	22.5357	1.95041	0.04706588386558626	1181.996108406531	0.045991856236784014	1237.6277999743677
66.1301	1.1819970966396565	22.5302	1.95649	0.04727988386558626	1181.7076337376177	0.04619621599823521	1237.5786334238092
66.3401	1.1873870966396565	22.5269	1.96247	0.04749548386558626	1181.5345489362694	0.04640206145935956	1237.6521040419047
66.5401	1.1923570966396564	22.5274	1.96852	0.04769428386558625	1181.5607739061707	0.046591829473367964	1237.9144688612935
66.7401	1.1980870966396564	22.5424	1.97442	0.04792348386558626	1182.3475230032077	0.046810571654736254	1239.0097354453678
66.9401	1.2034770966396564	22.5465	1.9808	0.048139083865586255	1182.5625677563978	0.047016290705378626	1239.490046381926
67.1401	1.2089270966396564	22.5331	1.98685	0.04835708386558626	1181.8597385630449	0.04722425674332438	1239.0110290580978
67.3401	1.2142070966396563	22.5402	1.99297	0.04856828386558625	1182.232133135642	0.0474256945283446	1239.6511189727914
67.5601	1.2191870966396563	22.5398	1.99848	0.04876748386558625	1182.2111531597213	0.04761564980747897	1239.8646164971542
67.7601	1.2253870966396565	22.5483	2.00523	0.04901548386558626	1182.6569776480424	0.047852089901588034	1240.625481654473
67.9501	1.2301570966396564	22.5448	2.01057	0.04920628386558626	1182.4734028587336	0.04803395818973582	1240.6585247833061
68.1601	1.2362870966396564	22.5605	2.01732	0.04945148386558626	1183.2968669136324	0.04826763135444695	1241.8126528360106
68.3701	1.2416270966396563	22.5474	2.02325	0.049665083865586254	1182.6097727022202	0.04847114554133963	1241.344186243738
68.6001	1.2477470966396564	22.5577	2.02983	0.04990988386558626	1183.1500070821855	0.04870433559634755	1242.200886531225
68.8001	1.2533170966396565	22.5473	2.03631	0.05013268386558626	1182.6045277082399	0.04891652177224645	1241.891666633848
69.0001	1.2585870966396564	22.5545	2.04237	0.05034348386558626	1182.9821672748176	0.049117238165934905	1242.5376109262936
69.2101	1.2643270966396565	22.5635	2.04852	0.05057308386558626	1183.4542167330399	0.04933580943567548	1243.3051460869615
69.4101	1.2697070966396564	22.5524	2.05424	0.05078828386558626	1182.8720224012322	0.049540629038868855	1242.9480624516061
69.6101	1.2751870966396563	22.5561	2.05975	0.051007483865586255	1183.0660871785017	0.049749212578868496	1243.4113115321813
69.8201	1.2812170966396563	22.5573	2.06667	0.05124868386558625	1183.1290271062646	0.049978680333332255	1243.7628325886324
70.0301	1.2866170966396564	22.5598	2.07309	0.05146468386558625	1183.2601519557707	0.05018412916347197	1244.15626160692
70.2401	1.2925770966396564	22.5588	2.07938	0.05170308386558625	1183.2077020159684	0.050410834806910214	1244.3831890637077
70.4401	1.2977270966396564	22.5564	2.08506	0.05190908386558626	1183.0818221604422	0.050606688399904586	1244.494515686819
70.6401	1.3032370966396565	22.5624	2.09102	0.05212948386558626	1183.3965217992572	0.05081619026378336	1245.0863716889826
70.8501	1.3081070966396564	22.559	2.09654	0.052324283865586255	1183.2181920039286	0.05100132143990439	1245.1292365572679
71.0601	1.3142570966396565	22.5613	2.10351	0.05257028386558626	1183.3388268654744	0.05123506236440603	1245.547284902962
71.2601	1.3197970966396564	22.5668	2.10955	0.05279188386558625	1183.627301534388	0.051445572464962556	1246.1132165771287
71.4701	1.3251570966396564	22.5631	2.11585	0.05300628386558626	1183.4332367571187	0.05164920071768516	1246.1626348406362
71.6801	1.3312670966396565	22.5737	2.12249	0.05325068386558626	1183.9892061190249	nan	nan
71.8801	1.3371470966396564	22.5723	2.12858	0.05348588386558625	1183.9157762033014	nan	nan
72.0901	1.3426770966396564	22.5596	2.13458	0.05370708386558626	1183.2496619678102	nan	nan
72.2901	1.3482270966396563	22.5665	2.14083	0.05392908386558625	1183.6115665524471	nan	nan
72.5001	1.3542070966396564	22.5611	2.14734	0.05416828386558626	1183.3283368775137	nan	nan
72.7001	1.3596870966396564	22.5527	2.15254	0.054387483865586256	1182.8877573831733	nan	nan
72.9101	1.3650270966396565	22.5669	2.15913	0.05460108386558626	1183.6325465283683	nan	nan
73.1201	1.3712970966396565	22.5622	2.16608	0.05485188386558626	1183.3860318112966	nan	nan
73.3301	1.3768270966396563	22.5543	2.17171	0.05507308386558625	1182.9716772868574	nan	nan
73.5401	1.3825570966396563	22.5469	2.17763	0.05530228386558625	1182.583547732319	nan	nan
73.7501	1.3883470966396565	22.5614	2.18431	0.05553388386558626	1183.3440718594545	nan	nan
73.9401	1.3936670966396565	22.5547	2.19021	0.05574668386558626	1182.992657262778	nan	nan
74.1501	1.3990970966396563	22.5609	2.19612	0.055963883865586254	1183.3178468895535	nan	nan
74.3501	1.4045670966396564	22.5621	2.20167	0.05618268386558625	1183.3807868173164	nan	nan
74.5601	1.4110370966396564	22.5652	2.20953	0.056441483865586256	1183.543381630704	nan	nan
74.7601	1.4162470966396563	22.5561	2.21439	0.056649883865586254	1183.0660871785017	nan	nan
74.9601	1.4224370966396565	22.5652	2.22128	0.05689748386558626	1183.543381630704	nan	nan
75.1601	1.4278670966396565	22.5474	2.22626	0.05711468386558626	1182.6097727022202	nan	nan
75.3701	1.4333070966396564	22.5582	2.23232	0.05733228386558625	1183.1762320520868	nan	nan
75.5701	1.4391770966396564	22.5567	2.23855	0.05756708386558626	1183.097557142383	nan	nan
75.7701	1.4446970966396564	22.5508	2.24496	0.057787883865586254	1182.7881024975484	nan	nan
75.9701	1.4504070966396565	22.552	2.25082	0.05801628386558626	1182.8510424253113	nan	nan
76.1701	1.4561670966396565	22.5532	2.25735	0.05824668386558626	1182.9139823530745	nan	nan
76.3801	1.4623970966396564	22.5486	2.26382	0.05849588386558626	1182.6727126299832	nan	nan
76.5901	1.4681270966396565	22.5465	2.26998	0.05872508386558626	1182.5625677563978	nan	nan
76.7801	1.4739070966396564	22.5529	2.27566	0.058956283865586254	1182.8982473711337	nan	nan
77.0001	1.4802570966396564	22.5403	2.28259	0.05921028386558626	1182.2373781296224	nan	nan
77.2101	1.4855970966396563	22.5431	2.28839	0.05942388386558625	1182.3842379610694	nan	nan
77.4101	1.4913170966396565	22.5381	2.29403	0.05965268386558626	1182.121988262057	nan	nan
77.6201	1.4977570966396565	22.5453	2.30139	0.05991028386558626	1182.4996278286349	nan	nan
77.8301	1.5033670966396564	22.5288	2.30673	0.06013468386558626	1181.634203821894	nan	nan
78.0301	1.5090970966396564	22.5337	2.31267	0.060363883865586256	1181.8912085269262	nan	nan
78.2401	1.5151570966396564	22.521	2.31934	0.06060628386558625	1181.2250942914347	nan	nan
78.4401	1.5210970966396564	22.5381	2.3255	0.06084388386558626	1182.121988262057	nan	nan
78.6501	1.5269470966396563	22.5234	2.33138	0.061077883865586255	1181.3509741469607	nan	nan
78.8601	1.5335170966396563	22.5238	2.33812	0.06134068386558625	1181.3719541228818	nan	nan
79.0701	1.5392670966396564	22.5229	2.34397	0.061570683865586257	1181.3247491770596	nan	nan
79.2601	1.5449270966396564	22.5224	2.35006	0.06179708386558626	1181.2985242071584	nan	nan
79.4701	1.5509370966396565	22.5166	2.3559	0.06203748386558626	1180.994314556304	nan	nan
79.6801	1.5572970966396564	22.5082	2.36258	0.062291883865586255	1180.5537350619632	nan	nan
79.9001	1.5633570966396564	22.5034	2.36856	0.06253428386558625	1180.3019753509113	nan	nan
80.1101	1.5693970966396564	22.4969	2.37452	0.06277588386558626	1179.9610507421953	nan	nan
80.3201	1.5753470966396563	22.5028	2.38128	0.06301388386558625	1180.2705053870297	nan	nan
80.5201	1.5820570966396563	22.5045	2.3877	0.06328228386558625	1180.3596702846942	nan	nan
80.7201	1.5878470966396565	22.4891	2.39427	0.06351388386558626	1179.5519412117362	nan	nan
80.9301	1.5936570966396564	22.4885	2.39974	0.06374628386558626	1179.5204712478546	nan	nan
81.1301	1.5998270966396564	22.4805	2.40599	0.06399308386558626	1179.1008717294349	nan	nan
81.3401	1.6060870966396563	22.4608	2.41209	0.06424348386558626	1178.067607915326	nan	nan
81.5501	1.6121270966396564	22.468	2.41812	0.06448508386558625	1178.4452474819038	nan	nan
81.7401	1.6178670966396564	22.4671	2.42406	0.06471468386558626	1178.3980425360817	nan	nan
81.9501	1.6239470966396563	22.4648	2.43	0.06495788386558625	1178.2774076745359	nan	nan
82.1501	1.6297470966396563	22.4525	2.43574	0.06518988386558626	1177.6322734149655	nan	nan
82.3501	1.6356170966396564	22.4404	2.44117	0.06542468386558625	1176.9976291433559	nan	nan
82.5601	1.6420070966396565	22.4415	2.44808	0.06568028386558626	1177.0553240771385	nan	nan
82.7701	1.6481570966396564	22.4353	2.45441	0.06592628386558626	1176.7301344503633	nan	nan
82.9801	1.6551670966396563	22.4382	2.46076	0.06620668386558626	1176.8822392757902	nan	nan
83.1801	1.6615070966396563	22.4349	2.46752	0.06646028386558625	1176.7091544744421	nan	nan
83.3801	1.6675970966396565	22.4164	2.47309	0.06670388386558626	1175.7388305880963	nan	nan
83.5901	1.6736770966396564	22.4003	2.47916	0.06694708386558626	1174.894386557277	nan	nan
83.7901	1.6795870966396564	22.3967	2.48563	0.06718348386558626	1174.7055667739878	nan	nan
83.9901	1.6857570966396564	22.3939	2.49127	0.06743028386558626	1174.5587069425408	nan	nan
84.2001	1.6927270966396564	22.378	2.49786	0.06770908386558626	1173.7247528996816	nan	nan
84.4101	1.6986670966396564	22.3632	2.50383	0.06794668386558626	1172.948493790605	nan	nan
84.6201	1.7050070966396564	22.3574	2.51057	0.06820028386558626	1172.6442841397507	nan	nan
84.8201	1.7110270966396564	22.3474	2.51604	0.06844108386558626	1172.119784741726	nan	nan
85.0301	1.7170570966396563	22.3391	2.52235	0.06868228386558625	1171.6844502413653	nan	nan
85.2501	1.7239370966396563	22.3378	2.52942	0.06895748386558626	1171.6162653196225	nan	nan
85.4401	1.7301770966396564	22.3191	2.53517	0.06920708386558626	1170.635451445316	nan	nan
85.6501	1.7360970966396565	22.3076	2.54082	0.06944388386558625	1170.0322771375877	nan	nan
85.8501	1.7426370966396565	22.3135	2.54725	0.06970548386558625	1170.3417317824221	nan	nan
86.0601	1.7492570966396563	22.2874	2.55421	0.06997028386558625	1168.972788353578	nan	nan
86.2701	1.7552270966396564	22.2679	2.55948	0.07020908386558626	1167.9500145274296	nan	nan
86.4701	1.7610370966396565	22.2656	2.56617	0.07044148386558625	1167.8293796658838	nan	nan
86.6801	1.7680170966396564	22.2552	2.57271	0.07072068386558626	1167.2839002919382	nan	nan
86.8901	1.7741870966396565	22.2428	2.57863	0.07096748386558625	1166.6335210383875	nan	nan
87.1001	1.7803170966396564	22.2345	2.58461	0.07121268386558625	1166.1981865380271	nan	nan
87.3001	1.7875170966396563	22.2258	2.59164	0.07150068386558625	1165.7418720617457	nan	nan
87.5001	1.7943270966396565	22.2238	2.59814	0.07177308386558626	1165.6369721821407	nan	nan
87.7101	1.8002770966396564	22.1974	2.60354	0.07201108386558626	1164.2522937713552	nan	nan
87.9101	1.8064470966396564	22.1698	2.60899	0.07225788386558625	1162.8046754328072	nan	nan
88.1301	1.8132270966396564	22.1756	2.61601	0.07252908386558626	1163.1088850836616	nan	nan
88.3301	1.8196170966396563	22.1596	2.62244	0.07278468386558626	1162.2696860468222	nan	nan
88.5301	1.8262270966396563	22.136	2.62844	0.07304908386558626	1161.0318674674838	nan	nan
88.7401	1.8330170966396564	22.1327	2.63555	0.07332068386558625	1160.8587826661355	nan	nan
88.9401	1.8395370966396565	22.118	2.64117	0.07358148386558626	1160.0877685510393	nan	nan
89.1501	1.8456370966396565	22.0989	2.64742	0.07382548386558625	1159.0859747008121	nan	nan
89.3601	1.8523270966396563	22.0792	2.65332	0.07409308386558626	1158.0527108867034	nan	nan
89.5601	1.8581170966396563	22.0636	2.65888	0.07432468386558626	1157.234491825785	nan	nan
89.7701	1.8644470966396565	22.0684	2.66535	0.07457788386558625	1157.4862515368368	nan	nan
89.9801	1.8715770966396563	22.0556	2.67246	0.07486308386558625	1156.814892307365	nan	nan
90.1801	1.8780770966396565	22.03	2.6786	0.07512308386558626	1155.4721738484218	nan	nan
90.3901	1.8842570966396563	22.0087	2.68421	0.07537028386558625	1154.3549901306294	nan	nan
90.6001	1.8910870966396565	21.996	2.69051	0.07564348386558625	1153.688875895138	nan	nan
90.8201	1.8979970966396564	21.9816	2.69707	0.07591988386558626	1152.9335967619822	nan	nan
91.0401	1.9052270966396565	21.9664	2.70409	0.07620908386558627	1152.1363576769847	nan	nan
91.2601	1.9117470966396564	21.9564	2.71035	0.07646988386558626	1151.61185827896	nan	nan
91.4501	1.9180370966396565	21.929	2.71564	0.07672148386558626	1150.1747299283725	nan	nan
91.6501	1.9242070966396565	21.9224	2.72181	0.07696828386558625	1149.828560325676	nan	nan
91.8601	1.9308070966396564	21.8994	2.72859	0.07723228386558625	1148.6222117102193	nan	nan
92.0501	1.9368770966396565	21.8929	2.73483	0.07747508386558626	1148.2812871015033	nan	nan
92.2601	1.9437170966396564	21.8707	2.74123	0.07774868386558625	1147.1168984378885	nan	nan
92.4601	1.9500670966396565	21.8539	2.74662	0.07800268386558626	1146.2357394492067	nan	nan
92.6701	1.9569270966396564	21.844	2.75271	0.07827708386558625	1145.7164850451625	nan	nan
92.8801	1.9633970966396563	21.8257	2.7597	0.07853588386558626	1144.7566511467771	nan	nan
93.0901	1.9695970966396563	21.7992	2.76533	0.07878388386558625	1143.3667277420118	nan	nan
93.2901	1.9755570966396565	21.7848	2.77112	0.07902228386558625	1142.611448608856	nan	nan
93.4901	1.9818670966396563	21.7897	2.77763	0.07927468386558625	1142.8684533138883	nan	nan
93.6901	1.9883070966396563	21.7695	2.78391	0.07953228386558625	1141.8089645298783	nan	nan
93.9001	1.9951070966396565	21.7354	2.78945	0.07980428386558626	1140.020421582614	nan	nan
94.1001	2.0017770966396564	21.7245	2.79595	0.08007108386558626	1139.4487172387671	nan	nan
94.3001	2.0078970966396565	21.7184	2.80198	0.08031588386558626	1139.128772605972	nan	nan
94.5101	2.0142670966396565	21.6955	2.80776	0.08057068386558626	1137.9276689844955	nan	nan
94.7101	2.0212370966396564	21.6755	2.8143	0.08084948386558626	1136.8786701884462	nan	nan
94.9201	2.0277670966396566	21.6522	2.82023	0.08111068386558626	1135.6565865910486	nan	nan
95.1101	2.0340070966396566	21.644	2.82636	0.08136028386558626	1135.2264970846684	nan	nan
95.3301	2.0410870966396564	21.6249	2.83296	0.08164348386558626	1134.2247032344412	nan	nan
95.5401	2.0477170966396563	21.607	2.83913	0.08190868386558625	1133.285849311977	nan	nan
95.7501	2.0545470966396566	21.5836	2.8451	0.08218188386558627	1132.0585207205993	nan	nan
95.9501	2.0608970966396565	21.5665	2.85165	0.08243588386558626	1131.161626749977	nan	nan
96.1601	2.0671370966396565	21.5525	2.85799	0.08268548386558626	1130.4273275927424	nan	nan
96.3701	2.073937096639656	21.5259	2.86422	0.08295748386558625	1129.0321591939967	nan	nan
96.5601	2.0797070966396562	21.5221	2.86983	0.08318828386558624	1128.8328494227471	nan	nan
96.7701	2.0867970966396565	21.5061	2.87598	0.08347188386558627	1127.9936503859076	nan	nan
96.9801	2.0928570966396562	21.4784	2.88183	0.08371428386558626	1126.5407870533793	nan	nan
97.1901	2.0997570966396566	21.4648	2.88857	0.08399028386558627	1125.8274678720657	nan	nan
97.4001	2.1059770966396565	21.4569	2.89488	0.08423908386558626	1125.4131133476262	nan	nan
97.6001	2.1124370966396566	21.44	2.90124	0.08449748386558627	1124.5267093649643	nan	nan
97.8101	2.119557096639656	21.4117	2.90779	0.08478228386558624	1123.0423760685544	nan	nan
98.0201	2.1259170966396566	21.3936	2.91383	0.08503668386558626	1122.0930321581297	nan	nan
98.2201	2.1322970966396566	21.3613	2.9196	0.08529188386558627	1120.3988991025099	nan	nan
98.4301	2.1392670966396565	21.3646	2.92679	0.08557068386558626	1120.571983903858	nan	nan
98.6301	2.1457170966396566	21.3432	2.93257	0.08582868386558626	1119.4495551920852	nan	nan
98.8401	2.1519270966396564	21.315	2.93819	0.08607708386558625	1117.9704668896557	nan	nan
99.0501	2.1592270966396563	21.303	2.94482	0.08636908386558625	1117.3410676120259	nan	nan
99.2501	2.1654970966396565	21.2869	2.95102	0.08661988386558626	1116.496623581206	nan	nan
99.4601	2.1721070966396563	21.2634	2.95715	0.08688428386558625	1115.2640499958482	nan	nan
99.6701	2.1792170966396562	21.2433	2.96413	0.08716868386558625	1114.2098062058187	nan	nan
99.8801	2.1855670966396565	21.2243	2.96993	0.08742268386558626	1113.2132573495714	nan	nan
100.07	2.1916070966396566	21.212	2.97563	0.08766428386558626	1112.568123090001	nan	nan
100.28	2.1979670966396565	21.1841	2.98182	0.08791868386558627	1111.1047697695124	nan	nan
100.48	2.2046470966396563	21.1835	2.98845	0.08818588386558625	1111.0732998056308	nan	nan
100.68	2.2111770966396564	21.1508	2.99426	0.08844708386558625	1109.35818677409	nan	nan
100.9	2.2182970966396565	21.127	3.00106	0.08873188386558625	1108.109878206791	nan	nan
101.09	2.224087096639656	21.0989	3.00638	0.08896348386558625	1106.636034898342	nan	nan
101.3	2.2300670966396563	21.0888	3.01252	0.08920268386558625	1106.1062905063368	nan	nan
101.49	2.2362970966396563	21.082	3.01835	0.08945188386558625	1105.74963091568	nan	nan
101.7	2.2427770966396565	21.066	3.02428	0.08971108386558627	1104.9104318788404	nan	nan
101.91	2.2498870966396565	21.0519	3.03102	0.08999548386558626	1104.1708877276258	nan	nan
102.12	2.2567170966396564	21.0305	3.0375	0.09026868386558626	1103.0484590158528	nan	nan
102.32	2.2631170966396565	21.0085	3.04362	0.09052468386558626	1101.8945603401985	nan	nan
102.53	2.2700570966396563	20.985	3.05064	0.09080228386558625	1100.6619867548404	nan	nan
102.73	2.276487096639656	20.9585	3.05616	0.09105948386558625	1099.2720633500749	nan	nan
102.94	2.2827970966396562	20.9412	3.06218	0.09131188386558625	1098.364679391492	nan	nan
103.15	2.2897970966396564	20.9263	3.06826	0.09159188386558625	1097.5831752884355	nan	nan
103.36	2.2959570966396563	20.8977	3.07433	0.09183828386558625	1096.0831070100846	nan	nan
103.57	2.3031570966396564	20.8749	3.08173	0.09212628386558626	1094.8872483825885	nan	nan
103.78	2.3093670966396562	20.859	3.0871	0.09237468386558625	1094.053294339729	nan	nan
103.97	2.3160470966396565	20.8525	3.09379	0.09264188386558626	1093.712369731013	nan	nan
104.18	2.3224670966396563	20.8279	3.0994	0.09289868386558625	1092.4221012118724	nan	nan
104.38	2.3289670966396563	20.8046	3.10541	0.09315868386558625	1091.2000176144747	nan	nan
104.59	2.3353470966396563	20.774	3.11147	0.09341388386558626	1089.595049456519	nan	nan
104.79	2.3417070966396563	20.7787	3.11774	0.09366828386558625	1089.8415641735908	nan	nan
105.01	2.3481970966396566	20.7557	3.12432	0.09392788386558626	1088.635215558134	nan	nan
105.22	2.3551470966396564	20.7274	3.13084	0.09420588386558626	1087.1508822617238	nan	nan
105.43	2.362037096639656	20.7045	3.13704	0.09448148386558625	1085.9497786402474	nan	nan
105.63	2.368407096639656	20.6821	3.14323	0.09473628386558625	1084.7748999886721	nan	nan
105.84	2.3746970966396566	20.6709	3.14915	0.09498788386558626	1084.1874606628844	nan	nan
106.04	2.3812370966396563	20.6461	3.15485	0.09524948386558625	1082.8867021557833	nan	nan
106.25	2.3883770966396565	20.6326	3.1618	0.09553508386558626	1082.1786279684497	nan	nan
106.45	2.3949870966396563	20.6143	3.16795	0.09579948386558625	1081.2187940700646	nan	nan
106.66	2.4014470966396564	20.5851	3.17355	0.09605788386558625	1079.6872558278326	nan	nan
106.87	2.4085770966396565	20.5633	3.17982	0.09634308386558627	1078.5438471401387	nan	nan
107.08	2.4146770966396565	20.5334	3.18579	0.09658708386558626	1076.9755939400447	nan	nan
107.29	2.4216070966396566	20.5164	3.19218	0.09686428386558626	1076.083944963403	nan	nan
107.48	2.4275470966396564	20.5086	3.19773	0.09710188386558626	1075.6748354329436	nan	nan
107.71	2.4343770966396563	20.4812	3.20486	0.09737508386558626	1074.2377070823559	nan	nan
107.91	2.4413770966396564	20.4575	3.21152	0.09765508386558626	1072.9946435090374	nan	nan
108.12	2.4478170966396564	20.4407	3.21711	0.09791268386558626	1072.1134845203558	nan	nan
108.33	2.4553570966396565	20.4269	3.22424	0.09821428386558625	1071.3896753510817	nan	nan
108.53	2.4617870966396564	20.4005	3.23085	0.09847148386558625	1070.0049969402965	nan	nan
108.73	2.4677470966396564	20.3617	3.23582	0.09870988386558625	1067.9699392759605	nan	nan
108.95	2.4739470966396566	20.3571	3.2421	0.09895788386558627	1067.7286695528692	nan	nan
109.14	2.480727096639656	20.3446	3.24877	0.09922908386558625	1067.0730453053384	nan	nan
109.34	2.4871470966396565	20.3177	3.25426	0.09948588386558627	1065.6621419246517	nan	nan
109.54	2.4934470966396565	20.3005	3.26035	0.09973788386558625	1064.7600029600494	nan	nan
109.76	2.5002470966396566	20.2842	3.26698	0.10000988386558626	1063.905068941269	nan	nan
109.97	2.5071870966396563	20.2544	3.27329	0.10028748386558625	1062.3420607351557	nan	nan
110.18	2.513607096639656	20.2437	3.27967	0.10054428386558625	1061.7808463792692	nan	nan
110.38	2.5204470966396566	20.2148	3.28556	0.10081788386558627	1060.2650431189777	nan	nan
110.6	2.5277570966396565	20.183	3.2924	0.10111028386558626	1058.597135033259	nan	nan
110.8	2.5339770966396564	20.1595	3.29797	0.10135908386558626	1057.364561447901	nan	nan
110.99	2.5402670966396563	20.1438	3.30364	0.10161068386558625	1056.5410973930022	nan	nan
111.21	2.5477370966396564	20.1269	3.3115	0.10190948386558625	1055.6546934103405	nan	nan
111.42	2.5542670966396566	20.1075	3.31717	0.10217068386558627	1054.6371645781726	nan	nan
111.63	2.560517096639656	20.0667	3.32255	0.10242068386558625	1052.497207034232	nan	nan
111.82	2.5666470966396564	20.0577	3.32912	0.10266588386558625	1052.0251575760096	nan	nan
112.03	2.574007096639656	20.0413	3.33538	0.10296028386558626	1051.164978563249	nan	nan
112.24	2.580307096639656	20.0129	3.34153	0.10321228386558624	1049.6754002728587	nan	nan
112.44	2.5863670966396564	19.9793	3.34731	0.10345468386558626	1047.913082295496	nan	nan
112.65	2.5937270966396566	19.9765	3.35487	0.10374908386558626	1047.766222464049	nan	nan
112.86	2.5999170966396563	19.9383	3.36022	0.10399668386558625	1045.7626347635949	nan	nan
113.06	2.6061070966396565	19.9215	3.36635	0.10424428386558626	1044.881475774913	nan	nan
113.27	2.6129970966396563	19.9122	3.37309	0.10451988386558625	1044.39369133475	nan	nan
113.48	2.6197370966396565	19.8881	3.37901	0.10478948386558626	1043.1296477855108	nan	nan
113.69	2.6260770966396563	19.8554	3.38457	0.10504308386558625	1041.4145347539697	nan	nan
113.88	2.632707096639656	19.8384	3.3912	0.10530828386558624	1040.522885777328	nan	nan
114.08	2.6393670966396563	19.8144	3.39727	0.10557468386558626	1039.2640872220684	nan	nan
114.29	2.6463570966396563	19.7872	3.40386	0.10585428386558625	1037.8374488594413	nan	nan
114.49	2.6525470966396565	19.7711	3.4098	0.10610188386558626	1036.9930048286217	nan	nan
114.69	2.6587970966396566	19.7419	3.41538	0.10635188386558626	1035.4614665863896	nan	nan
114.89	2.6654770966396564	19.7323	3.422	0.10661908386558626	1034.9579471642858	nan	nan
115.1	2.6723170966396563	19.7133	3.42785	0.10689268386558626	1033.9613983080387	nan	nan
115.31	2.6792270966396563	19.6714	3.43409	0.10716908386558625	1031.7637458303152	nan	nan
115.52	2.6858070966396563	19.6636	3.44011	0.10743228386558626	1031.3546362998559	nan	nan
115.72	2.692227096639656	19.633	3.44631	0.10768908386558625	1029.7496681419004	nan	nan
115.93	2.6990670966396566	19.606	3.45307	0.10796268386558626	1028.3335197672338	nan	nan
116.14	2.7054870966396565	19.59	3.45921	0.10821948386558626	1027.4943207303943	nan	nan
116.34	2.7115570966396563	19.5626	3.46487	0.10846228386558625	1026.0571923798066	nan	nan
116.55	2.718597096639656	19.5369	3.47112	0.10874388386558625	1024.709228926883	nan	nan
116.76	2.7250070966396565	19.5179	3.47755	0.10900028386558626	1023.7126800706362	nan	nan
116.96	2.7314670966396566	19.5045	3.48376	0.10925868386558626	1023.009850877283	nan	nan
117.17	2.7381970966396563	19.4617	3.49	0.10952788386558625	1020.7649934537374	nan	nan
117.38	2.7450170966396565	19.4552	3.4963	0.10980068386558627	1020.4240688450212	nan	nan
117.58	2.7521670966396563	19.4298	3.5029	0.11008668386558625	1019.0918403740384	nan	nan
117.79	2.7586970966396565	19.398	3.50889	0.11034788386558626	1017.4239322883199	nan	nan
117.98	2.7652170966396565	19.3737	3.51521	0.11060868386558625	1016.14939875112	nan	nan
118.18	2.7716270966396563	19.3502	3.52087	0.11086508386558626	1014.9168251657619	nan	nan
118.39	2.7781270966396563	19.3244	3.52672	0.11112508386558625	1013.5636167188582	nan	nan
118.61	2.7846670966396565	19.312	3.53243	0.11138668386558626	1012.9132374653075	nan	nan
118.8	2.791197096639656	19.2846	3.53883	0.11164788386558624	1011.4761091147199	nan	nan
119	2.7975070966396562	19.2437	3.54394	0.11190028386558624	1009.3309065767987	nan	nan
119.2	2.8038570966396565	19.2468	3.55055	0.11215428386558626	1009.4935013901863	nan	nan
119.41	2.8112770966396563	19.2101	3.55718	0.11245108386558625	1007.5685885994359	nan	nan
119.61	2.8176370966396562	19.19	3.56339	0.11270548386558625	1006.5143448094061	nan	nan
119.82	2.8240970966396564	19.1559	3.5694	0.11296388386558626	1004.7258018621417	nan	nan
120.03	2.8309670966396565	19.1225	3.57538	0.11323868386558626	1002.9739738727393	nan	nan
120.23	2.8373170966396564	19.1258	3.58205	0.11349268386558625	1003.1470586740876	nan	nan
120.43	2.8442970966396564	19.0956	3.58878	0.11377188386558626	1001.563070492053	nan	nan
120.64	2.8506570966396563	19.0595	3.59438	0.11402628386558625	999.6696276651837	nan	nan
120.84	2.8571170966396564	19.0376	3.60023	0.11428468386558625	998.5209739835097	nan	nan
121.04	2.8635470966396563	19.0193	3.60562	0.11454188386558625	997.5611400851245	nan	nan
121.25	2.8702070966396565	18.9892	3.61192	0.11480828386558625	995.9823968970701	nan	nan
121.46	2.8771770966396564	18.9527	3.61849	0.11508708386558625	994.0679740942799	nan	nan
121.67	2.8842170966396563	18.9305	3.62447	0.11536868386558626	992.903585430665	nan	nan
121.88	2.8905970966396564	18.916	3.6311	0.11562388386558625	992.1430613035292	nan	nan
122.08	2.8974070966396566	18.8767	3.63658	0.11589628386558626	990.0817786692921	nan	nan
122.3	2.9043670966396564	18.8622	3.64397	0.11617468386558626	989.3212545421563	nan	nan
122.51	2.9118670966396563	18.8405	3.65044	0.11647468386558625	988.1830908484427	nan	nan
122.71	2.9181470966396565	18.7955	3.65617	0.11672588386558626	985.8228435573316	nan	nan
122.92	2.9246570966396566	18.7744	3.66204	0.11698628386558627	984.7161498274995	nan	nan
123.12	2.9313970966396563	18.7618	3.66862	0.11725588386558625	984.0552805859883	nan	nan
123.32	2.9380870966396566	18.7253	3.67449	0.11752348386558627	982.140857783198	nan	nan
123.53	2.9448670966396566	18.6912	3.68108	0.11779468386558627	980.3523148359337	nan	nan
123.73	2.9501470966396566	18.6759	3.68564	0.11800588386558626	979.549830756956	nan	nan
123.93	2.9578570966396565	18.6639	3.69279	0.11831428386558626	978.9204314793265	nan	nan
124.14	2.9647370966396562	18.6224	3.69931	0.11858948386558625	976.7437589775238	nan	nan
124.35	2.9718870966396564	18.5953	3.70598	0.11887548386558626	975.3223656088771	nan	nan
124.56	2.9780670966396565	18.5548	3.71104	0.11912268386558626	973.1981430468769	nan	nan
124.76	2.9843770966396566	18.5367	3.71691	0.11937508386558626	972.2487991364522	nan	nan
124.97	2.9915370966396564	18.5205	3.72426	0.11966148386558625	971.3991101116521	nan	nan
125.18	2.998217096639656	18.4949	3.73026	0.11992868386558625	970.0563916527091	nan	nan
125.38	3.0047070966396565	18.4561	3.7357	0.12018828386558626	968.021333988373	nan	nan
125.58	3.0110770966396565	18.4337	3.74194	0.12044308386558626	966.8464553367978	nan	nan
125.79	3.0183670966396563	18.4185	3.7484	0.12073468386558625	966.0492162518002	nan	nan
126	3.0246270966396565	18.3716	3.75411	0.12098508386558626	963.5893140750644	nan	nan
126.2	3.0314570966396563	18.3655	3.76048	0.12125828386558625	963.2693694422693	nan	nan
126.42	3.0388370966396563	18.3254	3.76713	0.12155348386558625	961.1661268561901	nan	nan
126.63	3.0458970966396564	18.2893	3.7735	0.12183588386558625	959.272684029321	nan	nan
126.83	3.0527470966396564	18.2729	3.78004	0.12210988386558626	958.4125050165605	nan	nan
127.04	3.0596570966396563	18.2428	3.78609	0.12238628386558625	956.8337618285061	nan	nan
127.23	3.0660270966396563	18.2136	3.79179	0.12264108386558625	955.302223586274	nan	nan
127.44	3.0725570966396565	18.1664	3.7979	0.12290228386558626	952.8265864275974	nan	nan
127.65	3.0795870966396564	18.1529	3.80407	0.12318348386558625	952.118512240264	nan	nan
127.86	3.0857370966396562	18.1127	3.80939	0.12342948386558625	950.0100246602049	nan	nan
128.06	3.0921870966396563	18.1105	3.81596	0.12368748386558626	949.8946347926393	nan	nan
128.27	3.099157096639656	18.0709	3.82252	0.12396628386558625	947.8176171764616	nan	nan
128.48	3.1056770966396563	18.0453	3.82864	0.12422708386558626	946.4748987175183	nan	nan
128.69	3.1130970966396565	18.0039	3.83506	0.12452388386558626	944.3034712096961	nan	nan
128.9	3.1198470966396563	17.9851	3.84135	0.12479388386558625	943.3174123414095	nan	nan
129.11	3.1273170966396564	17.9404	3.8474	0.12509268386558625	940.9729000322392	nan	nan
129.32	3.1338270966396564	17.9143	3.85365	0.12535308386558625	939.6039566033946	nan	nan
129.54	3.1413570966396565	17.8826	3.86098	0.12565428386558625	937.9412935116562	nan	nan
129.74	3.148167096639656	17.8557	3.86674	0.12592668386558625	936.5303901309697	nan	nan
129.96	3.1549270966396565	17.8032	3.87276	0.12619708386558626	933.7767682913402	nan	nan
130.17	3.1619970966396562	17.782	3.87903	0.12647988386558626	932.6648295675278	nan	nan
130.38	3.1689570966396565	17.7578	3.88536	0.12675828386558627	931.395541024308	nan	nan
130.59	3.1760570966396564	17.7209	3.89169	0.12704228386558625	929.4601382455969	nan	nan
130.8	3.1829770966396564	17.6915	3.89786	0.12731908386558627	927.9181100154043	nan	nan
131	3.1899270966396562	17.6488	3.90359	0.12759708386558624	925.678497585839	nan	nan
131.21	3.1974370966396566	17.5989	3.91019	0.12789748386558628	923.0612455896955	nan	nan
131.41	3.2041070966396563	17.5553	3.91588	0.12816428386558626	920.7744282143077	nan	nan
131.63	3.2108370966396564	17.5185	3.92136	0.12843348386558626	918.8442704295769	nan	nan
