Specimen name:	AWA_2_04_Rz
Specimen ID:	46NT9F
Material:	42CrMoS4
Specimen type:	Round Tensile Specimen
Gauge diameter:	4.99	mm
Gauge length:	25	mm
Parallel length:	30	mm
Original cross-section:	19.556492808412802	mm²
Cross-section after fracture:	8.814130888727863	mm²
Yield stress at 0.2% plastic strain:	1106.555484554111	MPa
Yield stress at 1% plastic strain:	1139.6807488416064	MPa
Ultimate tensile strength:	1192.8007863437151	MPa
Uniform elongation:	5.0265280164062585	%
Elongation after fracture:	14.376390801436681	%
Reduction of area:	54.929899879920164	%
Slope of linear-elastic region:	208809.84306349463	MPa
Crosshead seperation speed:	0.030074472653748394	mm/s
Strain rate:	0.0010024824217916132	s-1
Test temperature:	RT	Cel
Machine type:	INSTRON 8852TT
Standard:	DIN EN ISO 6892-1
Date:	2022-08-23 00:00:00
Heat treatment batch:	Batch 2
Time	Displacement	Force	Machine Displacement	Engineering Strain	Engineering Stress	True Strain	True Stress
s	mm	kN	mm		MPa		MPa
0	0.0009142682753775459	0.150191	0	3.6570731015101835e-05	7.679853513171386	3.6570062322159346e-05	7.680134371028451
0.24	0.000889255175377546	0.14986	-1.5259e-05	3.557020701510184e-05	7.6629281879997055	3.5569574410355216e-05	7.663200759941695
0.450001	0.0008916652753775459	0.147732	-0.000492096	3.566661101510184e-05	7.5541152213370655	3.5665974976614496e-05	7.554384651026228
0.660001	0.0009140728143775459	0.14547	-0.00049591	3.656291257510184e-05	7.438450310345104	3.656224416814889e-05	7.4387222817534955
0.870001	0.0008873661753775459	0.152995	3.4332e-05	3.549464701510184e-05	7.823233004958062	3.5494017095055395e-05	7.82351068785209
1.07	0.001167004275377546	0.180988	0.00300217	4.668017101510184e-05	9.254624628918263	4.667908152977839e-05	9.25505663637862
1.26	0.001764647275377546	0.242537	0.00880432	7.058589101510183e-05	12.401865834331275	7.058339994826831e-05	12.40274123108144
1.47	0.002486378275377546	0.30692	0.01408	9.945513101510183e-05	15.694020548918123	9.945018568151643e-05	15.69558139978797
1.68	0.003101018275377546	0.39853	0.0216179	0.00012404073101510184	20.37839831017965	0.0001240330385996515	20.38092606160296
1.89	0.003841188275377546	0.482653	0.0277519	0.00015364753101510185	24.679936465518633	0.00015363572844214824	24.683728476822168
2.1	0.004726608275377546	0.566527	0.0339928	0.00018906433101510182	28.968742276544173	0.00018904646060694753	28.97421923242304
2.3	0.005260608275377545	0.62917	0.0394478	0.00021042433101510182	32.171923982675665	0.00021040219492075477	32.17869373825719
2.51	0.006071908275377545	0.709411	0.045784	0.00024287633101510183	36.27496028811598	0.00024284684133387945	36.28377061737847
2.7	0.006999088275377546	0.79548	0.0520287	0.00027996353101510183	40.676005037968814	0.00027992434853870476	40.68739283596683
2.91	0.007780418275377545	0.881782	0.0583916	0.0003112167310151018	45.0889639895286	0.000311168313133629	45.10299642950628
3.11	0.008598098275377546	0.982495	0.0644302	0.0003439239310151018	50.238813759967776	0.0003438648027365468	50.256092090285634
3.31	0.009307188275377546	1.0813	0.0698776	0.00037228753101510185	55.29110002458349	0.0003722182492067973	55.31168421169875
3.51	0.009921768275377546	1.20361	0.0765495	0.00039687073101510187	61.545288912040085	0.0003967919986569196	61.56971443584114
3.72001	0.010772468275377546	1.34073	0.0827713	0.00043089873101510184	68.5567710496253	0.00043080592081714	68.58631207527307
3.92001	0.011516768275377547	1.46227	0.0891533	0.0004606707310151019	74.77158682414473	0.00046056465483008334	74.80603190570616
4.13001	0.012202368275377547	1.58694	0.0951195	0.00048809473101510186	81.14645174605802	0.000487975651528325	81.18605890159584
4.34001	0.013018168275377547	1.73832	0.102081	0.0005207267310151019	88.8871034816739	0.0005205911998985433	88.9333893724993
4.55001	0.013985768275377546	1.8724	0.108059	0.0005594307310151018	95.74313852402676	0.0005592743079795015	95.79670017800093
4.76001	0.014720568275377547	2.02206	0.114479	0.0005888227310151019	103.3958399294454	0.0005886494429314845	103.45672175028827
4.98001	0.015542068275377546	2.16616	0.120464	0.0006216827310151019	110.76423677911015	0.0006214895663599581	110.83309699232979
5.18001	0.016474068275377545	2.32701	0.126842	0.0006589627310151018	118.98912666993994	0.0006587457104085054	119.06753606981147
5.37001	0.017260668275377547	2.45797	0.132267	0.0006904267310151019	125.685623904028	0.0006901884961291135	125.77240061847566
5.58001	0.018441268275377547	2.63476	0.139259	0.0007376507310151019	134.72558836656953	0.0007373788004328883	134.82496879531456
5.79001	0.019154968275377545	2.77947	0.145302	0.0007661987310151018	142.1251769031065	0.0007659053506162125	142.23407303329495
6.00001	0.020335768275377548	2.96027	0.15176	0.0008134307310151019	151.3701883563986	0.0008131000755360196	151.49331751936722
6.19001	0.021122068275377548	3.10583	0.157181	0.0008448827310151019	158.81324071890515	0.000844526018506453	158.94741928344507
6.40001	0.022178768275377545	3.28418	0.163456	0.0008871507310151018	167.93297408557905	0.0008867574453905462	168.0819559463006
6.62001	0.023261268275377545	3.4473	0.169876	0.0009304507310151018	176.27393795870404	0.0009300181300554199	176.4379521731366
6.82001	0.024247768275377547	3.62017	0.176048	0.0009699107310151019	185.11345748265646	0.0009694406715212531	185.29300101152418
7.03001	0.025350868275377546	3.78432	0.181988	0.0010140347310151018	193.507089286074	0.0010135209450990118	193.70331219530772
7.23001	0.026341468275377547	3.95658	0.188507	0.0010536587310151018	202.31541712315416	0.0010531040222692652	202.5285885288249
7.43001	0.027296168275377546	4.12368	0.19392	0.0010918467310151018	210.85989396964254	0.0010912510998921906	211.09012065557548
7.64001	0.028486768275377546	4.33549	0.200432	0.0011394707310151018	221.6905680621303	0.0011388220269810464	221.9431779757792
7.85001	0.029647068275377546	4.52413	0.207024	0.0011858827310151018	231.33646939260052	0.001185180127504692	231.61080731670722
8.06001	0.030792268275377545	4.69975	0.212696	0.0012316907310151019	240.3166071770427	0.0012309328222622213	240.61260291461164
8.27001	0.031784068275377546	4.88564	0.21907	0.0012713627310151018	249.82189024702313	0.001270555233760265	250.1395044876749
8.47001	0.032965968275377545	5.07765	0.225895	0.0013186387310151018	259.6401128639845	0.001317770090495157	259.98248437293205
8.69001	0.034248268275377546	5.27761	0.232578	0.0013699307310151019	269.86485008854356	0.0013689932320193271	270.2345462399006
8.89001	0.03542806827537754	5.46947	0.237766	0.0014171227310151016	279.675402618569	0.001416119560229994	280.0717369889256
9.08001	0.03638626827537754	5.6431	0.244129	0.0014554507310151016	288.5537839163295	0.0014543925891910522	288.9737597320677
9.28001	0.037634468275377544	5.86708	0.250484	0.0015053787310151017	300.0067577288757	0.001504246784316448	300.45838152112157
9.48001	0.038793668275377544	6.05805	0.256451	0.0015517467310151016	309.77180107641544	0.0015505440161016932	310.25248845609644
9.69001	0.040180268275377545	6.25672	0.262772	0.0016072107310151017	319.93057555332655	0.0016059205500581792	320.44477140753565
9.90001	0.04118636827537754	6.44703	0.26841	0.0016474547310151016	329.66187051834874	0.0016460991660866655	330.20497352656946
10.09	0.042400768275377546	6.62764	0.273937	0.0016960307310151018	338.8971665281888	0.0016945940950513865	339.47194653727456
10.3	0.043641768275377545	6.83502	0.280716	0.0017456707310151017	349.5013173865058	0.001744148818778844	350.1114316067186
10.51	0.044914468275377546	7.02792	0.286816	0.0017965787310151018	359.36504918595284	0.0017949668137820297	360.0106767899905
10.72	0.046022068275377546	7.23681	0.293732	0.0018408827310151018	370.04641225275697	0.0018391903830248283	370.72762430274713
10.94	0.04715316827537754	7.42633	0.299206	0.0018861267310151017	379.73731142658386	0.0018843502274488368	380.45354412042934
11.13	0.048221268275377545	7.60821	0.304562	0.0019288507310151017	389.03754750581373	0.0019269928870626865	389.78794286371266
11.33	0.049840668275377545	7.82772	0.311333	0.001993626731015102	400.2619527276729	0.0019916420945554607	401.05992565603907
11.54	0.05094836827537754	8.02876	0.317982	0.0020379347310151017	410.5419145781698	0.0020358609590278337	411.37857220442606
11.76	0.052177468275377545	8.25389	0.32531	0.0020870987310151017	422.0536923905571	0.0020849237661770704	422.9345601163657
11.97	0.053366168275377546	8.43894	0.330772	0.0021346467310151018	431.5160229736971	0.002132371609826638	432.4371572415185
12.17	0.054499568275377545	8.63591	0.337109	0.0021799827310151018	441.58786979866915	0.0021776100163536797	442.550523729056
12.38	0.05572406827537754	8.83241	0.343685	0.002228962731015102	451.6356836845755	0.0022264822787934424	452.6423627915049
12.58	0.057010568275377545	9.02327	0.349133	0.0022804227310151016	461.39510230169566	0.002277826513332467	462.4472781809635
12.79	0.058190768275377544	9.2342	0.355469	0.0023276307310151016	472.18077855082663	0.00232492599487672	473.2798410415762
12.99	0.05931156827537754	9.42268	0.36124	0.002372462731015102	481.81849845523203	0.0023696528846031428	482.9615948859307
13.2	0.06070606827537754	9.6361	0.368137	0.0024282427310151015	492.73149814749746	0.0024252993135598796	493.9279698262163
13.41	0.061998568275377544	9.84172	0.374268	0.002479942731015102	503.245653319101	0.00247687274758178	504.49367371896466
13.6	0.06303266827537754	10.0185	0.379539	0.002521306731015102	512.2851064425134	0.002518133569755177	513.5767343295857
13.82	0.06423586827537756	10.222	0.386086	0.0025694347310151024	522.6908577187575	0.002566139377187244	524.033877762164
14.01	0.06556006827537755	10.4303	0.392506	0.002622402731015102	533.3420517769474	0.0026189702325925394	534.7406894300925
14.22	0.06692746827537754	10.6265	0.398563	0.002677098731015102	543.3745254889823	0.0026735216848556673	544.8291927416348
14.42	0.06790996827537756	10.8342	0.404579	0.0027163987310151023	553.9950391994289	0.002712715987674163	555.4999106208988
14.63	0.06918486827537755	11.0225	0.410431	0.002767394731015102	563.6235549995113	0.00276357254425904	565.1833238558929
14.84	0.07046596827537754	11.2348	0.417873	0.002818638731015102	574.4792847093227	0.0028146738175588945	576.0985342713702
15.06	0.07195096827537754	11.4465	0.424248	0.0028780387310151016	585.3043340713909	0.0028739051068008455	586.9888626142794
15.26	0.07299586827537755	11.6456	0.429779	0.002919834731015102	595.4850961308514	0.002915580293078716	597.2238141963361
15.47	0.07437586827537755	11.8621	0.43644	0.0029750347310151023	606.5555882748654	0.002970618072829129	608.3601122162744
15.68	0.07566876827537755	12.0724	0.442581	0.003026750731015102	617.309050158866	0.003022179342999709	619.1774907776966
15.89	0.07676076827537755	12.2631	0.449249	0.003070430731015102	627.0602873499213	0.0030657265852875133	628.9856325263997
16.08	0.07791836827537756	12.445	0.454491	0.003116734731015102	636.3615461074093	0.003111887781815145	638.3449162396446
16.29	0.07939156827537755	12.6731	0.461693	0.003175662731015102	648.0251916411256	0.0031706309641065787	650.0831010909793
16.5	0.08042166827537756	12.8546	0.467606	0.0032168667310151023	657.3059968334514	0.0032117036848236975	659.4204626267617
16.71	0.08184106827537754	13.0809	0.474495	0.0032736427310151015	668.877601323938	0.0032682960282686383	671.067267621451
16.92	0.08303456827537754	13.267	0.480095	0.0033213827310151016	678.3936225156286	0.003315879122418757	680.6468273782828
17.12	0.08422506827537755	13.4624	0.486683	0.003369002731015102	688.3851890973392	0.003363340355456071	690.7043606793985
17.32	0.08543276827537755	13.6681	0.492508	0.003417310731015102	698.9034349819751	0.0034114849931638986	701.2918051902824
17.53	0.08686076827537755	13.8752	0.498981	0.003474430731015102	709.4932683446784	0.003468408840958222	711.9583535596635
17.74	0.08778626827537755	14.0557	0.5047	0.0035114507310151023	718.722939624099	0.0035052999823918366	721.2466998158393
17.94	0.08923846827537756	14.2666	0.510925	0.0035695387310151023	729.5070818558429	0.003563183047720312	732.1110856390771
18.14	0.09024286827537754	14.4487	0.517059	0.0036097147310151017	738.8185673959119	0.003603215346715049	741.4854916621883
18.35	0.09167486827537755	14.6719	0.523777	0.003666994731015102	750.231656756392	0.003660287697273979	752.9827522887584
18.55	0.09291856827537755	14.86	0.529366	0.003716742731015102	759.8499457738932	0.0037098527097645245	762.6741125365106
18.76	0.09407266827537755	15.0474	0.535473	0.003762906731015102	769.4324410523607	0.003755844707761141	772.327743563858
18.97	0.09520446827537755	15.2474	0.541061	0.0038081787310151024	779.6592236334361	0.00380094597499441	782.6283053063167
19.16	0.09649916827537755	15.4335	0.547523	0.003859966731015102	789.1752448251266	0.003852536174428998	792.2214350150922
19.37	0.09771176827537754	15.6328	0.553463	0.003908470731015102	799.366233667168	0.003900852503249022	802.4905331948179
19.57	0.09899336827537755	15.849	0.560612	0.003959734731015102	810.4213856373104	0.003951915615730002	813.6304393447759
19.78	0.10023116827537755	16.0333	0.56649	0.004009246731015102	819.8453657857714	0.004001231118575969	823.1323281384858
19.99	0.10152326827537755	16.2407	0.572712	0.0040609307310151025	830.4505393223465	0.004052707407195257	833.8229414380686
20.19	0.10248426827537754	16.4215	0.578136	0.0040993707310151015	839.6955507756385	0.004090991203540281	843.1377741394517
20.39	0.10372826827537755	16.6151	0.584389	0.004149130731015102	849.5950763141194	0.0041405468237476085	853.1201573541734
20.6	0.10500426827537755	16.8135	0.590481	0.004200170731015102	859.7400446345459	0.004191374635397539	863.3510996063015
20.8	0.10613026827537755	17.0093	0.596691	0.004245210731015102	869.7520647814187	0.004236225245151054	873.4443455801513
21.01	0.10731826827537755	17.2122	0.603516	0.0042927307310151016	880.1271357099196	0.004283543245999106	883.9052845125817
21.22	0.10878126827537755	17.4037	0.609802	0.004351250731015102	889.9192800312992	0.004341811411544326	893.7915419490798
21.42	0.10985526827537755	17.5996	0.615822	0.004394210731015102	899.9364135694623	0.004384584376890884	903.8909238152005
21.63	0.11098826827537756	17.7886	0.621845	0.004439530731015102	909.6007231085784	0.004429705084565387	913.6389234717725
21.84	0.11236126827537755	17.9815	0.62838	0.004494450731015102	919.4644549080256	0.004484380848448771	923.5969425995294
22.04	0.11342626827537755	18.1714	0.633877	0.004537050731015102	929.1747849687565	0.004526789342268193	933.3904981061398
22.25	0.11481626827537755	18.3843	0.641178	0.004592650731015102	940.0611950263112	0.0045821366899019035	944.3785677608477
22.45	0.11589926827537755	18.574	0.646572	0.004635970731015102	949.7612983044611	0.00462525771609479	954.1643638848515
22.66	0.11720026827537755	18.7499	0.652508	0.004688010731015102	958.7557535845169	0.004677056231905755	963.2504108457435
22.87	0.11842226827537755	18.9614	0.658855	0.004736890731015102	969.570576164004	0.0047257069677198735	974.1633260393002
23.08	0.11957626827537755	19.1671	0.664875	0.004783050731015102	980.0888220486399	0.004771648288386403	984.7766366053995
23.28	0.12072226827537755	19.3221	0.670361	0.0048288907310151015	988.0145785489731	0.004817269036414456	992.7855929894359
23.48	0.12205126827537754	19.5242	0.676395	0.0048820507310151015	998.3487423471498	0.004870172166825562	1003.2227315545337
23.68	0.12308026827537755	19.7049	0.682915	0.004923210731015102	1007.5886404091511	0.004911131359036958	1012.5492116160624
23.88	0.12447426827537755	19.8931	0.689335	0.004978970731015102	1017.2120428179433	0.004966616646359454	1022.2767118063698
24.09	0.12576626827537754	20.0931	0.69593	0.005030650731015102	1027.4388253990182	0.0050180392857932955	1032.6075112770852
24.29	0.12696926827537755	20.274	0.701843	0.005078770731015102	1036.688950243601	0.005065917276409525	1041.9540557412652
24.49	0.12810426827537755	20.4491	0.706917	0.005124170731015102	1045.6424983933325	0.005111086845184071	1051.000549078705
24.7	0.12946326827537755	20.617	0.713413	0.0051785307310151015	1054.2278823701452	0.005165168252898189	1059.687233856492
24.91	0.13111226827537756	20.8161	0.720242	0.005244490731015103	1064.4086444296054	0.0052307862838495475	1069.990925699329
25.12	0.13266126827537755	20.991	0.726521	0.0053064507310151025	1073.3519657967558	0.005292421131036842	1079.0476551202946
25.33	0.13435826827537756	21.1624	0.732788	0.005374330731015103	1082.1163184687375	0.005359940550978011	1087.9319694536168
25.55	0.13644126827537756	21.3184	0.739697	0.005457650731015102	1090.0932088819761	0.005442811721534204	1096.0425568803055
25.76	0.13882026827537755	21.4423	0.745537	0.005552810731015102	1096.4287006909522	0.005537450712125965	1102.516961745942
25.96	0.14148226827537755	21.5405	0.751572	0.005659290731015102	1101.4500509382601	0.005643337107719937	1107.6834770022112
26.16	0.14468026827537755	21.5945	0.757614	0.005787210731015102	1104.2112822351505	0.0057705291559095595	1110.6015856170097
26.37	0.14893826827537754	21.6561	0.763916	0.005957530731015102	1107.3611312701216	0.005939854813282192	1113.9582692399952
26.57	0.15313526827537755	21.6769	0.770119	0.006125410731015102	1108.4247166585535	0.0061067266622802175	1115.2142733124963
26.78	0.15825126827537755	21.6997	0.775822	0.006330050731015102	1109.590569872796	0.0063101001079282	1116.6143344707468
26.99	0.16424026827537755	21.6681	0.782608	0.006569610731015102	1107.9747382249861	0.006548124889508288	1115.2537009549228
27.19	0.17003926827537755	21.6442	0.788105	0.006801570731015102	1106.7526377065478	0.00677854439999108	1114.2802940536465
27.39	0.17585226827537756	21.6403	0.794594	0.007034090731015102	1106.5532154462167	0.007009466918131826	1114.336811162362
27.61	0.18198826827537756	21.6338	0.801247	0.007279530731015103	1106.2208450123317	0.007253162833802169	1114.2736136488886
27.82	0.18743026827537754	21.6456	0.806717	0.0074972107310151016	1106.8242251846154	0.007469246329672816	1115.1223196430171
28.03	0.19371926827537755	21.6586	0.813549	0.007748770731015102	1107.488966052385	0.007718903198978705	1116.0706441374539
28.24	0.19862626827537755	21.6843	0.819183	0.007945050731015101	1108.8031076140533	0.007913654999604806	1117.612604554754
28.44	0.20358526827537754	21.7033	0.825302	0.008143410731015101	1109.7746519592554	0.008110432080007706	1118.812002769029
28.64	0.20852326827537754	21.7365	0.832191	0.0083409307310151	1111.472297867714	0.008306337395581303	1120.7430113136706
28.85	0.21389726827537756	21.7625	0.838398	0.008555890731015103	1112.8017796032539	0.008519496540388699	1122.3227900348184
29.05	0.21903626827537756	21.7933	0.844807	0.008761450731015103	1114.3767041207393	0.008723291943805628	1124.1402607096843
29.26	0.22366526827537755	21.7943	0.850113	0.008946610731015102	1114.4278380336448	0.008906826920005695	1124.3981900883384
29.45	0.22845426827537754	21.827	0.856071	0.009138170731015102	1116.0999169856505	0.009096670282717888	1126.2990285799372
29.67	0.23369526827537754	21.8552	0.862743	0.0093478107310151	1117.541893329582	0.009304390329009172	1127.9884634324073
29.88	0.23826026827537755	21.8729	0.869099	0.009530410731015102	1118.4469635880073	0.00948528286483087	1129.1062225318576
30.09	0.24354326827537756	21.8894	0.875622	0.009741730731015103	1119.2906731509458	0.009694586005732388	1130.194501498519
30.3	0.24805826827537755	21.9019	0.881226	0.009922330731015103	1119.9298470622632	0.00987342762986923	1131.04216140035
30.5	0.25291226827537755	21.9405	0.887897	0.010116490731015101	1121.9036161004108	0.010065661559767224	1133.253343633783
30.71	0.25791426827537756	21.9578	0.893852	0.010316570731015101	1122.7882327936738	0.010263718109593417	1134.3715570132413
30.9	0.26202426827537756	21.9646	0.899441	0.010480970731015102	1123.1359434014305	0.01042642614638548	1134.907498351172
31.12	0.26713926827537754	21.9753	0.905693	0.010685570731015101	1123.6830762695179	0.010628883486245124	1135.6902712602405
31.33	0.27233126827537757	21.9983	0.912487	0.010893250731015103	1124.8591562663414	0.01083434666039961	1137.1125290926288
31.53	0.27732626827537754	22.0202	0.91861	0.011093050731015101	1125.9789889589692	0.011031974112678497	1138.4695310055483
31.73	0.28217626827537756	22.032	0.924316	0.011287050731015102	1126.5823691312528	0.011223827266746653	1139.2981614843045
31.93	0.2869372682753776	22.0494	0.930557	0.011477490731015103	1127.472099215806	0.011412124022655708	1140.4126497840336
32.16	0.29226226827537755	22.0643	0.93684	0.011690490731015102	1128.2339945180963	0.011622684888326445	1141.4236035734264
32.36	0.29713926827537757	22.0779	0.942657	0.011885570731015102	1128.9294157336096	0.01181549207192526	1142.347386154635
32.56	0.30211526827537755	22.0926	0.949203	0.012084610731015102	1129.6810842533187	0.012012174812080948	1143.332840406711
32.76	0.30712826827537754	22.1119	0.954849	0.012285130731015101	1130.6679687723922	0.012210280915475786	1144.5583725821323
32.96	0.31184326827537756	22.1162	0.960842	0.012473730731015103	1130.8878445978855	0.012396574704958918	1144.9942350583776
33.18	0.31708226827537755	22.122	0.967297	0.012683290731015102	1131.1844212927365	0.012603531497471251	1145.5315621783873
33.39	0.32238626827537753	22.1443	0.974266	0.012895450731015102	1132.3247075505267	0.012813012369710976	1146.9265450282555
33.59	0.32740926827537753	22.1673	0.980515	0.0130963707310151	1133.50078754735	0.013011354730751332	1148.3455340849675
33.79	0.33255426827537754	22.1714	0.986225	0.013302170731015101	1133.7104365902621	0.013214473709073447	1148.7912463773193
33.99	0.33745926827537753	22.1787	0.991863	0.013498370731015102	1134.0837141544714	0.013408079341792788	1149.391996568135
34.2	0.34242226827537753	22.1882	0.998192	0.0136968907310151	1134.5694863270724	0.01360393615382136	1150.1095606080382
34.4	0.3474932682753776	22.2068	1.00362	0.013899730731015103	1135.5205771071126	0.013804015398903595	1151.3040073684283
34.6	0.35209426827537754	22.2053	1.00929	0.014083770731015102	1135.4438762377545	0.013985515889782824	1151.4352074686221
34.8	0.35715026827537755	22.2154	1.01567	0.014286010731015103	1135.9603287580985	0.014184927261928715	1152.1886702047443
35.02	0.36250126827537754	22.2298	1.02172	0.014500050731015101	1136.696657103936	0.014395930289660283	1153.1788162977184
35.23	0.36789326827537755	22.2497	1.02897	0.014715730731015102	1137.7142219707532	0.014608505022010061	1154.4565181101211
35.44	0.37313226827537754	22.2625	1.03472	0.014925290731015102	1138.368736055942	0.014815004593637533	1155.3592204006752
35.65	0.37864826827537756	22.2648	1.04091	0.015145930731015103	1138.4863440556244	0.01503237627846923	1155.7297793608975
35.8601	0.38344726827537756	22.2812	1.04662	0.015337890731015102	1139.3249402272722	0.015221454367684106	1156.7997816675984
36.0701	0.38916426827537753	22.2884	1.05408	0.015566570731015101	1139.693104400191	0.015446654523876405	1157.4342177214867
36.2801	0.3942562682753776	22.3052	1.06034	0.015770250731015102	1140.5521541370015	0.01564719241452128	1158.5389475795414
36.4801	0.39943826827537754	22.3152	1.06607	0.015977530731015103	1141.0634932660553	0.015851233489511306	1159.294870295753
36.6901	0.40454526827537757	22.3119	1.07196	0.016181810731015104	1140.8947513534677	0.01605228071698047	1159.3564942838782
36.9101	0.40975826827537754	22.3355	1.07828	0.0163903307310151	1142.1015116980345	0.016257459166963032	1160.8209332031577
37.1101	0.41523426827537757	22.3367	1.08531	0.016609370731015104	1142.162872393521	0.016472943705096506	1161.133478976306
37.3201	0.4202092682753775	22.3505	1.09146	0.016808370731015102	1142.868520391615	0.016668673285475093	1162.078278179164
37.5301	0.42559826827537756	22.3558	1.09753	0.017023930731015102	1143.1395301300136	0.0168806474985429	1162.600258306832
37.7401	0.43054126827537753	22.3608	1.10381	0.0172216507310151	1143.3951996945407	0.017075038974600932	1163.0863524711992
37.9401	0.43554226827537756	22.3741	1.10992	0.017421690731015103	1144.0752807361819	0.017271672946332785	1164.007006450167
38.1401	0.44092726827537754	22.3892	1.11611	0.0176370907310151	1144.847402821053	0.017483362164124813	1165.039180337775
38.3401	0.44597426827537756	22.4025	1.12217	0.017838970731015102	1145.5274838626947	0.01768172362313116	1165.9625151188948
38.5501	0.4509612682753775	22.4025	1.12817	0.0180384507310151	1145.5274838626947	0.017877688270644315	1166.1910249413756
38.7601	0.45581526827537755	22.4104	1.13439	0.018232610731015102	1145.931441774647	0.018068389797826025	1166.8247636769552
38.9501	0.46086726827537755	22.4262	1.14008	0.018434690731015103	1146.739357598552	0.018266831635153184	1167.8791430049644
39.1601	0.4659742682753775	22.437	1.14658	0.0186389707310151	1147.29160385793	0.018467393848046458	1168.6759384821773
39.3601	0.47114726827537756	22.4511	1.15224	0.018845890731015103	1148.0125920298958	0.018670507014308713	1169.6479118971208
39.5701	0.47673126827537754	22.4602	1.15876	0.019069250731015102	1148.4779106373348	0.018889711431950985	1170.3785238743105
39.7701	0.4817052682753776	22.4609	1.16494	0.019268210731015104	1148.5137043763684	0.01908492935282385	1170.643508459751
39.9801	0.48655226827537756	22.4676	1.17088	0.019462090731015104	1148.8563015928348	0.019275126163500866	1171.215447171333
40.1901	0.49217326827537755	22.474	1.17715	0.0196869307310151	1149.183558635429	0.019495649527457828	1171.807455751506
40.3901	0.49701026827537753	22.4759	1.18321	0.0198804107310151	1149.2807130699491	0.019685376041162213	1172.1288856910137
40.6001	0.5021082682753776	22.4999	1.18893	0.020084330731015104	1150.5079269796784	0.019885301065879053	1173.6151086937928
40.8001	0.5068012682753775	22.5027	1.19536	0.020272050731015102	1150.6511019358134	0.020069308136639066	1173.9771594479546
41.0101	0.5122812682753776	22.5175	1.20181	0.0204912507310151	1151.4078838468129	0.020284129719020542	1175.0016714883855
41.2201	0.5170062682753775	22.5146	1.20752	0.020680250731015103	1151.2595954993874	0.020469317490263438	1175.0679325908018
41.4201	0.5224942682753776	22.5429	1.21448	0.020899770731015104	1152.7066852346095	0.0206843666174475	1176.7979906761211
41.6201	0.5273652682753776	22.5387	1.21967	0.021094610731015102	1152.4919228004067	0.020875199660241497	1176.8032912825204
41.8201	0.5323862682753776	22.5557	1.22601	0.021295450731015103	1153.3611993197983	0.021071871201527377	1177.9225459149775
42.0301	0.5377912682753776	22.5642	1.23257	0.021511650731015103	1153.795837579494	0.02128354072299379	1178.615890652403
42.2301	0.5427492682753775	22.5705	1.23889	0.0217099707310151	1154.1179812307978	0.02147766552917205	1179.1738488234566
42.4401	0.5474662682753776	22.5739	1.24457	0.021898650731015105	1154.2918365346761	0.021662319281905852	1179.5692703046109
42.6501	0.5529542682753775	22.5846	1.2512	0.022118170731015102	1154.8389694027637	0.021877112035604527	1180.3818948948438
42.8601	0.5578822682753776	22.588	1.25721	0.022315290731015104	1155.012824706642	0.022069947854746138	1180.7872716880217
43.0601	0.5630342682753775	22.607	1.26317	0.0225213707310151	1155.9843690518442	0.0222715091868383	1182.0187215865192
43.2701	0.5686832682753775	22.6111	1.26987	0.022747330731015102	1156.1940180947563	0.022492467930066404	1182.494345813579
43.4801	0.5734142682753776	22.6164	1.27561	0.022936570731015102	1156.4650278331546	0.022677481851723264	1182.9903697419952
43.6801	0.5785092682753775	22.6334	1.28181	0.0231403707310151	1157.334304352546	0.02287669234722724	1184.1154492149856
43.8801	0.5834072682753776	22.6336	1.28761	0.023336290731015105	1157.3445311351272	0.023068162891981454	1184.352659589647
44.0901	0.5887632682753775	22.6525	1.29413	0.0235505307310151	1158.3109620890386	0.02327749542423093	1185.5897999977883
44.2901	0.5935732682753776	22.6548	1.30039	0.023742930731015105	1158.4285700887212	0.023465450892450907	1185.9330593851666
44.5001	0.5983022682753776	22.662	1.30609	0.023932090731015102	1158.7967342616398	0.023650206772710805	1186.5291628447935
44.6901	0.6034042682753775	22.6653	1.31173	0.0241361707310151	1158.9654761742274	0.02384949700586894	1186.9384647785207
44.9001	0.6082712682753776	22.6754	1.31719	0.024330850731015104	1159.481928694572	0.02403957084991578	1187.693110426949
45.1001	0.6133672682753776	22.6933	1.32404	0.024534690731015104	1160.397225735578	0.024238549256792634	1188.8672127941284
45.3101	0.6187012682753775	22.703	1.33074	0.0247480507310151	1160.8932246907602	0.024446778210713126	1189.623069108699
45.5201	0.6237192682753776	22.6955	1.33672	0.024948770731015105	1160.50972034397	0.024642631566721633	1189.4630112879463
45.7301	0.6292662682753776	22.7231	1.34335	0.025170650731015102	1161.9210163401583	0.02485908725075987	1191.1673244194826
45.9301	0.6342792682753775	22.7154	1.34929	0.0253711707310151	1161.5272852107869	0.025054664827905918	1190.9965922726024
46.1301	0.6390332682753775	22.7215	1.35551	0.025561330731015103	1161.8392020795097	0.025240102428031142	1191.537358180123
46.3401	0.6441322682753775	22.7369	1.36168	0.0257652907310151	1162.6266643382523	0.02543895910793582	1192.5820783565578
46.5401	0.6489362682753775	22.7419	1.36742	0.025957450731015103	1162.8823339027795	0.025626274866228815	1193.0677947910287
46.7401	0.6539482682753776	22.7484	1.3735	0.026157930731015102	1163.2147043366645	0.025821663490522367	1193.6419939980012
46.9501	0.6594262682753775	22.7558	1.38022	0.0263770507310151	1163.593095292164	0.026035175077717094	1194.2852493969442
47.1601	0.6641762682753776	22.7524	1.38538	0.026567050731015104	1163.4192399882859	0.026220275101051686	1194.3278579584937
47.3701	0.6698172682753776	22.7755	1.39183	0.026792690731015104	1164.6004333764001	0.026440051496149017	1195.8032126130604
47.5701	0.6747162682753776	22.7691	1.39799	0.026988650731015102	1164.2731763338058	0.026630879990534942	1195.6953384453684
47.7701	0.6798082682753775	22.7922	1.40436	0.027192330731015103	1165.4543697219199	0.02682918773703405	1197.145790395305
47.9801	0.6849562682753776	22.8067	1.41073	0.027398250731015105	1166.1958114590477	0.027029636432309313	1198.1475367028622
48.1701	0.6900132682753776	22.8013	1.41576	0.027600530731015104	1165.919688329359	0.027226502729728236	1198.099690516989
48.3801	0.6948192682753775	22.8115	1.42239	0.0277927707310151	1166.4412542409937	0.027413561819999335	1198.8598885913111
48.5901	0.6998842682753775	22.8024	1.4282	0.0279953707310151	1165.9759356335546	0.027610663842887514	1198.617864215058
48.8001	0.7048202682753776	22.8279	1.43483	0.028192810731015105	1167.2798504126417	0.027802708522831784	1200.1887503054531
49.0001	0.7098232682753776	22.8411	1.441	0.028392930731015103	1167.954818062993	0.027997322339894687	1201.1164783092108
49.2001	0.7147582682753776	22.8411	1.44685	0.028590330731015103	1167.954818062993	0.028189253897437542	1201.3470325902965
49.4101	0.7202262682753775	22.8476	1.45288	0.0288090507310151	1168.2871884968777	0.02840187182937104	1201.9444333786792
49.6201	0.7251132682753776	22.8568	1.45871	0.029004530731015103	1168.7576204956072	0.028591859884993888	1202.6568868163802
49.8401	0.7307232682753776	22.8622	1.46572	0.029228930731015103	1169.0337436252962	0.028809910951688462	1203.2033499399392
50.0501	0.7364972682753775	22.8793	1.47266	0.0294598907310151	1169.908133535978	0.029034286776301755	1204.3734993152739
50.2601	0.7413452682753775	22.8792	1.47851	0.0296538107310151	1169.9030201446876	0.029222639658841157	1204.5951028777013
50.4701	0.7466502682753775	22.8905	1.48506	0.0298660107310151	1170.4808333605183	0.029428707110622475	1205.4384264901112
50.6701	0.7514932682753775	22.8887	1.49082	0.030059730731015102	1170.3887923172888	0.029616791561116834	1205.5703642649444
50.8801	0.7564872682753776	22.8964	1.49657	0.030259490731015103	1170.7825234466602	0.029810703260377002	1206.209806362929
51.0801	0.7613032682753775	22.8944	1.50275	0.0304521307310151	1170.6802556208493	0.029997667800737423	1206.3299638092335
51.2801	0.7662052682753776	22.9107	1.50827	0.030648210731015105	1171.5137384012069	0.030187935102767453	1207.4185383300064
51.4901	0.7717052682753776	22.9158	1.51511	0.030868210731015103	1171.7745213570242	0.030401370221251015	1207.9451042115074
51.6901	0.7761212682753775	22.9215	1.52036	0.0310448507310151	1172.065984660585	0.030572706252564294	1208.452598201273
51.9001	0.7815842682753775	22.934	1.5274	0.0312633707310151	1172.7051585719023	0.030784624140049493	1209.3678747025094
52.1101	0.7872732682753776	22.9483	1.53366	0.0314909307310151	1173.436373526449	0.031005261179334283	1210.388977082424
52.3201	0.7921382682753776	22.9461	1.53961	0.031685530731015106	1173.3238789180573	0.03119390233942111	1210.5012687409492
52.5401	0.7976432682753776	22.9518	1.54604	0.0319057307310151	1173.6153422216178	0.031407316696176774	1211.0603973123289
52.7501	0.8031622682753775	22.9553	1.55348	0.0321264907310151	1173.7943109167868	0.03162122808626675	1211.504202966573
52.9501	0.8079482682753776	22.96	1.55943	0.032317930731015104	1174.034640307442	0.03180669202858322	1211.9770104887102
53.1601	0.8131142682753776	22.9689	1.56547	0.032524570731015105	1174.4897321322999	0.032006842888073525	1212.6895064978878
53.3701	0.8184602682753775	22.9793	1.57201	0.032738410731015105	1175.0215248265158	0.03221392547531171	1213.48986212407
53.5801	0.8233562682753776	22.9805	1.57745	0.0329342507310151	1175.0828855220022	0.03240353925511368	1213.7833599035087
53.7801	0.8283182682753776	22.9874	1.58344	0.0331327307310151	1175.4357095210494	0.03259567242639183	1214.38110437623
53.9801	0.8334312682753775	22.9989	1.58989	0.0333372507310151	1176.023749519461	0.03279361384581946	1215.2291481228197
54.1801	0.8383752682753776	22.9942	1.59523	0.0335350107310151	1175.7834201288058	0.032984975454653134	1215.213329740175
54.3801	0.8435062682753776	23.0121	1.60122	0.0337402507310151	1176.698717169812	0.033183536337667116	1216.4008269219853
54.5801	0.8488512682753776	23.0059	1.60789	0.0339540507310151	1176.3816869097989	0.033390336734235235	1216.3246103861713
54.7901	0.8541712682753776	23.0305	1.61424	0.0341668507310151	1177.639581167271	0.03359612741175363	1217.8758169519483
54.9901	0.8592232682753775	23.018	1.6197	0.0343689307310151	1177.0004072559539	0.033791511994852336	1217.4526527233104
55.1901	0.8637642682753776	23.0244	1.62507	0.034550570731015105	1177.3276642985484	0.033967101233910134	1218.0050070374764
55.4001	0.8694982682753776	23.0383	1.6322	0.0347799307310151	1178.0384256879329	0.034188776795911494	1219.0105205318332
55.6001	0.8744912682753776	23.0361	1.63819	0.034979650731015104	1177.9259310795412	0.03438176539459591	1219.1293687357095
55.8201	0.8792682682753775	23.0365	1.64424	0.0351707307310151	1177.9463846447034	0.03456637034141887	1219.375619754615
56.0101	0.8844982682753776	23.0584	1.651	0.035379930731015106	1179.066217337331	0.034768442190811974	1220.781498434006
56.2201	0.8901032682753776	23.0576	1.65708	0.0356041307310151	1179.025310207007	0.034984957619441086	1221.003481486793
56.4301	0.8949382682753776	23.0609	1.66248	0.035797530731015104	1179.1940521195945	0.03517169108032437	1221.4062874381762
56.6301	0.8999142682753776	23.0704	1.66833	0.0359965707310151	1179.6798242921955	0.03536383372661506	1222.144252527281
56.8401	0.9054932682753776	23.0845	1.67524	0.0362197307310151	1180.4008124641614	0.03557921664847051	1223.1546120462847
57.0401	0.9104892682753776	23.0787	1.6812	0.0364195707310151	1180.1042357693102	0.035772052903653324	1223.0831254538812
57.2401	0.9156262682753775	23.0818	1.68663	0.0366250507310151	1180.2627508993169	0.03597029272786704	1223.4899340269317
57.4501	0.9207292682753776	23.0912	1.69305	0.036829170731015104	1180.7434096806273	0.03616718157021197	1224.2292103052762
57.6601	0.9260872682753776	23.0956	1.69958	0.0370434907310151	1180.9683988974111	0.036373867356418205	1224.7155908355892
57.8601	0.9313632682753775	23.1004	1.70516	0.037254530731015104	1181.2138416793568	0.03657734824348896	1225.2194090441008
58.0801	0.9367912682753775	23.1072	1.71221	0.0374716507310151	1181.5615522871133	0.03678664815278077	1225.836614091612
58.2801	0.9419892682753775	23.1094	1.71821	0.037679570731015105	1181.6740468955054	0.03698703836872785	1226.1990177265095
58.4901	0.9469902682753776	23.1082	1.72399	0.037879610731015104	1181.6126862000187	0.03717979606256381	1226.3717147881046
58.7001	0.9523872682753776	23.1287	1.73044	0.038095490731015105	1182.6609314145787	0.03738777543633008	1227.7149799652166
58.8901	0.9574732682753776	23.1355	1.73585	0.038298930731015104	1183.0086420223356	0.03758373050011577	1228.3166080573412
59.1001	0.9628882682753775	23.1245	1.74211	0.0385155307310151	1182.4461689803763	0.03779231918707316	1227.988710739511
59.3201	0.9681472682753776	23.1375	1.74831	0.0387258907310151	1183.1109098481463	0.03799485703226125	1228.9279336655975
59.5201	0.9733882682753775	23.1349	1.75447	0.0389355307310151	1182.9779616745923	0.03819666084740256	1229.037836455487
59.7201	0.9782632682753776	23.1404	1.76024	0.039130530731015106	1183.259198195572	0.038384335343597455	1229.56075861332
59.9201	0.9835962682753776	23.153	1.76643	0.0393438507310151	1183.9034854981796	0.03858960128543603	1230.4828075115486
60.1201	0.9887182682753776	23.1508	1.77276	0.0395487307310151	1183.7909908897877	0.03878670622725971	1230.6084220302896
60.3401	0.9937062682753776	23.1553	1.77859	0.0397482507310151	1184.021093497862	0.0389786172456387	1231.083860793026
60.5401	0.9992002682753776	23.1488	1.78563	0.0399680107310151	1183.6887230639772	0.03918995376773085	1230.99840664958
60.7501	1.0043342682753775	23.1667	1.79158	0.0401733707310151	1184.6040201049832	0.03938740188591853	1232.1935565741114
60.9501	1.0093642682753776	23.1678	1.79746	0.04037457073101511	1184.6602674091791	0.03958081247417523	1232.4904171679143
61.1601	1.0152442682753775	23.1768	1.80434	0.0406097707310151	1185.1204726253275	0.03980685934662441	1233.2479433072742
61.3601	1.0202442682753776	23.171	1.81036	0.040809770731015105	1184.8238959304765	0.039999035884445346	1233.1762874800274
61.5601	1.0255442682753775	23.178	1.816	0.0410217707310151	1185.1818333208141	0.04020270270042992	1233.8000907618648
61.7701	1.0303742682753776	23.177	1.82228	0.041214970731015106	1185.1306994079087	0.04038827237817826	1233.9758264964332
61.9601	1.0356742682753775	23.1901	1.82765	0.041426970731015096	1185.800553666969	0.04059185994309909	1234.9246784965521
62.1701	1.0410042682753775	23.1912	1.83393	0.0416401707310151	1185.8568009711648	0.0407965580985265	1235.2360806261395
62.3801	1.0465542682753775	23.1941	1.84106	0.0418621707310151	1186.0050893185905	0.04100966081160962	1235.6538368554982
62.5901	1.0517342682753776	23.2071	1.84753	0.042069370731015104	1186.6698301863605	0.04120851571308818	1236.5922832077813
62.7901	1.0570742682753775	23.2027	1.85302	0.0422829707310151	1186.444840969577	0.04141347146504883	1236.6112534542574
63.0101	1.0628242682753775	23.2118	1.85943	0.0425129707310151	1186.9101595770157	0.041634116561634904	1237.3692364514577
63.2001	1.0679242682753776	23.216	1.86586	0.0427169707310151	1187.1249220112184	0.04182977843718603	1237.83530255883
63.4001	1.0730542682753776	23.2058	1.8717	0.042922170731015105	1186.6033560995834	0.04202655265050289	1237.5349479400852
63.6101	1.0780242682753776	23.2121	1.87715	0.043120970731015104	1186.9254997508874	0.04221715273604347	1238.106879485541
63.8101	1.0831442682753776	23.2225	1.88383	0.0433257707310151	1187.4572924451033	0.042413467357057116	1238.9047948504517
64.0101	1.0882042682753776	23.2178	1.88931	0.04352817073101511	1187.216963054448	0.04260744355885386	1238.8943457170392
64.2201	1.0938042682753775	23.2289	1.89617	0.043752170731015096	1187.7845494876976	0.04282207692305546	1239.7527018885453
64.4101	1.0985442682753777	23.2271	1.90182	0.04394177073101511	1187.6925084444679	0.04300371274309179	1239.8818203494789
64.6201	1.1042742682753774	23.2373	1.90825	0.0441709707310151	1188.214074356103	0.04322324112043424	1240.6986434566668
64.8301	1.1092642682753775	23.232	1.91419	0.0443705707310151	1187.9430646177043	0.04341437928708801	1240.652776390743
65.0501	1.1150142682753776	23.2401	1.92105	0.04460057073101511	1188.357249312238	0.04363458338312772	1241.3586608639032
65.2601	1.1209542682753775	23.2527	1.92836	0.0448381707310151	1189.0015366148457	0.0438620128801589	1242.3141905130215
65.4701	1.1260242682753776	23.238	1.93421	0.0450409707310151	1188.2498680951367	0.04405609108938467	1241.7697956251423
65.6801	1.1318442682753775	23.2557	1.9408	0.0452737707310151	1189.1549383535619	0.04427883266637773	1242.9924663962354
65.8901	1.1372842682753777	23.2513	1.94627	0.045491370731015106	1188.929949136778	0.044486986127969835	1243.0160022261662
66.1001	1.1427842682753775	23.2536	1.95288	0.0457113707310151	1189.0475571364605	0.04469739136171365	1243.400550837533
66.3001	1.1484542682753776	23.2537	1.95898	0.0459381707310151	1189.052670527751	0.04491425369586013	1243.6755751146243
66.5101	1.1535742682753776	23.2641	1.96457	0.0461429707310151	1189.5844632219669	0.04511003960166966	1244.4754242904883
66.7201	1.1593842682753777	23.2607	1.97189	0.04637537073101511	1189.4106079180888	0.04533216429835756	1244.569965811692
66.9201	1.1645942682753776	23.2589	1.97737	0.046583770731015106	1189.318566874859	0.045531308177050915	1244.7215103202968
67.1401	1.1696742682753776	23.2667	1.98338	0.0467869707310151	1189.717411395521	0.045725444835802875	1245.3806851006623
67.3301	1.1752342682753776	23.2699	1.99015	0.047009370731015104	1189.8810399168183	0.0459378819257264	1245.8165988480737
67.5401	1.1808042682753777	23.2649	1.99606	0.047232170731015106	1189.6253703522914	0.046150655855026826	1245.8139589507177
67.7501	1.1859742682753776	23.2642	2.002	0.0474389707310151	1189.5895766132573	0.0463481092849027	1246.0224817201342
67.9501	1.1910242682753776	23.2637	2.00789	0.0476409707310151	1189.5640096568047	0.046540942022812455	1246.2359938235334
68.1701	1.1970542682753775	23.2876	2.01484	0.047882170731015104	1190.7861101752435	0.046771147069268736	1247.8035340067759
68.3601	1.2024042682753775	23.2843	2.02142	0.0480961707310151	1190.6173682626556	0.046975347653320836	1247.881504481928
68.5601	1.2077042682753776	23.2702	2.0266	0.0483081707310151	1189.8963800906897	0.04717759871389145	1247.3780975723275
68.7701	1.2129242682753776	23.2831	2.03352	0.0485169707310151	1190.5560075671692	0.04737675695227901	1248.3181785399397
68.9701	1.2183942682753774	23.2905	2.03919	0.0487357707310151	1190.934398522669	0.0475854108703007	1248.9755043247492
69.1701	1.2236942682753775	23.2948	2.04509	0.048947770731015104	1191.154274348162	0.04778753859503262	1249.4586206742244
69.3801	1.2287342682753775	23.282	2.05034	0.0491493707310151	1190.4997602629733	0.04797971272904815	1249.0120743353227
69.5801	1.2350942682753776	23.2932	2.05738	0.0494037707310151	1191.0724600875133	0.04822216548968585	1249.9159308297028
69.7901	1.2404342682753775	23.2921	2.06357	0.049617370731015104	1191.0162127833175	0.048425688928795625	1250.111305759637
70.0001	1.2463042682753775	23.2954	2.07033	0.049852170731015104	1191.1849546959054	0.04864936447763499	1250.5681104296223
70.2001	1.2516842682753775	23.2989	2.07628	0.0500673707310151	1191.3639233910742	0.04885432471206711	1251.0123826190518
70.4101	1.2570042682753775	23.292	2.08239	0.0502801707310151	1191.011099392027	0.04905695784446779	1250.8953408119924
70.6201	1.2624642682753775	23.296	2.08794	0.0504985707310151	1191.2156350436485	0.049264880741321425	1251.3703220457912
70.8101	1.2676242682753776	23.2929	2.0936	0.050704970731015105	1191.0571199136416	0.04946133957702318	1251.44963631783
71.0201	1.2735642682753776	23.3011	2.10027	0.0509425707310151	1191.476417999466	0.049687447900445415	1252.1732896977405
71.2201	1.2788342682753775	23.3001	2.10621	0.0511533707310151	1191.4252840865606	0.049888009631761876	1252.3707033417454
71.4201	1.2841842682753775	23.304	2.11255	0.0513673707310151	1191.6247063468916	0.05009157480619182	1252.8353344100494
71.6301	1.2895442682753775	23.3068	2.11852	0.0515817707310151	1191.7678813030266	0.050295478929706414	1253.241378920987
71.8201	1.2948742682753775	23.305	2.12423	0.051794970731015105	1191.6758402597968	0.05049820057868867	1253.3986555269107
72.0301	1.3002442682753776	23.3126	2.13005	0.052009770731015106	1192.0644579978775	0.0507024020395118	1254.063457154939
72.2301	1.3056242682753776	23.3065	2.13586	0.052224970731015105	1191.752541129155	0.05090694195752562	1253.991782708238
72.4301	1.3110142682753776	23.3085	2.14228	0.0524405707310151	1191.8548089549656	0.05111182011655545	1254.356355365069
72.6401	1.3170342682753775	23.3101	2.1488	0.0526813707310151	1191.9366232156142	0.05134059546330145	1254.7294783511104
72.8501	1.3225342682753776	23.3145	2.15501	0.052901370731015106	1192.161612432398	0.05154956374221858	1255.228595862969
73.0701	1.3286342682753776	23.3114	2.1613	0.0531453707310151	1192.003097302391	0.051781277498886905	1255.3525438210447
73.2801	1.3343442682753774	23.3134	2.16783	0.0533737707310151	1192.105365128202	0.05199812812834441	1255.7325235737678
73.4801	1.3402342682753776	23.3133	2.17442	0.053609370731015106	1192.1002517369116	0.05222176541935599	1256.007996080812
73.6801	1.3458442682753775	23.3131	2.18007	0.0538337707310151	1192.0900249543304	0.05243472490227938	1256.2647260484518
73.8901	1.3511342682753775	23.3106	2.18603	0.0540453707310151	1191.962190172067	0.05263549542706772	1256.3822286372692
74.0801	1.3570342682753775	23.3264	2.19244	0.054281370731015105	1192.7701059959718	0.05285936964574972	1257.5153023164112
74.3001	1.3628042682753776	23.3081	2.19893	0.0545121707310151	1191.8343553898035	0.053078262578019904	1256.8038332539018
74.5101	1.3682042682753774	23.3079	2.20455	0.054728170731015095	1191.8241286072225	0.05328307565361786	1257.0504829989818
74.7101	1.3737342682753775	23.3085	2.21075	0.0549493707310151	1191.8548089549656	0.053492775948059484	1257.3464807097753
74.9101	1.3793442682753776	23.3062	2.21698	0.05517377073101511	1191.7372009552832	0.05370546495794396	1257.4898360524119
75.1101	1.3848542682753775	23.3192	2.22301	0.0553941707310151	1192.401941823053	0.05391431869486595	1258.454058568393
75.3201	1.3907742682753776	23.3149	2.22891	0.055630970731015104	1192.1820659975601	0.05413866467383364	1258.5043116171116
75.5401	1.3961542682753776	23.3071	2.23497	0.0558461707310151	1191.783221476898	0.05434250301668787	1258.339750737856
75.7201	1.4019642682753775	23.327	2.24152	0.0560785707310151	1192.8007863437151	nan	nan
75.9301	1.4072542682753775	23.3104	2.24719	0.056290170731015096	1191.9519633894859	nan	nan
76.1301	1.4127942682753776	23.3112	2.25319	0.056511770731015105	1191.9928705198101	nan	nan
76.3401	1.4188642682753776	23.3138	2.25942	0.05675457073101511	1192.1258186933642	nan	nan
76.5401	1.4243642682753777	23.3009	2.2649	0.056974570731015105	1191.4661912168847	nan	nan
76.7501	1.4299642682753775	23.3186	2.27122	0.0571985707310151	1192.37126147531	nan	nan
76.9601	1.4362942682753777	23.3172	2.27853	0.05745177073101511	1192.2996739972425	nan	nan
77.1601	1.4418742682753776	23.3182	2.2846	0.0576749707310151	1192.3508079101478	nan	nan
77.3701	1.4476642682753775	23.3077	2.291	0.0579065707310151	1191.8139018246413	nan	nan
77.5601	1.4531642682753776	23.3128	2.29662	0.058126570731015105	1192.0746847804587	nan	nan
77.7801	1.4592242682753775	23.3106	2.30279	0.0583689707310151	1191.962190172067	nan	nan
77.9901	1.4649142682753775	23.3125	2.30932	0.0585965707310151	1192.0593446065873	nan	nan
78.1901	1.4705342682753775	23.3088	2.31533	0.0588213707310151	1191.8701491288375	nan	nan
78.3901	1.4761842682753776	23.3064	2.32106	0.059047370731015104	1191.7474277378644	nan	nan
78.5901	1.4818142682753777	23.3125	2.32715	0.059272570731015106	1192.0593446065873	nan	nan
78.8101	1.4878242682753775	23.2984	2.33354	0.0595129707310151	1191.3383564346213	nan	nan
79.0201	1.4941342682753775	23.3069	2.34038	0.0597653707310151	1191.772994694317	nan	nan
79.2201	1.4997742682753776	23.3041	2.34614	0.05999097073101511	1191.6298197381818	nan	nan
79.4201	1.5055942682753776	23.3016	2.3522	0.060223770731015105	1191.5019849559187	nan	nan
79.6201	1.5112742682753775	23.3048	2.35826	0.0604509707310151	1191.6656134772156	nan	nan
79.8401	1.5172342682753774	23.2955	2.3636	0.060689370731015095	1191.1900680871959	nan	nan
80.0501	1.5227142682753776	23.2927	2.37038	0.060908570731015105	1191.0468931310606	nan	nan
80.2701	1.5290742682753775	23.3013	2.37643	0.0611629707310151	1191.486644782047	nan	nan
80.4701	1.5348042682753775	23.3009	2.38283	0.0613921707310151	1191.4661912168847	nan	nan
80.6801	1.5411342682753775	23.2902	2.38917	0.0616453707310151	1190.919058348797	nan	nan
80.8901	1.5468942682753775	23.2936	2.39546	0.0618757707310151	1191.0929136526756	nan	nan
81.1001	1.5531942682753777	23.2932	2.40131	0.06212777073101511	1191.0724600875133	nan	nan
81.3101	1.5591342682753775	23.2882	2.40738	0.0623653707310151	1190.8167905229866	nan	nan
81.5201	1.5656542682753776	23.2976	2.41422	0.0626261707310151	1191.297449304297	nan	nan
81.7201	1.5715442682753775	23.2786	2.42036	0.0628617707310151	1190.325904959095	nan	nan
81.9301	1.5775942682753776	23.2917	2.42708	0.0631037707310151	1190.9957592181552	nan	nan
82.1401	1.5840742682753775	23.2758	2.43351	0.0633629707310151	1190.1827300029597	nan	nan
82.3401	1.5895442682753775	23.2665	2.43908	0.0635817707310151	1189.70718461294	nan	nan
82.5401	1.5953842682753776	23.2752	2.44518	0.0638153707310151	1190.1520496552166	nan	nan
82.7501	1.6009642682753775	23.2621	2.45077	0.0640385707310151	1189.4821953961562	nan	nan
82.9501	1.6065042682753776	23.2578	2.45711	0.0642601707310151	1189.262319570663	nan	nan
83.1601	1.6129042682753776	23.2546	2.46332	0.06451617073101511	1189.0986910493657	nan	nan
83.3801	1.6187942682753775	23.2593	2.46946	0.0647517707310151	1189.3390204400212	nan	nan
83.5801	1.6253542682753777	23.2691	2.47612	0.0650141707310151	1189.840132786494	nan	nan
83.7901	1.6312542682753775	23.2541	2.48212	0.06525017073101509	1189.0731240929133	nan	nan
83.9901	1.6370342682753776	23.2507	2.48804	0.0654813707310151	1188.8992687890347	nan	nan
84.2001	1.6434442682753776	23.2543	2.4946	0.06573777073101511	1189.0833508754943	nan	nan
84.4001	1.6492242682753775	23.2409	2.50018	0.0659689707310151	1188.3981564425624	nan	nan
84.6101	1.6556042682753775	23.2574	2.50657	0.06622417073101511	1189.241866005501	nan	nan
84.8201	1.6618442682753776	23.231	2.51234	0.0664737707310151	1187.891930704799	nan	nan
85.0301	1.6680742682753775	23.2346	2.51915	0.0667229707310151	1188.0760127912583	nan	nan
85.2201	1.6741642682753775	23.2262	2.52513	0.0669665707310151	1187.646487922853	nan	nan
85.4301	1.6800642682753775	23.2168	2.5308	0.0672025707310151	1187.1658291415426	nan	nan
85.6301	1.6861642682753775	23.2114	2.53659	0.06744657073101509	1186.8897060118536	nan	nan
85.8401	1.6926042682753775	23.2125	2.5435	0.0677041707310151	1186.9459533160496	nan	nan
86.0501	1.6983342682753775	23.194	2.54892	0.0679333707310151	1185.9999759273	nan	nan
86.2601	1.7049342682753776	23.1895	2.55562	0.0681973707310151	1185.7698733192258	nan	nan
86.4601	1.7107942682753776	23.1925	2.56149	0.0684317707310151	1185.923275057942	nan	nan
86.6601	1.7170842682753775	23.1944	2.56833	0.0686833707310151	1186.0204294924622	nan	nan
86.8701	1.7228642682753776	23.1772	2.5735	0.0689145707310151	1185.1409261904898	nan	nan
87.0701	1.7289342682753774	23.1779	2.58007	0.06915737073101509	1185.1767199295236	nan	nan
87.2801	1.7354042682753776	23.1632	2.58553	0.06941617073101511	1184.4250514098146	nan	nan
87.4901	1.7415742682753776	23.1652	2.59154	0.0696629707310151	1184.527319235625	nan	nan
87.6901	1.7473942682753776	23.1502	2.59749	0.0698957707310151	1183.7603105420446	nan	nan
87.9001	1.7541542682753775	23.1531	2.60459	0.0701661707310151	1183.90859888947	nan	nan
88.1001	1.7601642682753775	23.1395	2.61026	0.0704065707310151	1183.213177673957	nan	nan
88.3001	1.7663742682753776	23.125	2.6165	0.07065497073101511	1182.4717359368292	nan	nan
88.5001	1.7725942682753775	23.1217	2.62255	0.0709037707310151	1182.3029940242413	nan	nan
88.7101	1.7788742682753775	23.1145	2.62857	0.07115497073101511	1181.9348298513225	nan	nan
88.9201	1.7856442682753775	23.1002	2.63453	0.0714257707310151	1181.203614896776	nan	nan
89.1301	1.7918742682753777	23.094	2.64046	0.0716749707310151	1180.8865846367623	nan	nan
89.3301	1.7977342682753776	23.0758	2.64617	0.07190937073101511	1179.9559474218845	nan	nan
89.5501	1.8047842682753776	23.0735	2.65393	0.0721913707310151	1179.8383394222021	nan	nan
89.7501	1.8110142682753776	23.0709	2.65998	0.0724405707310151	1179.7053912486483	nan	nan
89.9601	1.8174242682753776	23.0496	2.66604	0.07269697073101511	1178.6162389037638	nan	nan
90.1601	1.8236642682753776	23.0443	2.67189	0.07294657073101511	1178.3452291653653	nan	nan
90.3601	1.8298842682753775	23.0322	2.67856	0.0731953707310151	1177.7265088192103	nan	nan
90.5701	1.8357842682753776	23.0126	2.68377	0.0734313707310151	1176.7242841262648	nan	nan
90.7801	1.8425742682753776	23.0056	2.69052	0.0737029707310151	1176.3663467359272	nan	nan
90.9801	1.8488542682753775	23.0117	2.69699	0.0739541707310151	1176.67826360465	nan	nan
91.1901	1.8548742682753776	22.9895	2.70296	0.07419497073101511	1175.5430907381506	nan	nan
91.3901	1.8609442682753776	22.9724	2.70852	0.07443777073101511	1174.6687008274687	nan	nan
91.5901	1.8669742682753776	22.961	2.71434	0.0746789707310151	1174.0857742203473	nan	nan
91.8001	1.8738842682753776	22.9607	2.72063	0.0749553707310151	1174.0704340464758	nan	nan
92.0001	1.8801342682753774	22.9399	2.72654	0.0752053707310151	1173.006848658044	nan	nan
92.2101	1.8866942682753776	22.9396	2.73298	0.0754677707310151	1172.9915084841723	nan	nan
92.4101	1.8931242682753775	22.9183	2.7387	0.0757249707310151	1171.9023561392878	nan	nan
92.6301	1.9000742682753775	22.8981	2.74522	0.0760029707310151	1170.869451098599	nan	nan
92.8401	1.9068242682753775	22.8804	2.75106	0.0762729707310151	1169.964380840174	nan	nan
93.0401	1.9130542682753775	22.8753	2.75721	0.0765221707310151	1169.7035978843567	nan	nan
93.2501	1.9192942682753775	22.8599	2.76294	0.0767717707310151	1168.9161356256138	nan	nan
93.4601	1.9260442682753776	22.8357	2.76966	0.0770417707310151	1167.6786949333036	nan	nan
93.6601	1.9322442682753775	22.8252	2.77534	0.0772897707310151	1167.141788847797	nan	nan
93.8701	1.9384242682753776	22.8047	2.78146	0.0775369707310151	1166.093543633237	nan	nan
94.0701	1.9448142682753775	22.8017	2.78753	0.0777925707310151	1165.940141894521	nan	nan
94.2801	1.9518442682753776	22.7773	2.79408	0.07807377073101511	1164.6924744196297	nan	nan
94.4801	1.9578542682753775	22.7705	2.79993	0.0783141707310151	1164.3447638118732	nan	nan
94.6901	1.9642642682753775	22.7589	2.80595	0.0785705707310151	1163.7516104221709	nan	nan
94.9001	1.9715142682753775	22.7423	2.81258	0.0788605707310151	1162.9027874679416	nan	nan
95.1001	1.9774442682753774	22.7117	2.81873	0.0790977707310151	1161.3380897330371	nan	nan
95.3101	1.9842342682753775	22.7021	2.82423	0.0793693707310151	1160.8472041691455	nan	nan
95.5101	1.9898842682753775	22.6908	2.82981	0.0795953707310151	1160.2693909533145	nan	nan
95.7101	1.9967742682753775	22.6826	2.83609	0.0798709707310151	1159.8500928674907	nan	nan
95.9201	2.0031842682753775	22.6642	2.84224	0.0801273707310151	1158.9092288700317	nan	nan
96.1401	2.0104042682753773	22.6482	2.84872	0.08041617073101509	1158.0910862635458	nan	nan
96.3601	2.0174842682753775	22.6233	2.85587	0.0806993707310151	1156.8178518322018	nan	nan
96.5701	2.023734268275377	22.6104	2.86171	0.08094937073101509	1156.1582243557223	nan	nan
96.7701	2.0298742682753774	22.5798	2.86693	0.0811949707310151	1154.5935266208178	nan	nan
96.9801	2.0372342682753772	22.5772	2.87385	0.08148937073101509	1154.460578447264	nan	nan
97.1701	2.043264268275377	22.5536	2.88019	0.08173057073101508	1153.2538181026969	nan	nan
97.3801	2.0497142682753773	22.5518	2.88628	0.08198857073101509	1153.1617770594673	nan	nan
97.5801	2.056134268275377	22.5258	2.8926	0.08224537073101508	1151.8322953239276	nan	nan
97.7901	2.063124268275377	22.5072	2.89881	0.08252497073101508	1150.8812045438876	nan	nan
97.9901	2.0694342682753772	22.4847	2.90471	0.08277737073101508	1149.7306915035167	nan	nan
98.2001	2.0755742682753775	22.4664	2.91063	0.0830229707310151	1148.7949408973482	nan	nan
98.4101	2.082634268275377	22.4525	2.91757	0.08330537073101509	1148.0841795079634	nan	nan
98.6101	2.0888942682753773	22.439	2.92337	0.0835557707310151	1147.3938716837408	nan	nan
98.8101	2.0948842682753774	22.4194	2.92898	0.0837953707310151	1146.3916469907954	nan	nan
99.0201	2.1013242682753774	22.4018	2.93528	0.0840529707310151	1145.491690123661	nan	nan
99.2201	2.1073642682753775	22.3773	2.94054	0.0842945707310151	1144.2389092574792	nan	nan
99.4301	2.1144242682753775	22.3769	2.9477	0.0845769707310151	1144.2184556923169	nan	nan
99.6401	2.120534268275377	22.3509	2.95345	0.08482137073101509	1142.8889739567771	nan	nan
99.8501	2.128054268275377	22.3468	2.9609	0.08512217073101508	1142.6793249138652	nan	nan
100.04	2.1337842682753774	22.3119	2.96544	0.08535137073101509	1140.8947513534677	nan	nan
100.25	2.140664268275377	22.2879	2.9723	0.08562657073101508	1139.6675374437386	nan	nan
100.45	2.1473342682753773	22.288	2.97848	0.08589337073101509	1139.6726508350291	nan	nan
100.65	2.1536242682753772	22.2569	2.98402	0.08614497073101508	1138.082386143672	nan	nan
100.86	2.1599742682753775	22.2458	2.99024	0.0863989707310151	1137.514799710422	nan	nan
101.06	2.1667542682753775	22.2323	2.99642	0.0866701707310151	1136.8244918861994	nan	nan
101.27	2.1735842682753774	22.2042	3.00254	0.0869433707310151	1135.3876289335585	nan	nan
101.46	2.1790842682753775	22.1824	3.00787	0.0871633707310151	1134.2729096322214	nan	nan
101.67	2.1861942682753774	22.172	3.01518	0.0874477707310151	1133.7411169380055	nan	nan
101.88	2.1924842682753773	22.1483	3.02065	0.0876993707310151	1132.5292432021479	nan	nan
102.09	2.199304268275377	22.1387	3.02713	0.08797217073101508	1132.0383576382565	nan	nan
102.29	2.205404268275377	22.1168	3.03267	0.08821617073101509	1130.9185249456289	nan	nan
102.49	2.2120642682753773	22.1009	3.0392	0.08848257073101509	1130.105495730433	nan	nan
102.7	2.218424268275377	22.0811	3.04541	0.0887369707310151	1129.0930442549065	nan	nan
102.91	2.225134268275377	22.0495	3.05093	0.08900537073101508	1127.4772126070968	nan	nan
103.12	2.2312642682753774	22.0457	3.05678	0.0892505707310151	1127.2829037380563	nan	nan
103.33	2.238614268275377	22.0198	3.06343	0.08954457073101509	1125.958535393807	nan	nan
103.54	2.2448842682753773	22.0053	3.06956	0.0897953707310151	1125.217093656679	nan	nan
103.75	2.2520542682753772	21.988	3.07647	0.09008217073101508	1124.3324769634162	nan	nan
103.94	2.2577942682753775	21.9732	3.08217	0.0903117707310151	1123.5756950524164	nan	nan
104.15	2.2647342682753773	21.9374	3.08793	0.09058937073101508	1121.745100970404	nan	nan
104.35	2.2711142682753773	21.9283	3.09371	0.0908445707310151	1121.279782362965	nan	nan
104.55	2.277394268275377	21.9036	3.09946	0.09109577073101509	1120.0167747142025	nan	nan
104.76	2.2840642682753773	21.8965	3.10612	0.0913625707310151	1119.6537239325742	nan	nan
104.96	2.2907742682753773	21.8669	3.1122	0.09163097073101509	1118.1401601105752	nan	nan
105.16	2.2971742682753775	21.8388	3.11822	0.0918869707310151	1116.703297157934	nan	nan
105.37	2.3043342682753774	21.8328	3.12507	0.0921733707310151	1116.3964936805016	nan	nan
105.58	2.310534268275377	21.8159	3.13108	0.09242137073101508	1115.5323305524007	nan	nan
105.8	2.3175342682753772	21.7884	3.13681	0.09270137073101509	1114.126147947503	nan	nan
105.99	2.3237142682753773	21.7626	3.14294	0.09294857073101509	1112.8068929945441	nan	nan
106.19	2.3301142682753775	21.7488	3.14915	0.0932045707310151	1112.10124499645	nan	nan
106.4	2.3363142682753772	21.7337	3.15489	0.0934525707310151	1111.3291229115787	nan	nan
106.6	2.342604268275377	21.7211	3.16108	0.09370417073101509	1110.684835608971	nan	nan
106.8	2.3488942682753775	21.6934	3.16637	0.0939557707310151	1109.2684262214923	nan	nan
107.01	2.3561142682753773	21.6794	3.17353	0.0942445707310151	1108.552551440817	nan	nan
107.21	2.3624842682753773	21.6595	3.17904	0.0944993707310151	1107.534986574	nan	nan
107.42	2.3686942682753775	21.6301	3.18497	0.0947477707310151	1106.031649534582	nan	nan
107.62	2.3751242682753775	21.6209	3.19068	0.0950049707310151	1105.5612175358524	nan	nan
107.84	2.382264268275377	21.5922	3.19724	0.09529057073101509	1104.093674235468	nan	nan
108.05	2.389514268275377	21.5771	3.20385	0.09558057073101509	1103.321552150597	nan	nan
108.25	2.395954268275377	21.5488	3.20976	0.09583817073101508	1101.8744624153749	nan	nan
108.46	2.402264268275377	21.5275	3.21547	0.09609057073101508	1100.7853100704904	nan	nan
108.66	2.4088042682753774	21.5257	3.2217	0.0963521707310151	1100.6932690272606	nan	nan
108.86	2.4154442682753774	21.4962	3.22796	0.0966177707310151	1099.184818596552	nan	nan
109.07	2.4218742682753773	21.4658	3.23457	0.09687497073101509	1097.6303476442288	nan	nan
109.26	2.4276342682753773	21.4564	3.23967	0.09710537073101509	1097.1496888629179	nan	nan
109.47	2.434794268275377	21.4529	3.24702	0.09739177073101508	1096.9707201677493	nan	nan
109.67	2.4414242682753775	21.4187	3.25246	0.0976569707310151	1095.2219403463853	nan	nan
109.88	2.447684268275377	21.399	3.25866	0.09790737073101509	1094.2146022621494	nan	nan
110.08	2.4540042682753773	21.3804	3.26467	0.09816017073101509	1093.2635114821096	nan	nan
110.29	2.461104268275377	21.3597	3.27152	0.0984441707310151	1092.2050394849682	nan	nan
110.5	2.4674342682753774	21.3339	3.27719	0.09869737073101509	1090.8857845320094	nan	nan
110.7	2.4736542682753773	21.3213	3.28282	0.0989461707310151	1090.2414972294016	nan	nan
110.91	2.480424268275377	21.2926	3.28989	0.09921697073101508	1088.7739539290174	nan	nan
111.11	2.486924268275377	21.2739	3.29605	0.09947697073101508	1087.817749757687	nan	nan
111.31	2.4936142682753775	21.2482	3.30178	0.0997445707310151	1086.5036081960186	nan	nan
111.52	2.499944268275377	21.2288	3.30754	0.09999777073101508	1085.5116102856543	nan	nan
111.73	2.5072142682753773	21.2253	3.31482	0.10028857073101509	1085.3326415904855	nan	nan
111.95	2.5137342682753774	21.1958	3.32074	0.1005493707310151	1083.824191159777	nan	nan
112.13	2.5203342682753775	21.1724	3.32621	0.1008133707310151	1082.6276575977913	nan	nan
112.34	2.527184268275377	21.1539	3.33277	0.10108737073101509	1081.6816802090418	nan	nan
112.55	2.5340942682753775	21.1155	3.33913	0.1013637707310151	1079.7181379534752	nan	nan
112.77	2.540944268275377	21.0917	3.34572	0.10163777073101508	1078.5011508263274	nan	nan
112.98	2.5471342682753773	21.0697	3.35103	0.10188537073101508	1077.376204742409	nan	nan
113.18	2.5535142682753773	21.0664	3.35735	0.1021405707310151	1077.2074628298212	nan	nan
113.39	2.560744268275377	21.0475	3.36436	0.10242977073101509	1076.2410318759096	nan	nan
113.6	2.566914268275377	21.0209	3.36976	0.10267657073101509	1074.8808697926268	nan	nan
113.81	2.5740742682753774	21.0089	3.37699	0.1029629707310151	1074.2672628377622	nan	nan
114.01	2.5803542682753773	20.9796	3.38267	0.10321417073101509	1072.7690391896347	nan	nan
114.21	2.586774268275377	20.9642	3.38894	0.10347097073101509	1071.9815769308918	nan	nan
114.42	2.593084268275377	20.9347	3.39505	0.10372337073101509	1070.4731265001833	nan	nan
114.62	2.599444268275377	20.9283	3.4014	0.10397777073101508	1070.1458694575888	nan	nan
114.82	2.605694268275377	20.9036	3.40646	0.10422777073101509	1068.8828618088262	nan	nan
115.04	2.6132942682753773	20.8732	3.41348	0.10453177073101509	1067.3283908565027	nan	nan
115.24	2.6194242682753774	20.8504	3.41883	0.10477697073101509	1066.16253764226	nan	nan
115.45	2.6264842682753775	20.8352	3.42559	0.1050593707310151	1065.3853021660982	nan	nan
115.65	2.632874268275377	20.8228	3.43209	0.10531497073101509	1064.7512416460715	nan	nan
115.85	2.639574268275377	20.7861	3.43781	0.10558297073101508	1062.8746270424444	nan	nan
116.06	2.6462442682753773	20.7662	3.44389	0.10584977073101509	1061.8570621756273	nan	nan
116.27	2.653484268275377	20.735	3.4502	0.10613937073101509	1060.2616840929795	nan	nan
116.48	2.6602342682753775	20.7163	3.45642	0.1064093707310151	1059.3054799216488	nan	nan
116.68	2.666364268275377	20.6798	3.46204	0.10665457073101509	1057.4390921006027	nan	nan
116.88	2.6729042682753774	20.6721	3.46791	0.1069161707310151	1057.0453609712313	nan	nan
117.08	2.6791842682753773	20.6521	3.47454	0.1071673707310151	1056.022682713124	nan	nan
117.28	2.6854942682753773	20.6262	3.48016	0.1074197707310151	1054.6983143688747	nan	nan
117.49	2.6924042682753773	20.6055	3.48654	0.10769617073101509	1053.6398423717333	nan	nan
117.7	2.6990142682753775	20.5919	3.49249	0.1079605707310151	1052.94442115622	nan	nan
117.92	2.7058242682753773	20.5622	3.49916	0.1082329707310151	1051.4257439429305	nan	nan
118.12	2.7120742682753773	20.5426	3.5046	0.1084829707310151	1050.423519249985	nan	nan
118.32	2.7186042682753775	20.525	3.51138	0.1087441707310151	1049.5235623828505	nan	nan
118.53	2.7257242682753775	20.5065	3.51841	0.1090289707310151	1048.577584994101	nan	nan
118.74	2.7324042682753773	20.4781	3.52367	0.1092961707310151	1047.1253818675884	nan	nan
118.94	2.7389242682753774	20.4518	3.52964	0.1095569707310151	1045.7805599581768	nan	nan
119.14	2.7454442682753775	20.4474	3.53568	0.1098177707310151	1045.5555707413932	nan	nan
119.36	2.7526642682753772	20.4125	3.54156	0.1101065707310151	1043.7709971809957	nan	nan
119.55	2.758744268275377	20.3787	3.54775	0.11034977073101508	1042.0426709247938	nan	nan
119.75	2.7655042682753774	20.367	3.55399	0.1106201707310151	1041.444404143801	nan	nan
119.96	2.7721442682753774	20.3426	3.55964	0.11088577073101509	1040.19673666891	nan	nan
120.17	2.779424268275377	20.3184	3.56657	0.11117697073101508	1038.9592959765998	nan	nan
120.37	2.7859242682753775	20.2977	3.57265	0.1114369707310151	1037.9008239794584	nan	nan
120.58	2.792234268275377	20.2616	3.57851	0.11168937073101509	1036.0548897235744	nan	nan
120.79	2.798814268275377	20.2364	3.58518	0.11195257073101508	1034.766315118359	nan	nan
121	2.8052242682753774	20.2252	3.59161	0.1122089707310151	1034.1936152938188	nan	nan
121.21	2.8122842682753775	20.1941	3.59805	0.1124913707310151	1032.6033506024614	nan	nan
121.43	2.8190942682753772	20.165	3.60386	0.1127637707310151	1031.115353736915	nan	nan
121.64	2.8255542682753774	20.1697	3.61131	0.1130221707310151	1031.35568312757	nan	nan
121.86	2.8324842682753775	20.1285	3.61787	0.11329937073101509	1029.2489659158687	nan	nan
122.06	2.8389942682753775	20.1052	3.62339	0.1135597707310151	1028.0575457451735	nan	nan
122.26	2.8455342682753773	20.0851	3.6298	0.11382137073101509	1027.0297540957756	nan	nan
122.47	2.852494268275377	20.0599	3.63654	0.11409977073101508	1025.7411794905597	nan	nan
122.66	2.8580442682753775	20.0334	3.6416	0.1143217707310151	1024.3861307985676	nan	nan
122.88	2.8650842682753774	20.0147	3.64854	0.11460337073101509	1023.4299266272369	nan	nan
123.08	2.8717042682753773	19.9858	3.65506	0.11486817073101509	1021.9521565442717	nan	nan
123.29	2.8790342682753773	19.9668	3.66129	0.1151613707310151	1020.9806121990694	nan	nan
123.49	2.8855342682753773	19.9349	3.66668	0.11542137073101509	1019.3494403773877	nan	nan
123.7	2.892224268275377	19.921	3.67297	0.11568897073101508	1018.6386789880031	nan	nan
123.9	2.898674268275377	19.8844	3.67874	0.11594697073101509	1016.7671777756663	nan	nan
124.11	2.9054242682753775	19.8554	3.68544	0.1162169707310151	1015.2842943014103	nan	nan
124.32	2.911824268275377	19.8472	3.69172	0.11647297073101509	1014.8649962155864	nan	nan
124.53	2.9189042682753774	19.8145	3.69833	0.1167561707310151	1013.1929172635805	nan	nan
124.72	2.9247242682753773	19.7924	3.70382	0.1169889707310151	1012.0628577883718	nan	nan
124.93	2.9315642682753773	19.7765	3.71053	0.11726257073101509	1011.2498285731763	nan	nan
125.13	2.9376142682753774	19.7438	3.71627	0.1175045707310151	1009.5777496211704	nan	nan
125.34	2.9440642682753775	19.724	3.72258	0.11776257073101509	1008.565298145644	nan	nan
125.55	2.9512442682753774	19.6911	3.72932	0.1180497707310151	1006.882992411057	nan	nan
125.76	2.9571842682753773	19.6643	3.73491	0.11828737073101508	1005.512603545193	nan	nan
125.96	2.964014268275377	19.6598	3.74091	0.11856057073101509	1005.2825009371188	nan	nan
126.17	2.971124268275377	19.6244	3.7486	0.11884497073101509	1003.4723604202686	nan	nan
126.39	2.978444268275377	19.5897	3.75503	0.11913777073101509	1001.698013642452	nan	nan
126.6	2.9850642682753774	19.5673	3.76149	0.1194025707310151	1000.5526139933714	nan	nan
126.81	2.991804268275377	19.5405	3.7676	0.11967217073101509	999.1822251275074	nan	nan
127.02	2.9983442682753774	19.5228	3.77391	0.11993377073101509	998.2771548690822	nan	nan
127.22	3.0047142682753774	19.5064	3.7795	0.12018857073101509	997.438558697434	nan	nan
127.42	3.0114942682753774	19.4827	3.78556	0.12045977073101509	996.2266849615767	nan	nan
127.62	3.0183242682753773	19.4465	3.79162	0.12073297073101509	994.3756373144021	nan	nan
127.83	3.0258042682753774	19.4213	3.79916	0.12103217073101509	993.0870627091865	nan	nan
128.03	3.0315642682753774	19.3763	3.80414	0.1212625707310151	990.7860366284445	nan	nan
128.24	3.0379342682753774	19.3727	3.81091	0.1215173707310151	990.6019545419852	nan	nan
128.45	3.0446642682753775	19.3354	3.81665	0.1217865707310151	988.6946595906148	nan	nan
128.65	3.0511642682753775	19.3237	3.82288	0.1220465707310151	988.0963928096216	nan	nan
128.86	3.0577742682753772	19.2917	3.82896	0.12231097073101509	986.4601075966497	nan	nan
129.07	3.0652642682753775	19.2691	3.83581	0.1226105707310151	985.3044811649884	nan	nan
129.29	3.071314268275377	19.2223	3.84195	0.12285257073101509	982.9114140410167	nan	nan
129.48	3.0777342682753774	19.213	3.84853	0.12310937073101509	982.4358686509967	nan	nan
129.69	3.085144268275377	19.1914	3.85464	0.12340577073101508	981.3313761322406	nan	nan
129.89	3.0916142682753773	19.1587	3.86066	0.1236645707310151	979.6592971802347	nan	nan
130.1	3.098164268275377	19.136	3.86692	0.12392657073101508	978.4985573572826	nan	nan
130.31	3.1052342682753773	19.1104	3.87323	0.1242093707310151	977.1895291869049	nan	nan
130.52	3.1116742682753773	19.0766	3.87969	0.12446697073101509	975.4612029307033	nan	nan
130.71	3.1181242682753774	19.0508	3.88533	0.1247249707310151	974.1419479777445	nan	nan
130.93	3.1252542682753774	19.0295	3.8919	0.12501017073101509	973.0527956328601	nan	nan
131.14	3.131794268275377	18.985	3.89801	0.1252717707310151	970.7773365085708	nan	nan
131.35	3.139244268275377	18.9716	3.90482	0.12556977073101508	970.0921420756387	nan	nan
131.56	3.1457942682753774	18.9337	3.91074	0.1258317707310151	968.154166776525	nan	nan
131.76	3.1523042682753775	18.9115	3.91694	0.12609217073101509	967.0189939100256	nan	nan
131.96	3.1588442682753772	18.883	3.92299	0.12635377073101509	965.5616773922225	nan	nan
132.17	3.165944268275377	18.8514	3.92907	0.1266377707310151	963.9458457444126	nan	nan
132.37	3.1725742682753775	18.8259	3.93473	0.12690297073101509	962.6419309653255	nan	nan
132.57	3.1788842682753775	18.7967	3.94094	0.1271553707310151	961.1488207084885	nan	nan
132.78	3.1853742682753774	18.7741	3.94662	0.1274149707310151	959.993194276827	nan	nan
132.97	3.1917442682753774	18.7433	3.95276	0.1276697707310151	958.4182697593415	nan	nan
133.18	3.1979942682753775	18.7041	3.95794	0.1279197707310151	956.4138203734507	nan	nan
133.38	3.204524268275377	18.7036	3.96452	0.1281809707310151	956.388253416998	nan	nan
133.59	3.2117242682753773	18.6673	3.97095	0.1284689707310151	954.5320923785328	nan	nan
133.8	3.2181942682753775	18.6334	3.97709	0.1287277707310151	952.7986527310405	nan	nan
134	3.2244942682753774	18.6076	3.9826	0.1289797707310151	951.4793977780819	nan	nan
134.21	3.2319442682753774	18.5909	3.98996	0.1292777707310151	950.625461432562	nan	nan
134.42	3.238954268275377	18.5635	3.99603	0.12955817073101508	949.2243922189547	nan	nan
134.62	3.2455242682753775	18.5122	4.00197	0.1298209707310151	946.6012224869089	nan	nan
134.83	3.2526242682753774	18.4936	4.00837	0.1301049707310151	945.6501317068689	nan	nan
135.04	3.2590742682753775	18.4647	4.01401	0.1303629707310151	944.1723616239035	nan	nan
135.24	3.2659642682753773	18.4474	4.02045	0.1306385707310151	943.2877449306403	nan	nan
135.45	3.273124268275377	18.3829	4.02647	0.13092497073101508	939.9896075482436	nan	nan
135.64	3.2792642682753774	18.3832	4.03251	0.1311705707310151	940.0049477221152	nan	nan
135.85	3.2859442682753772	18.3421	4.0382	0.1314377707310151	937.9033439017043	nan	nan
136.05	3.2924242682753775	18.3195	4.04436	0.1316969707310151	936.7477174700429	nan	nan
136.26	3.2991242682753774	18.2956	4.0504	0.1319649707310151	935.5256169516043	nan	nan
136.47	3.3062942682753773	18.2535	4.05667	0.1322517707310151	933.372879218288	nan	nan
136.68	3.3124242682753775	18.2182	4.06263	0.1324969707310151	931.5678520927282	nan	nan
136.88	3.319294268275377	18.2145	4.06927	0.1327717707310151	931.3786566149784	nan	nan
137.09	3.3262342682753774	18.1679	4.07558	0.13304937073101508	928.9958162735877	nan	nan
137.3	3.332574268275377	18.1444	4.08109	0.13330297073101507	927.7941693203115	nan	nan
137.51	3.3399442682753775	18.1131	4.08779	0.1335977707310151	926.193677846373	nan	nan
137.72	3.3470442682753774	18.0785	4.09406	0.1338817707310151	924.4244444598471	nan	nan
137.93	3.3536742682753773	18.0453	4.09982	0.13414697073101509	922.7267985513886	nan	nan
138.13	3.3606042682753774	18.0157	4.1059	0.1344241707310151	921.2132347293896	nan	nan
138.34	3.3678042682753775	17.9808	4.1132	0.1347121707310151	919.4286611689918	nan	nan
138.54	3.374604268275377	17.9483	4.11966	0.1349841707310151	917.766808999567	nan	nan
138.76	3.380974268275377	17.931	4.12521	0.1352389707310151	916.8821923063041	nan	nan
138.96	3.3883242682753774	17.8939	4.13161	0.13553297073101508	914.9851241375145	nan	nan
139.16	3.395144268275377	17.8632	4.13741	0.13580577073101507	913.4153130113197	nan	nan
139.38	3.4020642682753772	17.8362	4.14396	0.1360825707310151	912.0346973628745	nan	nan
139.57	3.4085142682753773	17.8004	4.14952	0.1363405707310151	910.204103280862	nan	nan
139.78	3.4156342682753773	17.7621	4.15617	0.1366253707310151	908.245674416586	nan	nan
139.98	3.4222042682753773	17.7313	4.16197	0.13688817073101509	906.6707498991004	nan	nan
140.2	3.428964268275377	17.707	4.168	0.1371585707310151	905.4281958154997	nan	nan
140.41	3.4361942682753774	17.6716	4.17485	0.1374477707310151	903.6180552986496	nan	nan
140.6	3.4426842682753773	17.6287	4.18055	0.1377073707310151	901.4244104350087	nan	nan
140.81	3.449234268275377	17.6059	4.1861	0.1379693707310151	900.2585572207661	nan	nan
141.02	3.456424268275377	17.5686	4.19237	0.1382569707310151	898.3512622693956	nan	nan
141.23	3.4628842682753773	17.5375	4.19828	0.13851537073101508	896.7609975780385	nan	nan
141.44	3.470054268275377	17.5118	4.2048	0.13880217073101508	895.4468560163702	nan	nan
141.63	3.4763842682753774	17.4838	4.21032	0.1390553707310151	894.0151064550197	nan	nan
141.84	3.4836842682753772	17.4466	4.21708	0.13934737073101508	892.1129248949397	nan	nan
142.04	3.490114268275377	17.4128	4.22322	0.1396045707310151	890.384598638738	nan	nan
142.25	3.4969742682753773	17.3794	4.22878	0.1398789707310151	888.6767259476985	nan	nan
142.44	3.5038342682753774	17.3476	4.23497	0.14015337073101508	887.0506675173075	nan	nan
142.65	3.510384268275377	17.307	4.2403	0.1404153707310151	884.9746306533492	nan	nan
142.85	3.5170342682753772	17.277	4.24702	0.14068137073101508	883.4406132661879	nan	nan
143.05	3.5237442682753772	17.25	4.25249	0.14094977073101508	882.0599976177427	nan	nan
143.27	3.5308842682753774	17.2109	4.25887	0.1412353707310151	880.0606616231424	nan	nan
143.46	3.537624268275377	17.1787	4.26534	0.1415049707310151	878.4141496275895	nan	nan
143.67	3.5440842682753773	17.1477	4.27106	0.14176337073101508	876.8289983275229	nan	nan
143.88	3.5515042682753775	17.1046	4.27722	0.1420601707310151	874.6251266813011	nan	nan
144.09	3.558174268275377	17.0831	4.2828	0.14232697073101508	873.5257475538356	nan	nan
144.29	3.5646342682753773	17.044	4.28915	0.1425853707310151	871.5264115592353	nan	nan
144.49	3.571594268275377	17.0141	4.29534	0.14286377073101508	869.9975075633644	nan	nan
144.69	3.5782242682753775	16.9873	4.30117	0.1431289707310151	868.6271186975006	nan	nan
144.9	3.5855442682753775	16.9305	4.30761	0.1434217707310151	865.7227124444751	nan	nan
145.1	3.5919042682753775	16.8992	4.31358	0.1436761707310151	864.1222209705368	nan	nan
145.3	3.598774268275377	16.8743	4.31998	0.1439509707310151	862.848986539193	nan	nan
145.5	3.605554268275377	16.8257	4.3255	0.1442221707310151	860.3638783719916	nan	nan
145.7	3.6124942682753773	16.8038	4.33133	0.14449977073101508	859.2440456793638	nan	nan
145.92	3.6197542682753774	16.7587	4.3382	0.1447901707310151	856.9379062073314	nan	nan
146.14	3.6271542682753775	16.7235	4.34434	0.1450861707310151	855.1379924730621	nan	nan
146.35	3.633754268275377	16.6951	4.35052	0.14535017073101508	853.6857893465493	nan	nan
146.56	3.6410342682753774	16.6435	4.35644	0.1456413707310151	851.047279440632	nan	nan
146.77	3.647714268275377	16.613	4.36264	0.1459085707310151	849.487695097018	nan	nan
146.97	3.654764268275377	16.5806	4.36842	0.14619057073101507	847.830956318884	nan	nan
147.17	3.661614268275377	16.551	4.37433	0.1464645707310151	846.3173924968847	nan	nan
147.38	3.6692442682753774	16.4936	4.38118	0.1467697707310151	843.3823058961162	nan	nan
147.59	3.6757942682753773	16.4592	4.38754	0.1470317707310151	841.6232992921712	nan	nan
147.79	3.682494268275377	16.4234	4.39331	0.14729977073101508	839.7927052101587	nan	nan
148	3.6897842682753774	16.3806	4.39974	0.1475913707310151	837.6041737378085	nan	nan
148.2	3.6966342682753774	16.3366	4.40555	0.1478653707310151	835.354281569972	nan	nan
