Specimen name:	AWA_2_11_Rz
Specimen ID:	46NT9T
Material:	42CrMoS4
Specimen type:	Round Tensile Specimen
Gauge diameter:	4.996	mm
Gauge length:	25	mm
Parallel length:	30	mm
Original cross-section:	19.603550724770926	mm²
Cross-section after fracture:	9.315714430207356	mm²
Yield stress at 0.2% plastic strain:	1099.5010596488153	MPa
Yield stress at 1% plastic strain:	1132.1559819056492	MPa
Ultimate tensile strength:	1186.5503513405888	MPa
Uniform elongation:	4.972937536698853	%
Elongation after fracture:	13.901356236050288	%
Reduction of area:	52.47945353881184	%
Slope of linear-elastic region:	207966.16408097447	MPa
Crosshead seperation speed:	0.029910290304738178	mm/s
Strain rate:	0.000997009676824606	s-1
Test temperature:	RT	Cel
Machine type:	INSTRON 8852TT
Standard:	DIN EN ISO 6892-1
Date:	2022-08-23 00:00:00
Heat treatment batch:	Batch 2
Time	Displacement	Force	Machine Displacement	Engineering Strain	Engineering Stress	True Strain	True Stress
s	mm	kN	mm		MPa		MPa
0	0.001198319113390313	0.197327	0	4.793276453561252e-05	10.065880552478628	4.793161579726873e-05	10.066363037960993
0.23	0.001062897113390313	0.201382	-0.0001297	4.2515884535612516e-05	10.272730834702049	4.2514980761029654e-05	10.273167588940083
0.430001	0.001004859113390313	0.200361	-6.1035e-05	4.019436453561252e-05	10.220648433185376	4.0193556763792276e-05	10.22105924565429
0.640001	0.001149595813390313	0.197286	-0.000297546	4.598383253561252e-05	10.063789094631241	4.5982775311494884e-05	10.06425186622364
0.840001	0.001122693613390313	0.209516	0.000671387	4.490774453561252e-05	10.687655667157118	4.49067362131217e-05	10.688135625667504
1.05	0.002084784113390313	0.291462	0.00694275	8.339136453561251e-05	14.867816758915536	8.338788766917602e-05	14.86905660644273
1.24	0.002718449113390313	0.362678	0.0119553	0.00010873796453561253	18.50062802866229	0.00010873205299176888	18.50263974929676
1.46	0.003656569113390313	0.44839	0.0181961	0.00014626276453561253	22.872897175378395	0.00014625206918039574	22.876242628552205
1.65	0.004627909113390313	0.538741	0.0250702	0.00018511636453561253	27.48180712585145	0.00018509923261568836	27.486894458077458
1.85	0.005203079113390312	0.629788	0.0309601	0.00020812316453561248	32.1262208485631	0.0002081015099143593	32.132907059310675
2.06	0.006085899113390313	0.723306	0.0371552	0.00024343596453561253	36.896683164955164	0.00024340633880904258	36.905665144609586
2.27	0.007015809113390312	0.801245	0.0421753	0.0002806323645356125	40.872442510506616	0.0002805929946391424	40.883912640692685
2.46	0.008152859113390313	0.901211	0.0487289	0.00032611436453561254	45.97182483177577	0.0003260612008042799	45.98681690421733
2.66	0.009163739113390313	0.991694	0.0547714	0.0003665495645356125	50.58746825629407	0.00036648240165574095	50.60601107075437
2.87	0.010196379113390313	1.09719	0.061554	0.0004078551645356125	55.96894233112563	0.00040777201422614336	55.991769553308984
3.07	0.011053849113390312	1.20169	0.0674591	0.0004421539645356125	61.29960928361574	0.00044205624327560867	61.32671314888497
3.27	0.012155219113390313	1.3146	0.0730743	0.0004862087645356125	67.05928015065554	0.0004860906033534062	67.09188496040824
3.48	0.013141719113390312	1.44757	0.0790939	0.0005256687645356125	73.8422350279054	0.0005255306491104888	73.88105158436308
3.68001	0.013955319113390312	1.57028	0.085289	0.0005582127645356124	80.10181533163805	0.0005580570217460721	80.14652918741865
3.88001	0.015025419113390313	1.71635	0.0911636	0.0006010167645356126	87.55301649671203	0.0006008362262940362	87.60563732741223
4.09001	0.015978919113390312	1.86271	0.0969086	0.0006391567645356124	95.01901090021876	0.0006389525908455031	95.07974294379513
4.30001	0.017151419113390316	2.04014	0.104187	0.0006860567645356127	104.06992226270988	0.0006858215351746013	104.14132013686292
4.51001	0.018419019113390313	2.22084	0.110687	0.0007367607645356125	113.28764014132197	0.0007364894895585759	113.37110602968494
4.72001	0.019387719113390316	2.38112	0.11673	0.0007755087645356126	121.4637099896006	0.0007752082129905131	121.55790616127055
4.93001	0.020601719113390315	2.55281	0.123627	0.0008240687645356126	130.2218172534573	0.0008237294062947689	130.32912898551692
5.14001	0.021618019113390313	2.72307	0.129456	0.0008647207645356126	138.90697854849046	0.0008643471089249394	139.02709429718024
5.34001	0.022629519113390315	2.89139	0.135277	0.0009051807645356126	147.49317817952527	0.0009047713354803841	147.6266861673136
5.54001	0.023880219113390316	3.06596	0.141113	0.0009552087645356126	156.39819760436927	0.0009547528429542029	156.54759053347854
5.76001	0.025042219113390315	3.26601	0.148529	0.0010016887645356127	166.60298156461474	0.001001187409118619	166.76986589938616
5.96001	0.026111719113390313	3.43545	0.153694	0.0010444687645356126	175.24631370270012	0.0010439236865472374	175.4293530034626
6.17001	0.027325319113390315	3.6208	0.160423	0.0010930127645356125	184.70123350790627	0.0010924158609931425	184.90311431375588
6.37001	0.028473819113390315	3.79984	0.166435	0.0011389527645356127	193.83427284928263	0.0011383046499036057	194.05504093020605
6.58001	0.029622419113390315	3.99015	0.172653	0.0011848967645356125	203.54220804285575	0.0011841953283958872	203.78338454661215
6.78001	0.030801519113390314	4.17223	0.178993	0.0012320607645356127	212.83032133194092	0.0012313024005082345	213.0925412203575
6.98001	0.03181991911339031	4.33222	0.184067	0.0012727967645356124	220.99159794178684	0.0012719874453934498	221.2728753326367
7.19001	0.033017819113390315	4.54759	0.190826	0.0013207127645356127	231.97787298061735	0.001319841390571164	232.28424911855268
7.39001	0.034335119113390315	4.73875	0.196663	0.0013734047645356127	241.72916766614858	0.0013724625068473528	242.0611596567485
7.59001	0.035470919113390315	4.92282	0.202469	0.0014188367645356125	251.1187931775826	0.0014178311667270957	251.47508975360876
7.79001	0.03630891911339031	5.08506	0.207596	0.0014523567645356125	259.39484491319985	0.001451303114510405	259.77157877089525
7.99001	0.03771281911339031	5.30524	0.214775	0.0015085127645356126	270.626483665346	0.0015073761021247658	271.0347271703765
8.20001	0.038973219113390314	5.5015	0.220863	0.0015589287645356126	280.63793530262546	0.0015577148964813542	281.07542985238865
8.40001	0.040219119113390316	5.69323	0.226456	0.0016087647645356127	290.4183063533521	0.0016074720887235498	290.88552109158945
8.61001	0.04144961911339031	5.89755	0.232666	0.0016579847645356125	300.840907996728	0.0016566118251282577	301.3396976387357
8.81001	0.04271871911339031	6.10396	0.238884	0.0017087487645356125	311.3701229791537	0.001707290514317885	311.9021762921076
9.01001	0.04391001911339031	6.29715	0.244705	0.0017564007645356125	321.2249703337141	0.0017548600964693959	321.7891701171962
9.21001	0.045115619113390314	6.50856	0.250778	0.0018046247645356125	332.00924115118715	0.0018029983856403065	332.6083932498233
9.41001	0.04632441911339032	6.69859	0.256401	0.0018529767645356127	341.70289321799766	0.0018512621208938462	342.3360607395052
9.62001	0.04747401911339032	6.9027	0.263885	0.0018989607645356127	352.11478251630155	0.0018971600178808122	352.783434672913
9.82001	0.04890621911339031	7.10231	0.269707	0.0019562487645356126	362.29712156306283	0.001954337801727895	363.00586485951544
10.02	0.050050819113390314	7.30667	0.275414	0.0020020327645356127	372.72176365311907	0.0020000313677365784	373.4679648360081
10.23	0.051389119113390315	7.53366	0.282242	0.0020555647645356125	384.3007884525997	0.002053454981986856	385.09074361232615
10.43	0.05277571911339032	7.73647	0.288712	0.002111028764535613	394.6463632337913	0.002108803674249398	395.4794730583972
10.63	0.05383821911339032	7.92053	0.294403	0.002153528764535613	404.0354786335553	0.002151213245228102	404.90558065868555
10.84	0.05508271911339031	8.13339	0.300789	0.0022033087645356125	414.8937156431921	0.0022008850392702378	415.8078546032195
11.04	0.056353019113390315	8.33798	0.307121	0.0022541207645356124	425.33009030166045	0.0022515840456570515	426.28883568999123
11.24	0.05725371911339031	8.49814	0.312248	0.0022901487645356124	433.50003880989794	0.002287530370766015	434.4928183882046
11.44	0.058544819113390316	8.68708	0.318062	0.0023417927645356124	443.1380887046681	0.0023390550411472024	444.1758262744869
11.65	0.05993821911339031	8.91294	0.324951	0.0023975287645356127	454.6594708854281	0.0023946592779831638	455.7495300449445
11.85	0.061096819113390315	9.10113	0.33075	0.0024438727645356125	464.2592624049411	0.0024408913639453926	465.3938529720159
12.05	0.06227711911339032	9.3006	0.336349	0.0024910847645356125	474.43445988832104	0.00248798715608724	475.61631634311954
12.25	0.06373521911339032	9.51935	0.342491	0.0025494087645356127	485.5931526716436	0.002546164534753392	486.8311281110632
12.45	0.06461841911339031	9.69656	0.34819	0.002584736764535612	494.6328415773927	0.002581402077420811	495.9113372679645
12.66	0.06587051911339031	9.89694	0.355011	0.0026348207645356127	504.8544592227513	0.002631355709503178	506.18466023497984
12.86	0.06714151911339031	10.1076	0.360565	0.002685660764535612	515.6004716649672	0.0026820608217075	516.9851996218939
13.06	0.06838341911339031	10.3137	0.366905	0.0027353367645356124	526.11387318562	0.002731602538954213	527.5529718052768
13.27	0.06960821911339031	10.5172	0.373192	0.0027843287645356123	536.4946456720481	0.002780459701366543	537.9884231460122
13.47	0.07108021911339031	10.7288	0.379257	0.0028432087645356126	547.2886086112529	0.002839174491540722	548.844664379987
13.68	0.07197921911339031	10.8984	0.384399	0.0028791687645356124	555.9401025360598	0.0028750318967396406	557.5407479142343
13.87	0.07320461911339031	11.0896	0.39035	0.0029281847645356122	565.6934376682715	0.002923905982203228	567.3498925738495
14.09	0.07450191911339031	11.3309	0.397942	0.0029800767645356122	578.0024322676577	0.0029756451379828715	579.7249238859036
14.29	0.07580571911339032	11.5346	0.403885	0.003032228764535613	588.3934069874877	0.0030276408309984014	590.1775504010183
14.51	0.07701641911339031	11.7188	0.409866	0.0030806567645356125	597.789663950633	0.0030759212646257134	599.631248722652
14.72	0.07835581911339032	11.9408	0.416473	0.0031342327645356126	609.1141430267363	0.0031293312959163413	611.0232485311527
14.92	0.07947811911339031	12.1434	0.42218	0.0031791247645356125	619.449005462856	0.0031740820322248495	621.4183111364899
15.12	0.08065261911339032	12.3261	0.427414	0.003226104764535613	628.768745675487	0.0032209120537152166	630.7972195217018
15.32	0.08182041911339032	12.5184	0.432861	0.0032728167645356128	638.578193091409	0.003267472756546474	640.6681425072254
15.54	0.08300831911339031	12.7282	0.439888	0.0033203327645356124	649.2803359299968	0.0033148326311879524	651.4361627027539
15.76	0.08456231911339031	12.9745	0.44693	0.0033824927645356123	661.8443863644305	0.0033767850032372765	664.0830702125568
15.96	0.08583261911339031	13.1764	0.45327	0.003433304764535612	672.1435409836434	0.0034274244292109334	674.4512146053545
16.18	0.08708581911339032	13.3879	0.459618	0.0034834327645356126	682.9324028061474	0.00347737966559227	685.3113519140454
16.4	0.08820351911339032	13.5863	0.46566	0.0035281407645356127	693.0530183408271	0.0035219314764507147	695.4982069468198
16.6	0.08943111911339031	13.7913	0.470963	0.0035772447645356126	703.5103075777695	0.0035708616426133512	706.026936142349
16.81	0.09073561911339031	14.0074	0.477539	0.003629424764535613	714.533820768517	0.003622854295690729	717.1271675127125
17.01	0.09207431911339031	14.2173	0.483841	0.0036829727645356124	725.2410647238057	0.0036762072267825917	727.9121078129062
17.21	0.09310231911339031	14.4139	0.490471	0.0037240927645356124	735.2698601578685	0.003717175499448336	738.0080733240636
17.42	0.09446741911339031	14.6085	0.496307	0.003778696764535612	745.1966332579123	0.0037715754238701483	748.0125053649468
17.62	0.09571481911339032	14.8133	0.502029	0.003828592764535613	755.6437202614527	0.003821282356366808	758.5367723414125
17.82	0.09672401911339032	14.9899	0.508232	0.0038689607645356126	764.6522923553259	0.0038614955846337355	767.610702072961
18.02	0.09807511911339031	15.2125	0.514778	0.003923004764535613	776.007378131635	0.003915329847287213	779.0516587733601
18.24	0.09928781911339031	15.4194	0.521439	0.003971512764535613	786.5615885858954	0.00396364712649294	789.6854279750577
18.45	0.10062011911339032	15.6326	0.527634	0.004024804764535613	797.4371693923154	0.00401672690512334	800.6466983111034
18.65	0.10161631911339031	15.8229	0.533531	0.004064652764535612	807.1445944742185	0.004056414380057012	810.4253569815281
18.86	0.10280931911339032	16.0073	0.539215	0.004112372764535613	816.5510536707657	0.00410394007067324	819.9090159847342
19.06	0.10404231911339032	16.2066	0.545387	0.004161692764535613	826.717579255754	0.004153056872863225	830.1581238236571
19.26	0.10533531911339031	16.4052	0.551727	0.0042134127645356125	836.8483970238357	0.004204561195804827	840.3743847418372
19.46	0.10635931911339032	16.5973	0.55761	0.004254372764535613	846.6476422063556	0.004245348506709958	850.2495968765166
19.66	0.10757331911339031	16.7945	0.56353	0.0043029327645356125	856.7070443406241	0.004293701620535252	860.3933971513259
19.87	0.10894331911339031	17.0143	0.570053	0.004357732764535612	867.9192988493066	0.004348265341480306	871.7014592148751
20.07	0.11009431911339032	17.201	0.575607	0.004403772764535613	877.4430837299756	0.004394104531330676	881.3071436845358
20.27	0.11134631911339031	17.401	0.582153	0.004453852764535612	887.6453171318706	0.004443963714354907	891.5987586815055
20.48	0.11247531911339032	17.59	0.588081	0.004499012764535613	897.2864276966613	0.004488922459562403	901.3233307883132
20.68	0.11357031911339031	17.7909	0.593575	0.004542812764535612	907.5345711488649	0.0045325253347742655	911.6573307829374
20.88	0.11500131911339032	17.9915	0.599876	0.004600052764535612	917.7674112509654	0.004589504856735996	921.9891897682911
21.08	0.11594031911339031	18.1672	0.606216	0.004637612764535612	926.7300732945301	0.004626892170988316	931.0278885117199
21.28	0.11709031911339031	18.3677	0.611595	0.004683612764535612	936.9578122799298	0.004672678777354269	941.3461598493554
21.49	0.11854931911339031	18.5764	0.618347	0.0047419727645356125	947.6038428348071	0.004730765028904798	952.0973544490992
21.69	0.11974231911339031	18.7815	0.62516	0.004789692764535613	958.0662331884505	0.004778258682105211	962.6550760934991
21.9	0.12103231911339031	18.9821	0.631226	0.004841292764535612	968.2990732905511	0.004829611393506289	972.9868925879791
22.1	0.12214131911339031	19.1712	0.637169	0.004885652764535613	977.9452849720427	0.004873756694046599	982.7231860571309
22.3	0.12316531911339032	19.3571	0.64286	0.004926612764535613	987.4282609191041	0.0049145167199536625	992.2929375934114
22.51	0.12445531911339032	19.5525	0.648682	0.004978212764535613	997.3958429527555	0.004965862434791583	1002.3610916694378
22.71	0.1255603191133903	19.7417	0.655304	0.005022412764535612	1007.0471557509483	0.0050098425206140116	1012.104962240481
22.92	0.1268213191133903	19.9201	0.660774	0.005072852764535613	1016.1475479454386	0.005060029196714068	1021.3023148432097
23.12	0.1281533191133903	20.1207	0.667229	0.005126132764535612	1026.380388047539	0.005113038874259386	1031.6417501835863
23.34	0.1294213191133903	20.3045	0.673569	0.005176852764535612	1035.7562405438805	0.005163498929660024	1041.1181981011252
23.55	0.1308413191133903	20.5016	0.679886	0.005233652764535612	1045.810541561448	0.005220004802325092	1051.2839507934714
23.75	0.1321083191133903	20.6711	0.685951	0.005284332764535612	1054.456934369554	0.0052704196709067	1060.0290356966345
23.96	0.1336363191133903	20.8554	0.691673	0.0053454527645356124	1063.8582924494	0.005331216542074874	1069.5450966998478
24.16	0.1352753191133903	21.0361	0.698273	0.005411012764535612	1073.0760103280124	0.00539642583136204	1078.8824383172143
24.36	0.1369993191133903	21.1975	0.70388	0.005479972764535612	1081.3092126833415	0.005465012344030488	1087.2347577188875
24.56	0.1389133191133903	21.3221	0.709839	0.005556532764535612	1087.665204092722	0.005541152185178682	1093.7088514361087
24.76	0.1413693191133903	21.4448	0.715607	0.005654772764535612	1093.9242742847846	0.005638844555749455	1100.1101674774745
24.97	0.1445763191133903	21.5457	0.722626	0.005783052764535612	1099.0713010360407	0.0057663951054565095	1105.4272883619187
25.17	0.1482873191133903	21.5903	0.728683	0.005931492764535612	1101.3463990846633	0.005913970715126706	1107.8790272820813
25.37	0.1519873191133903	21.6005	0.734528	0.0060794927645356125	1101.8667129881599	0.006061087208358033	1108.565503697254
25.58	0.1567963191133903	21.5869	0.740807	0.0062718527645356115	1101.1729611168312	0.006252266547903551	1108.0793557972436
25.78	0.1621813191133903	21.5659	0.746407	0.006487252764535612	1100.101726609632	0.006466301103982006	1107.2383645768507
25.98	0.1681983191133903	21.5437	0.752884	0.006727932764535613	1098.9692787020217	0.006705401228873274	1106.363070119419
26.18	0.1733963191133903	21.5453	0.758598	0.006935852764535611	1099.0508965692368	0.00691191038122843	1106.6737517685717
26.38	0.1789173191133903	21.5543	0.765312	0.007156692764535611	1099.5099970723222	0.007131205171207526	1107.3788523129044
26.59	0.1846123191133903	21.5552	0.771362	0.007384492764535611	1099.5559071226307	0.007357360886074287	1107.6755697629803
26.79	0.1893383191133903	21.5528	0.776978	0.007573532764535612	1099.433480321808	0.007544997549627091	1107.7600758074527
27	0.1944343191133903	21.5766	0.782547	0.007777372764535611	1100.6475460966333	0.007747284903294209	1109.2076923449981
27.2	0.1999333191133903	21.5941	0.788689	0.007997332764535611	1101.5402415192993	0.00796552357874698	1110.349625384256
27.4	0.2048343191133903	21.6069	0.79483	0.008193372764535613	1102.1931844570204	0.00815998931066436	1111.2238640758073
27.61	0.2102253191133903	21.6325	0.801125	0.008409012764535612	1103.4990703324631	0.008373853979643516	1112.7784081005418
27.81	0.2149223191133903	21.6657	0.807564	0.008596892764535612	1105.1926410771778	0.008560149914651441	1114.6938636966722
28.01	0.21946231911339031	21.6816	0.813484	0.008778492764535612	1106.0037186326283	0.008740185818522433	1115.7127642741943
28.21	0.2244493191133903	21.7113	0.819298	0.008977972764535613	1107.51875029281	0.008937910374540758	1117.4620234691513
28.41	0.2286853191133903	21.7303	0.825539	0.009147412764535613	1108.4879624659898	0.009105828583798891	1118.6277594031853
28.62	0.2335013191133903	21.7489	0.830978	0.009340052764535612	1109.4367701723659	0.009296704181368421	1119.7989681446916
28.82	0.2383813191133903	21.7661	0.836838	0.009535252764535613	1110.314162244929	0.00949007917592479	1120.901288429978
29.03	0.2433743191133903	21.7872	0.843697	0.009734972764535612	1111.3904978688288	0.009687893215993703	1122.2098540963457
29.23	0.2478563191133903	21.7962	0.850037	0.009914252764535612	1111.849598371914	0.009865428996172274	1122.8727563263205
29.43	0.2524923191133903	21.8221	0.856483	0.010099692764535612	1113.1707875974594	0.010049031689541259	1124.4134705466497
29.63	0.2572303191133903	21.8488	0.862152	0.010289212764535611	1114.5327857566124	0.010236639134857521	1126.0004507223127
29.83	0.2618623191133903	21.8673	0.86866	0.010474492764535612	1115.4764923462876	0.01042001535050552	1127.1605427943784
30.04	0.2666073191133903	21.8735	0.874176	0.010664292764535612	1115.7927615817466	0.010607830261501883	1127.6919022558038
30.24	0.2714463191133903	21.8966	0.880699	0.010857852764535611	1116.9711195396653	0.010799329524589004	1129.0990274978653
30.44	0.2759113191133903	21.9026	0.886124	0.01103645276453561	1117.2771865417221	0.010975995535246695	1129.6079634358832
30.65	0.2809793191133903	21.9234	0.892319	0.011239172764535612	1118.3382188155194	0.011176482549103544	1130.90741526597
30.85	0.2858013191133903	21.9371	0.898872	0.011432052764535612	1119.0370718035492	0.011367200643225973	1131.8299626538787
31.05	0.2905123191133903	21.9529	0.905563	0.011620492764535613	1119.843048242299	0.01155349338284018	1132.856176281814
31.25	0.2951513191133903	21.9582	0.911049	0.011806052764535613	1120.1134074274491	0.011736905032677653	1133.3375254178013
31.45	0.3001553191133903	21.983	0.917152	0.01200621276453561	1121.378484369284	0.01193470994182045	1134.841993042194
31.66	0.3049623191133903	21.9981	0.923073	0.012198492764535612	1122.1487529911271	0.012124690727907115	1135.837276435222
31.86	0.3099483191133903	22.0027	0.928963	0.012397932764535612	1122.3834043593706	0.012321707771037624	1136.2986383426487
32.06	0.3145023191133903	22.0156	0.935318	0.012580092764535613	1123.0414484137928	0.012501620834976978	1137.1694140132568
32.28	0.3204913191133903	22.0398	0.942528	0.012819652764535611	1124.2759186554222	0.012738176607876584	1138.688745544114
32.48	0.3252183191133903	22.0389	0.948097	0.01300873276453561	1124.2300086051137	0.012924845924882546	1138.8548163529292
32.69	0.3306543191133903	22.0524	0.95459	0.013226172764535613	1124.9186593597415	0.013139470596722163	1139.797027894483
32.89	0.3352283191133903	22.0585	0.959869	0.013409132764535613	1125.2298274784994	0.013320026022750673	1140.318183625774
33.09	0.3400713191133903	22.0793	0.96608	0.01360285276453561	1126.2908597522965	0.013511164508337052	1141.611628487549
33.31	0.3453883191133903	22.0874	0.972366	0.013815532764535612	1126.7040502050731	0.013720968268920592	1142.2700669266162
33.52	0.3504673191133903	22.1043	0.978775	0.014018692764535611	1127.5661389275333	0.013921339678104007	1143.373142200852
33.72	0.3551813191133903	22.1086	0.984657	0.014207252764535612	1127.785486945674	0.014107275570462449	1143.808220422886
33.92	0.3601203191133903	22.125	0.991447	0.014404812764535613	1128.6220700846295	0.014302049134103826	1144.8796596861212
34.13	0.3654443191133903	22.1345	0.997849	0.014617772764535613	1129.1066761712195	0.014511963013131936	1145.6117009904106
34.33	0.3705113191133903	22.1407	1.00423	0.014820452764535611	1129.4229454066783	0.014711703018148475	1146.1615048202607
34.53	0.3750843191133903	22.1558	1.00967	0.015003372764535611	1130.1932140285212	0.014891935408954456	1147.1499241145395
34.73	0.38000031911339033	22.171	1.01611	0.015200012764535612	1130.9685837670652	0.015085649991460328	1148.1593206766133
34.93	0.3846703191133903	22.1699	1.02141	0.015386812764535612	1130.9124714833547	0.015269636214731838	1148.3136099351473
35.14	0.3896933191133903	22.1937	1.02777	0.015587732764535612	1132.1265372581804	0.01546749196934746	1149.7738231766
35.34	0.3945253191133903	22.1966	1.03437	0.015781012764535612	1132.2744696425077	0.015657787306921047	1150.142907500894
35.54	0.3995863191133903	22.209	1.04014	0.015983452764535614	1132.9070081134253	0.015857062374582225	1151.0147737642176
35.7501	0.4051003191133903	22.2227	1.04723	0.016204012764535612	1133.605861101455	0.016074128963769578	1151.9748249446952
35.9501	0.4100473191133903	22.237	1.05312	0.016401892764535613	1134.3353207896905	0.01626883468619895	1152.940567080308
36.1501	0.4148773191133903	22.241	1.05907	0.016595092764535614	1134.5393654577285	0.016458898913501607	1153.3671514725168
36.3501	0.4199583191133903	22.2472	1.06511	0.016798332764535615	1134.8556346931873	0.01665880120306859	1153.9193172844716
36.5701	0.4250903191133903	22.2552	1.07106	0.017003612764535613	1135.263724029263	0.016860669434287923	1154.5673087782811
36.7701	0.4301083191133903	22.2652	1.07733	0.01720433276453561	1135.7738356993577	0.017058014057872366	1155.3140667139826
36.9801	0.4350343191133903	22.28	1.08337	0.017401372764535614	1136.528800971098	0.017251702692560184	1156.3059622944268
37.1801	0.4400063191133903	22.2806	1.08971	0.017600252764535612	1136.5594076713037	0.017447161996511716	1156.5631405282295
37.3801	0.4447733191133903	22.2968	1.09544	0.01779093276453561	1137.385788576857	0.01763452647161949	1157.6209426687662
37.5901	0.4499573191133903	22.3064	1.10167	0.017998292764535614	1137.8754957801482	0.01783824107833505	1158.3553120827905
37.7901	0.4550023191133903	22.3115	1.10765	0.018200092764535613	1138.1356527318965	0.01803645359249357	1158.8498271902422
37.9901	0.4600193191133903	22.3321	1.11391	0.01840077276453561	1139.1864827722918	0.01823352706334023	1160.1483943782155
38.1901	0.4647713191133903	22.331	1.11954	0.018590852764535613	1139.1303704885813	0.018420155224368833	1160.3077754859453
38.4101	0.4703483191133903	22.3556	1.12645	0.018813932764535614	1140.3852451970142	0.018639139691742194	1161.8403765258192
38.6201	0.4749533191133903	22.3517	1.13194	0.018998132764535613	1140.1863016456773	0.01881992181941492	1161.8477123806467
38.8201	0.4798753191133903	22.3615	1.13838	0.019195012764535613	1140.6862110823702	0.01901311253938575	1162.5816974644258
39.0301	0.4851333191133903	22.373	1.14532	0.019405332764535613	1141.2728395029792	0.019219450187868505	1163.419618728661
39.2301	0.4903883191133903	22.3886	1.15157	0.019615532764535613	1142.068613708327	0.019425627578495662	1164.4708980198702
39.4301	0.4952333191133903	22.3856	1.15757	0.01980933276453561	1141.9155802072985	0.019615681160619857	1164.5361659246328
39.6301	0.4998513191133903	22.3997	1.16287	0.019994052764535614	1142.6348376621322	0.019796796656177347	1165.4807388969455
39.8301	0.5048073191133903	22.4158	1.16974	0.020192292764535612	1143.4561174509847	0.019991131846252844	1166.5451181379544
40.0401	0.5095333191133903	22.4126	1.17471	0.02038133276453561	1143.2928817165546	0.020176413081074016	1166.5947143861447
40.2401	0.5144493191133903	22.4252	1.18027	0.020577972764535612	1143.9356224208739	0.020369106781605636	1167.4754985034328
40.4401	0.5195553191133903	22.4566	1.18677	0.02078221276453561	1145.5373730649715	0.020569208656942766	1169.3441744817349
40.6501	0.5248493191133903	22.4414	1.19299	0.02099397276453561	1144.7620033264272	0.02077663589824385	1168.7951056461375
40.8501	0.5296613191133903	22.4578	1.1989	0.021186452764535613	1145.5985864653826	0.02096514030085562	1169.8697568046503
41.0501	0.5343923191133902	22.4627	1.20495	0.02137569276453561	1145.8485411837291	0.02115043698909179	1170.341847554764
41.2501	0.5392673191133903	22.4711	1.21056	0.021570692764535614	1146.2770349866087	0.02134133774103849	1171.0030247313475
41.4501	0.5444233191133903	22.4873	1.21669	0.02177693276453561	1147.1034158921623	0.021543202561418204	1172.083809854015
41.6601	0.5490953191133903	22.4864	1.22266	0.02196381276453561	1147.0575058418538	0.021726082900746638	1172.2512621303194
41.8601	0.5537583191133904	22.4871	1.22868	0.022150332764535614	1147.0932136587603	0.02190857760235182	1172.5017100532423
42.0701	0.5592953191133903	22.5161	1.23534	0.02237181276453561	1148.5725375020352	0.02212523458633283	1174.2681872575183
42.2701	0.5643023191133903	22.5151	1.24194	0.022572092764535614	1148.5215263350256	0.022321112820546402	1174.4460607695257
42.4701	0.5690673191133903	22.5278	1.24745	0.02276269276453561	1149.1693681560457	0.022507488177676463	1175.3275574177974
42.6801	0.5740023191133903	22.5431	1.25361	0.02296009276453561	1149.9498390112908	0.022700476203237934	1176.352793989553
42.8801	0.5792293191133903	22.5517	1.25966	0.02316917276453561	1150.3885350475723	0.02290484256879451	1177.0420857624306
43.0801	0.5839533191133903	22.552	1.2655	0.023358132764535612	1150.4038383976751	0.023089506609217013	1177.2751239877994
43.2801	0.5885873191133904	22.5553	1.27156	0.023543492764535615	1150.5721752488064	0.023270619368320814	1177.6606629318528
43.4901	0.5939183191133903	22.5747	1.27793	0.023756732764535615	1151.5617918887904	0.023478932734491528	1178.9191376405422
43.6901	0.5984743191133903	22.5857	1.28365	0.023938972764535615	1152.1229147258946	0.023656927931716462	1179.7035538029152
43.8901	0.6032923191133903	22.5873	1.28947	0.02413169276453561	1152.2045325931097	0.023845124563612523	1180.009178375552
44.1001	0.6083253191133903	22.5914	1.29544	0.02433301276453561	1152.4136783778486	0.024041681526595308	1180.4553751238423
44.3001	0.6131113191133903	22.6092	1.30099	0.024524452764535614	1153.3216771506172	0.0242285564105519	1181.6062601442125
44.5001	0.6187343191133903	22.62	1.30811	0.02474937276453561	1153.8725977543195	0.024448068315794772	1182.4302207989242
44.7001	0.6230723191133903	22.6165	1.31345	0.024922892764535614	1153.6940586697863	0.024617383189526224	1182.4474519770952
44.9001	0.6279983191133903	22.6223	1.31921	0.025119932764535613	1153.989923438441	0.024809613320675696	1182.9780727261661
45.1101	0.6338453191133903	22.6398	1.32627	0.025353812764535612	1154.882618861107	0.025037736213274882	1184.163296544728
45.3101	0.6384523191133903	22.6374	1.3317	0.02553809276453561	1154.7601920602842	0.025217443393355087	1184.2505649659129
45.5101	0.6430973191133903	22.6537	1.33792	0.025723892764535614	1155.5916740825387	0.025398600165935856	1185.317990386228
45.7201	0.6479333191133902	22.6541	1.34332	0.02591733276453561	1155.6120785493424	0.02558717114819756	1185.5624613358225
45.9201	0.6531343191133903	22.6683	1.34991	0.02612537276453561	1156.336437120877	0.025789934960229525	1186.546157581875
46.1201	0.6580253191133904	22.6792	1.35616	0.026321012764535613	1156.8924588412804	0.025980575750626733	1187.3430400176367
46.3201	0.6621863191133903	22.6778	1.36153	0.026487452764535614	1156.8210432074673	0.026142734084596483	1187.4622859464457
46.5201	0.6671873191133904	22.7039	1.36759	0.026687492764535616	1158.1524346664144	0.026337593271894204	1189.0606193868034
46.7301	0.6727813191133903	22.7111	1.37426	0.026911252764535612	1158.5197150688825	0.026555513156557936	1189.696931953799
46.9301	0.6777103191133903	22.7093	1.37978	0.027108412764535614	1158.4278949682655	0.02674748795009493	1189.8310365030172
47.1401	0.6825123191133903	22.7069	1.38658	0.02730049276453561	1158.3054681674428	0.02693448090952272	1189.9277782202703
47.3401	0.6869743191133904	22.7196	1.39172	0.027478972764535613	1158.953309988463	0.02710820271611367	1190.8001564290043
47.5401	0.6919273191133903	22.7297	1.39846	0.027677092764535612	1159.4685227752589	0.027301005592680203	1191.5592406376686
47.7501	0.6972923191133903	22.7318	1.40404	0.02789169276453561	1159.5756462259787	0.027509804249568243	1191.9181738877517
47.9501	0.7018873191133903	22.7437	1.40981	0.028075492764535612	1160.1826791133915	0.0276886008780197	1192.755379526379
48.1501	0.7065013191133903	22.7458	1.4154	0.028260052764535613	1160.2898025641114	0.02786810465686234	1193.0796536067257
48.3501	0.7117213191133903	22.7634	1.42165	0.02846885276453561	1161.187599103478	0.02807114551475666	1194.2452778943596
48.5501	0.7165603191133904	22.77	1.42789	0.028662412764535614	1161.5242728057406	0.028259329909029112	1194.8163609489259
48.7601	0.7222333191133903	22.7873	1.43449	0.028889332764535612	1162.4067659950044	0.028479902734391212	1195.987921865582
48.9601	0.7268063191133903	22.7962	1.44049	0.02907225276453561	1162.8607653813888	0.02865767087327953	1196.6677474825178
49.1701	0.7318073191133903	22.7821	1.4465	0.02927229276453561	1162.1415079265553	0.028852040665318938	1196.1600543804004
49.3701	0.7365673191133904	22.7909	1.45252	0.029462692764535614	1162.5904061962387	0.029037008620768377	1196.8434501449951
49.5701	0.7413833191133903	22.7994	1.4585	0.02965533276453561	1163.0240011158191	0.029224117857027533	1197.5138648820505
49.7701	0.7463383191133903	22.8157	1.46436	0.029853532764535614	1163.8554831380736	0.02941659093051515	1198.6006809371204
49.9701	0.7512253191133903	22.8158	1.46981	0.030049012764535612	1163.8605842547745	0.029606386317691327	1198.833445807186
50.1801	0.7560093191133903	22.8243	1.47619	0.030240372764535613	1164.2941791743551	0.029792146630678612	1199.5028691601665
50.3801	0.7613093191133903	22.8306	1.48232	0.03045237276453561	1164.615549526515	0.029997902681606622	1200.080856368071
50.5801	0.7657953191133903	22.8458	1.48782	0.03063181276453561	1165.3909192650588	0.03017202463326016	1201.088955701476
50.7901	0.7708613191133903	22.8362	1.49362	0.03083445276453561	1164.9012120617679	0.030368622563618063	1200.820303460437
50.9901	0.7757353191133903	22.8537	1.49976	0.031029412764535615	1165.7939074844337	0.030557733012508893	1201.9678078381492
51.1901	0.7809053191133903	22.8562	1.50608	0.031236212764535615	1165.9214354019573	0.030758289136931582	1202.3404054249056
51.3901	0.7857173191133903	22.8692	1.51183	0.03142869276453561	1166.5845805730805	0.03094492148816099	1203.2488089397564
51.5901	0.7905833191133903	22.8658	1.51801	0.03162333276453561	1166.4111426052482	0.031133612803909777	1203.2969503081163
51.8001	0.7956353191133902	22.8726	1.52412	0.03182541276453561	1166.7580185409126	0.03132947907011473	1203.8905740773089
52.0001	0.8007743191133903	22.8896	1.53053	0.03203097276453561	1167.625208380074	0.0315286789777449	1205.0253796288812
52.2101	0.8058303191133903	22.8929	1.53577	0.03223321276453561	1167.7935452312051	0.03172462289041337	1205.4352830396938
52.4101	0.8107353191133903	22.8832	1.54192	0.03242941276453561	1167.298736911213	0.031914678154808446	1205.1535494700279
52.6101	0.8154653191133903	22.9037	1.54769	0.032618612764535614	1168.3444658349074	0.03209791844577535	1206.4542415415644
52.8201	0.8207463191133904	22.9118	1.55467	0.032829852764535615	1168.757656287684	0.032302464823244476	1207.1277980610325
53.0201	0.8259643191133903	22.9223	1.5608	0.03303857276453561	1169.2932735412837	0.032504529967501444	1207.9250544422596
53.2201	0.8308903191133903	22.9232	1.56716	0.03323561276453561	1169.3391835915922	0.03269525005874315	1208.2028878878407
53.4201	0.8356143191133903	22.9291	1.57273	0.033424572764535615	1169.640149476948	0.03287811514885298	1208.7348717614625
53.6201	0.8406723191133904	22.9321	1.57877	0.033626892764535614	1169.7931829779764	0.033073872249263794	1209.1296928986615
53.8301	0.8453193191133903	22.9314	1.58501	0.03381277276453561	1169.75747516107	0.033253688863601	1209.3102188583082
54.0301	0.8503173191133903	22.9465	1.59132	0.03401269276453561	1170.527743782913	0.033447051411800176	1210.3405443045663
54.2401	0.8556553191133903	22.9524	1.5975	0.034226212764535614	1170.8287096682689	0.0336535265923876	1210.9017421962017
54.4401	0.8605733191133903	22.9548	1.60321	0.03442293276453561	1170.9511364690916	0.033843718342417416	1211.2587087103236
54.6401	0.8649713191133903	22.9594	1.60925	0.034598852764535615	1171.185787837335	0.03401376971805234	1211.7074724706356
54.8401	0.8703533191133903	22.9806	1.61578	0.03481413276453561	1172.2672245779358	0.03422182872056383	1213.078691369906
55.0401	0.8750383191133903	22.9734	1.62123	0.03500153276453561	1171.899944175468	0.034402907648154325	1212.918238468283
55.2501	0.8798803191133903	22.9673	1.62685	0.03519521276453561	1171.5887760567102	0.03459002029914592	1212.823092302568
55.4501	0.8850443191133903	22.985	1.63393	0.03540177276453561	1172.4916737127778	0.03478953763847259	1213.9999575138677
55.6601	0.8904273191133903	22.9855	1.64013	0.03561709276453561	1172.5171792962824	0.034997473939159765	1214.2788324392898
55.8601	0.8951713191133903	22.9951	1.64594	0.035806852764535615	1173.0068864995735	0.03518069090055528	1215.00857137625
56.0601	0.9003323191133903	22.9996	1.65202	0.03601329276453561	1173.2364367511161	0.035379974608775434	1215.4885440298547
56.2601	0.9050843191133903	23.0072	1.65797	0.03620337276453561	1173.624121620388	0.0355634303291112	1216.1132731808616
56.4601	0.9105913191133903	23.0267	1.66434	0.03642365276453561	1174.6188393770728	0.03577599148759858	1217.4027481132252
56.6601	0.9153973191133903	23.0078	1.67051	0.03661589276453561	1173.6547283205937	0.03596145828292887	1216.629143995371
56.8701	0.9203003191133903	23.026	1.67635	0.036812012764535613	1174.5831315601663	0.03615063293429912	1217.8219007921675
57.0701	0.9250693191133903	23.0158	1.68204	0.03700277276453561	1174.0628176566695	0.03633460307654045	1217.5063973097097
57.2801	0.9303863191133903	23.0347	1.68874	0.03721545276453561	1175.0269287131487	0.03653967311027911	1218.7560878757301
57.4801	0.9354543191133903	23.0429	1.69475	0.03741817276453561	1175.4452202826262	0.03673510038779985	1219.428232610409
57.6801	0.9403863191133903	23.0423	1.70015	0.037615452764535616	1175.4146135824205	0.03692524670462802	1219.628366458375
57.8901	0.9453073191133903	23.0438	1.70598	0.03781229276453561	1175.4911303329347	0.03711493290402892	1219.9391450951987
58.0901	0.9503943191133903	23.0588	1.71276	0.03801577276453561	1176.2562978380772	0.03731097996980532	1220.9725899695434
58.2901	0.9550563191133903	23.0544	1.71895	0.038202252764535614	1176.0318487032353	0.03749061428393659	1220.9589146465403
58.4901	0.9600033191133903	23.0668	1.72533	0.03840013276453561	1176.6643871741528	0.037681194822587465	1221.8484558609412
58.6901	0.9651823191133903	23.0737	1.7309	0.03860729276453561	1177.016364226518	0.03788067412934455	1222.4577795888604
58.9001	0.9708163191133903	23.0768	1.73807	0.03883265276453561	1177.1744988442474	0.03809763347044989	1222.8873074011321
59.1001	0.9758193191133903	23.0783	1.74324	0.03903277276453561	1177.2510155947616	0.03829025422265085	1223.2023869732907
59.3101	0.9806323191133903	23.0773	1.74923	0.03922529276453561	1177.2000044277522	0.038475524766038924	1223.3760192438433
59.5101	0.9857243191133903	23.0789	1.7551	0.039428972764535615	1177.2816222949675	0.038671497712603045	1223.7006273166241
59.7101	0.9906513191133903	23.0787	1.76112	0.03962605276453561	1177.2714200615655	0.03886108384492786	1223.9220394711049
59.9101	0.9958243191133903	23.0964	1.76749	0.03983297276453561	1178.1743177176331	0.03906009714419728	1225.104503227155
60.1101	1.0009343191133904	23.1079	1.77367	0.04003737276453562	1178.7609461382422	0.03925664785813702	1225.9554375390555
60.3201	1.0066983191133905	23.104	1.78004	0.04026793276453562	1178.5620025869052	0.03947830763118218	1226.0202580659113
60.5201	1.0118283191133903	23.1039	1.78617	0.04047313276453561	1178.5569014702041	0.0396755450520844	1226.2567914139674
60.7201	1.0165183191133904	23.0962	1.79145	0.04066073276453561	1178.1641154842314	0.039855831388889075	1226.0691317367011
60.9301	1.0215883191133903	23.1095	1.7973	0.04086353276453561	1178.8425640054572	0.04005068859425554	1227.0142357439236
61.1301	1.0268383191133905	23.1092	1.80386	0.04107353276453562	1178.8272606553546	0.04025242379959774	1227.2458607696099
61.3301	1.0315783191133905	23.1299	1.81046	0.041263132764535616	1179.8831918124506	0.04043452691833229	1228.5688686028518
61.5301	1.0363283191133905	23.1143	1.81576	0.04145313276453562	1179.0874176071027	0.04061698096036545	1227.9642848701633
61.7301	1.0412783191133903	23.1231	1.82188	0.04165113276453561	1179.5363158767864	0.04080708186301627	1228.6653395699618
61.9401	1.0466883191133904	23.1257	1.82831	0.041867532764535614	1179.6689449110106	0.04101480738461431	1229.0587731133776
62.1401	1.0519283191133904	23.1308	1.83405	0.04207713276453561	1179.9291018627591	0.04121596435790024	1229.5771353345776
62.3501	1.0567483191133904	23.1299	1.83997	0.04226993276453562	1179.8831918124506	0.041400962339991236	1229.7567750003686
62.5501	1.0617683191133904	23.1447	1.84608	0.04247073276453562	1180.6381570841909	0.04159360020995863	1230.7807247453275
62.7501	1.0670583191133904	23.1478	1.8528	0.04268233276453562	1180.7962917019202	0.04179655893200576	1231.1954319514712
62.9601	1.0725983191133903	23.1519	1.85915	0.042903932764535614	1181.005437486659	0.042009065127022974	1231.6752153711375
63.1601	1.0777783191133905	23.1503	1.86523	0.04311113276453562	1180.923819619444	0.042207721411059974	1231.8347831918604
63.3601	1.0828283191133905	23.1513	1.87101	0.04331313276453562	1180.9748307864534	0.04240135412897675	1232.1265504238818
63.5601	1.0875183191133904	23.1367	1.87608	0.043500732764535616	1180.230067748115	0.04258114975292223	1231.5709405258956
63.7601	1.0925483191133905	23.1483	1.88226	0.04370193276453562	1180.821797285425	0.04277394368131846	1232.4259920772906
63.9701	1.0975883191133904	23.1622	1.88773	0.04390353276453562	1181.5308525068565	0.042967083624622475	1233.404231002201
64.1701	1.1028083191133904	23.1667	1.89418	0.04411233276453561	1181.760402758399	0.04316708210561399	1233.8906108928293
64.3801	1.1086683191133904	23.1789	1.9006	0.044346732764535615	1182.3827389959147	0.043391553827232275	1234.8175503475663
64.5801	1.1135283191133905	23.1735	1.90655	0.04454113276453562	1182.1072786940638	0.04357768157852907	1234.7596759362998
64.7801	1.1192783191133904	23.1899	1.91296	0.044771132764535614	1182.9438618330191	0.04379784972162951	1235.9055985241378
64.9801	1.1243383191133904	23.1777	1.91917	0.04497353276453562	1182.3215255955035	0.043991557597975704	1235.4947014650886
65.1801	1.1291683191133903	23.1679	1.92442	0.045166732764535616	1181.8216161588105	0.04417642557428957	1235.200637271207
65.3901	1.1343683191133904	23.1863	1.9308	0.045374732764535616	1182.760221631785	0.0443754170835383	1236.4276506128501
65.5901	1.1397183191133904	23.1835	1.93723	0.045588732764535615	1182.6173903641584	0.04458010741340324	1236.5314185361626
65.7901	1.1447683191133904	23.1909	1.94275	0.045790732764535616	1182.9948730000285	0.04477328134855718	1237.1650750913886
66.0001	1.1503083191133905	23.1827	1.94994	0.04601233276453562	1182.576581430551	0.04498515597909069	1236.9896886148804
66.2001	1.1554183191133904	23.1886	1.95599	0.04621673276453562	1182.877547315907	0.045180545675197865	1237.5462828133755
66.4001	1.1607683191133904	23.2033	1.96198	0.04643073276453562	1183.627411470946	0.0453850712861966	1238.5840995057326
66.6101	1.1656383191133903	23.1943	1.96749	0.04662553276453561	1183.1683109678609	0.045571210573296016	1238.334163816853
66.8101	1.1705983191133904	23.1951	1.97375	0.046823932764535614	1183.2091199014683	0.045760754198648355	1238.61162417812
67.0101	1.1757283191133905	23.204	1.97952	0.04702913276453562	1183.6631192878526	0.045956756491297275	1239.3297692733254
67.2101	1.1810483191133905	23.2045	1.98587	0.047241932764535616	1183.6886248713574	0.04615997755874656	1239.6083633016758
67.4201	1.1868783191133905	23.2122	1.99304	0.04747513276453562	1184.0814108573304	0.04638263292810485	1240.2958330418007
67.6201	1.1921583191133904	23.2161	1.99885	0.04768633276453562	1184.2803544086676	0.04658424030222874	1240.7543414755014
67.8201	1.1971683191133904	23.2107	2.00464	0.04788673276453562	1184.0048941068162	0.046775500634695634	1240.7030200628117
68.0301	1.2027683191133904	23.2164	2.01032	0.04811073276453562	1184.2956577587702	0.046989241351978656	1241.2729896634023
68.2301	1.2074683191133904	23.1973	2.01593	0.04829873276453561	1183.3213444688893	0.047168595627558214	1240.4742658599632
68.4301	1.2127483191133903	23.2171	2.02241	0.048509932764535614	1184.3313655756767	0.047370044624012834	1241.7832004906834
68.6301	1.2180883191133904	23.214	2.02804	0.048723532764535615	1184.1732309579475	0.047573741545933565	1241.870334175413
68.8301	1.2233283191133904	23.2225	2.03432	0.04893313276453561	1184.606825877528	0.04777358359267264	1242.5733489619683
69.0401	1.2290383191133905	23.2201	2.04082	0.049161532764535616	1184.4843990767051	0.047991304942099494	1242.7154676709958
69.2401	1.2346283191133904	23.2397	2.04736	0.04938513276453562	1185.484217950091	0.0482044048026068	1244.029513443818
69.4501	1.2398383191133904	23.2224	2.05324	0.04959353276453562	1184.6017247608272	0.048402977569550344	1243.3503092106787
69.6501	1.2447783191133903	23.2222	2.05858	0.04979113276453561	1184.5915225274252	0.048591223205357754	1243.5736762973315
69.8501	1.2498183191133905	23.2284	2.06503	0.04999273276453562	1184.907791762884	0.04878324296884772	1244.1445703471018
70.0501	1.2551083191133905	23.2294	2.07103	0.05020433276453562	1184.9588029298932	0.048984747869686894	1244.4488689844513
70.2501	1.2604083191133904	23.2373	2.07733	0.05041633276453562	1185.3617911492684	0.04918659297594407	1245.123385658216
70.4601	1.2663383191133903	23.2312	2.08434	0.050653532764535616	1185.0506230305105	0.049412382708022236	1245.0776235918197
70.6601	1.2716783191133905	23.235	2.09073	0.05086713276453562	1185.2444654651465	0.04961566407873548	1245.534453048393
70.8601	1.2768983191133905	23.2318	2.09618	0.05107593276453562	1185.0812297307161	0.04981433739592569	1245.6103589409554
71.0701	1.2822283191133903	23.2408	2.10243	0.05128913276453561	1185.5403302338013	0.050017156596288595	1246.345665628874
71.2701	1.2871883191133904	23.2247	2.1077	0.05148753276453562	1184.7190504449486	0.050205859470770005	1245.7173113715025
71.4701	1.2925783191133904	23.2436	2.11449	0.051703132764535614	1185.683161501428	0.050410881301922866	1246.9866954172107
71.6701	1.2978583191133903	23.2349	2.12041	0.051914332764535616	1185.2393643484456	0.05061167826636201	1246.7702751148577
71.8701	1.3036783191133905	23.248	2.12635	0.05214713276453562	1185.9076106362695	0.050832964578348384	1247.749292254592
72.0801	1.3094483191133903	23.2404	2.1329	0.05237793276453561	1185.5199257669976	0.05105230147740047	1247.6150087298386
72.2801	1.3146083191133904	23.2341	2.13879	0.05258433276453561	1185.198555414838	0.051248409506548215	1247.5214306448188
72.4901	1.3198183191133903	23.233	2.1444	0.05279273276453561	1185.1424431311275	0.05144637879584344	1247.709351419258
72.6901	1.3249183191133904	23.2393	2.15028	0.05299673276453562	1185.4638134832871	0.051640130359309255	1248.2895224084882
72.8901	1.3303383191133904	23.2568	2.15711	0.053213532764535616	1186.356508905953	0.05184599774521457	1249.48672986304
73.1001	1.3364983191133903	23.2564	2.16321	0.05345993276453562	1186.336104439149	0.05207992104197161	1249.7575528186069
73.3001	1.3419983191133904	23.2507	2.16984	0.053679932764535615	1186.045340787195	0.05228873489851574	1249.7121749363425
73.5001	1.3472183191133904	23.2439	2.17514	0.05388873276453562	1185.6984648515308	0.05248687790955802	1249.5942525632352
73.7001	1.3521983191133904	23.2305	2.18084	0.054087932764535614	1185.0149152136037	0.05267587430961343	1249.1099222726489
73.9001	1.3572183191133904	23.2464	2.18721	0.054288732764535615	1185.8259927690544	0.052866352608761866	1250.2029831957339
74.1101	1.3628983191133903	23.2466	2.19383	0.05451593276453561	1185.8361950024564	0.05308183012983628	1250.4831612789633
74.3101	1.3684683191133904	23.246	2.20004	0.054738732764535614	1185.8055883022507	0.05329308958984342	1250.7150835110206
74.5201	1.3743383191133904	23.2509	2.20618	0.05497353276453562	1186.055543020597	0.053515679186354526	1251.2572062753989
74.7201	1.3795283191133905	23.2347	2.21207	0.055181132764535616	1185.2291621150437	0.053712442015223	1250.6314498661131
74.9201	1.3848983191133903	23.247	2.21788	0.05539593276453561	1185.8565994692601	0.05391598824364556	1251.5482319218402
75.1201	1.3904283191133904	23.2606	2.22395	0.055617132764535615	1186.5503513405888	nan	nan
75.3201	1.3959283191133904	23.247	2.23042	0.05583713276453562	1185.8565994692601	nan	nan
75.5301	1.4016783191133904	23.253	2.23652	0.056067132764535614	1186.162666471317	nan	nan
75.7301	1.4071283191133903	23.2504	2.24246	0.05628513276453561	1186.0300374370922	nan	nan
75.9401	1.4132383191133904	23.2499	2.24855	0.056529532764535616	1186.0045318535877	nan	nan
76.1401	1.4187683191133904	23.2481	2.25497	0.056750732764535614	1185.9127117529706	nan	nan
76.3401	1.4240783191133903	23.238	2.26005	0.056963132764535615	1185.397498966175	nan	nan
76.5401	1.4294283191133905	23.2386	2.26614	0.05717713276453562	1185.4281056663806	nan	nan
76.7401	1.4348083191133905	23.2405	2.27199	0.05739233276453562	1185.5250268836985	nan	nan
76.9401	1.4401583191133904	23.2454	2.27821	0.05760633276453562	1185.774981602045	nan	nan
77.1501	1.4459683191133905	23.2558	2.28439	0.05783873276453562	1186.3054977389434	nan	nan
77.3501	1.4511983191133904	23.2415	2.29014	0.05804793276453561	1185.576038050708	nan	nan
77.5601	1.4572183191133905	23.2337	2.29639	0.05828873276453562	1185.178150948034	nan	nan
77.7601	1.4629783191133905	23.2452	2.30254	0.05851913276453562	1185.764779368643	nan	nan
77.9601	1.4685483191133903	23.2288	2.30827	0.05874193276453561	1184.9281962296877	nan	nan
78.1701	1.4737983191133903	23.2243	2.31386	0.058951932764535614	1184.698645978145	nan	nan
78.3701	1.4794283191133903	23.2386	2.32018	0.059177132764535616	1185.4281056663806	nan	nan
78.5701	1.4850683191133904	23.2329	2.32631	0.059402732764535615	1185.1373420144266	nan	nan
78.7701	1.4904283191133905	23.2269	2.33215	0.05961713276453562	1184.8312750123698	nan	nan
78.9701	1.4959683191133903	23.2311	2.33842	0.059838732764535614	1185.0455219138096	nan	nan
79.1801	1.5023083191133904	23.234	2.34499	0.060092332764535614	1185.1934542981369	nan	nan
79.3801	1.5076183191133905	23.2322	2.35065	0.06030473276453562	1185.1016341975198	nan	nan
79.5901	1.5131383191133905	23.2327	2.35696	0.06052553276453562	1185.1271397810247	nan	nan
79.7901	1.5190783191133903	23.2331	2.36285	0.06076313276453561	1185.1475442478284	nan	nan
79.9901	1.5247983191133905	23.222	2.36871	0.06099193276453562	1184.5813202940233	nan	nan
80.1901	1.5304783191133904	23.2217	2.37469	0.06121913276453562	1184.5660169439202	nan	nan
80.4001	1.5362983191133903	23.2156	2.38101	0.061451932764535616	1184.2548488251625	nan	nan
80.6001	1.5423083191133904	23.2299	2.38795	0.06169233276453562	1184.9843085133982	nan	nan
80.8001	1.5480583191133903	23.2148	2.39346	0.06192233276453561	1184.2140398915549	nan	nan
81.0001	1.5538183191133903	23.2165	2.39938	0.06215273276453561	1184.300758875471	nan	nan
81.2101	1.5593483191133903	23.2094	2.40492	0.062373932764535615	1183.9385795897037	nan	nan
81.4101	1.5649483191133904	23.2105	2.4112	0.06259793276453561	1183.9946918734142	nan	nan
81.6101	1.5707783191133904	23.2053	2.41731	0.06283113276453561	1183.729433804965	nan	nan
81.8101	1.5764483191133905	23.2072	2.423	0.06305793276453561	1183.826355022283	nan	nan
82.0201	1.5822583191133903	23.1831	2.42885	0.0632903327645356	1182.5969858973547	nan	nan
82.2201	1.5882483191133905	23.2039	2.43545	0.06352993276453561	1183.6580181711518	nan	nan
82.4201	1.5938183191133903	23.1984	2.44099	0.06375273276453561	1183.3774567525995	nan	nan
82.6301	1.5997883191133904	23.1875	2.44778	0.06399153276453562	1182.8214350321964	nan	nan
82.8301	1.6056683191133905	23.1741	2.45375	0.06422673276453562	1182.1378853942692	nan	nan
83.0301	1.6114883191133904	23.1812	2.45994	0.06445953276453562	1182.5000646800368	nan	nan
83.2401	1.6178083191133905	23.1782	2.46614	0.06471233276453563	1182.3470311790084	nan	nan
83.4301	1.6228583191133905	23.1638	2.47113	0.06491433276453562	1181.6124703740718	nan	nan
83.6401	1.6292783191133904	23.1707	2.47765	0.06517113276453562	1181.9644474264371	nan	nan
83.8401	1.6350283191133903	23.1532	2.48344	0.06540113276453562	1181.0717520037713	nan	nan
84.0401	1.6407383191133904	23.1563	2.48967	0.06562953276453562	1181.229886621501	nan	nan
84.2501	1.6468383191133904	23.1642	2.49584	0.06587353276453561	1181.6328748408757	nan	nan
84.4501	1.6526383191133904	23.1536	2.50148	0.06610553276453562	1181.0921564705752	nan	nan
84.6601	1.6591983191133903	23.1514	2.50841	0.06636793276453562	1180.9799319031542	nan	nan
84.8601	1.6651483191133905	23.1353	2.51409	0.06660593276453562	1180.1586521143017	nan	nan
85.0601	1.6711383191133904	23.1319	2.51999	0.06684553276453561	1179.9852141464696	nan	nan
85.2601	1.6765683191133904	23.1162	2.52564	0.06706273276453562	1179.1843388244208	nan	nan
85.4601	1.6824283191133904	23.1091	2.53153	0.06729713276453561	1178.8221595386538	nan	nan
85.6701	1.6883883191133904	23.1156	2.53737	0.06753553276453561	1179.1537321242151	nan	nan
85.8701	1.6943683191133905	23.111	2.54328	0.06777473276453562	1178.9190807559714	nan	nan
86.0701	1.7012683191133904	23.1007	2.54997	0.06805073276453562	1178.393665735774	nan	nan
86.2801	1.7073683191133904	23.0881	2.55581	0.06829473276453561	1177.7509250314547	nan	nan
86.4801	1.7131783191133905	23.0755	2.56109	0.06852713276453562	1177.1081843271352	nan	nan
86.6801	1.7194883191133905	23.0809	2.56783	0.06877953276453562	1177.3836446289865	nan	nan
86.8801	1.7256183191133905	23.0662	2.5734	0.06902473276453562	1176.633780473947	nan	nan
87.0801	1.7314883191133905	23.0559	2.57932	0.06925953276453561	1176.1083654537495	nan	nan
87.2901	1.7381283191133905	23.0572	2.58611	0.06952513276453562	1176.174679970862	nan	nan
87.4901	1.7446983191133905	23.0561	2.59247	0.06978793276453561	1176.1185676871514	nan	nan
87.7001	1.7513083191133905	23.0271	2.5983	0.07005233276453562	1174.6392438438768	nan	nan
87.9001	1.7574583191133903	23.0197	2.60389	0.07029833276453562	1174.2617612080064	nan	nan
88.1001	1.7635583191133903	23.0056	2.60972	0.07054233276453561	1173.542503753173	nan	nan
88.3101	1.7698583191133903	23.006	2.61562	0.07079433276453562	1173.5629082199766	nan	nan
88.5101	1.7760083191133904	22.982	2.62144	0.07104033276453561	1172.3386402117494	nan	nan
88.7101	1.7820583191133905	22.9735	2.62753	0.07128233276453562	1171.9050452921688	nan	nan
88.9101	1.7888883191133904	22.9654	2.63445	0.07155553276453562	1171.4918548393919	nan	nan
89.1101	1.7958283191133904	22.9543	2.64023	0.07183313276453561	1170.9256308855868	nan	nan
89.3201	1.8014983191133904	22.9389	2.646	0.07205993276453562	1170.140058913641	nan	nan
89.5201	1.8076083191133905	22.9344	2.65189	0.07230433276453561	1169.9105086620984	nan	nan
89.7301	1.8145383191133904	22.9224	2.65849	0.07258153276453562	1169.2983746579846	nan	nan
89.9301	1.8206483191133904	22.905	2.66411	0.07282593276453561	1168.4107803520196	nan	nan
90.1301	1.8271983191133905	22.9025	2.67048	0.07308793276453562	1168.283252434496	nan	nan
90.3301	1.8327283191133905	22.8738	2.6759	0.07330913276453561	1166.819231941324	nan	nan
90.5301	1.8390083191133904	22.866	2.68194	0.07356033276453561	1166.4213448386502	nan	nan
90.7401	1.8460083191133905	22.8516	2.68873	0.07384033276453562	1165.6867840337138	nan	nan
90.9401	1.8522683191133904	22.8484	2.69469	0.07409073276453562	1165.5235482992834	nan	nan
91.1401	1.8587083191133904	22.8316	2.70073	0.07434833276453562	1164.6665606935244	nan	nan
91.3501	1.8650683191133903	22.8094	2.70633	0.0746027327645356	1163.534112785914	nan	nan
91.5501	1.8712183191133904	22.7944	2.7122	0.07484873276453562	1162.7689452807717	nan	nan
91.7501	1.8781083191133905	22.7954	2.71925	0.07512433276453562	1162.8199564477814	nan	nan
91.9501	1.8839783191133903	22.784	2.72486	0.07535913276453561	1162.2384291438732	nan	nan
92.1501	1.8901183191133903	22.7601	2.73088	0.07560473276453561	1161.019262252347	nan	nan
92.3601	1.8970383191133904	22.7416	2.73682	0.07588153276453562	1160.0755556626714	nan	nan
92.5601	1.9033083191133904	22.7339	2.74294	0.07613233276453561	1159.6827696766984	nan	nan
92.7701	1.9103083191133905	22.7096	2.74955	0.07641233276453561	1158.4431983183683	nan	nan
92.9701	1.9166883191133903	22.7081	2.75608	0.07666753276453561	1158.3666815678544	nan	nan
93.1701	1.9228683191133904	22.6686	2.76134	0.07691473276453561	1156.35174047098	nan	nan
93.3801	1.9288883191133903	22.6665	2.76757	0.07715553276453561	1156.24461702026	nan	nan
93.5901	1.9360883191133904	22.6615	2.77435	0.07744353276453561	1155.9895611852126	nan	nan
93.7901	1.9426683191133904	22.6406	2.78056	0.07770673276453562	1154.9234277947146	nan	nan
94.0101	1.9494683191133904	22.6153	2.78684	0.07797873276453561	1153.6328452693751	nan	nan
94.2101	1.9556983191133903	22.6014	2.79269	0.07822793276453562	1152.9237900479434	nan	nan
94.4201	1.9623283191133905	22.5953	2.79939	0.07849313276453562	1152.6126219291855	nan	nan
94.6201	1.9687983191133904	22.5814	2.80505	0.07875193276453561	1151.9035667077535	nan	nan
94.8301	1.9757683191133903	22.5456	2.81132	0.07903073276453561	1150.0773669288144	nan	nan
95.0301	1.9819383191133904	22.5336	2.8175	0.07927753276453561	1149.4652329247008	nan	nan
95.2301	1.9883983191133905	22.5229	2.82391	0.07953593276453562	1148.9194134376994	nan	nan
95.4301	1.9948983191133904	22.5151	2.82978	0.07979593276453562	1148.5215263350256	nan	nan
95.6401	2.0016683191133904	22.4909	2.83628	0.08006673276453562	1147.2870560933964	nan	nan
95.8401	2.0078883191133903	22.4741	2.84201	0.08031553276453561	1146.430068487637	nan	nan
96.0401	2.0140683191133903	22.4478	2.84765	0.08056273276453561	1145.0884747952878	nan	nan
96.2401	2.0200383191133904	22.4291	2.85351	0.08080153276453561	1144.1345659722106	nan	nan
96.4501	2.0275683191133904	22.4265	2.86083	0.08110273276453561	1144.001936937986	nan	nan
96.6501	2.0337683191133906	22.3914	2.8667	0.08135073276453562	1142.2114449759536	nan	nan
96.8501	2.0395683191133904	22.3726	2.87186	0.08158273276453562	1141.2524350361753	nan	nan
97.0501	2.0459983191133904	22.3705	2.87789	0.08183993276453562	1141.1453115854554	nan	nan
97.2701	2.0532183191133906	22.3629	2.88516	0.08212873276453563	1140.7576267161835	nan	nan
97.4701	2.0593383191133903	22.3309	2.89003	0.08237353276453561	1139.1252693718804	nan	nan
97.6901	2.0664383191133906	22.3251	2.8973	0.08265753276453562	1138.8294046032252	nan	nan
97.9001	2.0726483191133904	22.2922	2.90337	0.08290593276453562	1137.1511372086136	nan	nan
98.1001	2.0792483191133906	22.2845	2.90956	0.08316993276453562	1136.7583512226406	nan	nan
98.3001	2.0855983191133904	22.2662	2.91525	0.08342393276453562	1135.8248468663674	nan	nan
98.5001	2.0923283191133906	22.2529	2.92239	0.08369313276453562	1135.1463983451413	nan	nan
98.7201	2.0994483191133906	22.2241	2.92845	0.08397793276453562	1133.6772767352684	nan	nan
98.9301	2.1064283191133906	22.2025	2.93521	0.08425713276453563	1132.5754355278636	nan	nan
99.1301	2.1132083191133906	22.2009	2.94188	0.08452833276453563	1132.4938176606486	nan	nan
99.3301	2.1193683191133905	22.1671	2.94674	0.08477473276453562	1130.7696402157285	nan	nan
99.5401	2.12582831911339	22.1525	2.95382	0.08503313276453561	1130.02487717739	nan	nan
99.7401	2.1320983191133904	22.1324	2.95897	0.08528393276453562	1128.9995527204997	nan	nan
99.9501	2.1388483191133902	22.1028	2.96523	0.08555393276453561	1127.489622177019	nan	nan
100.16	2.1450983191133903	22.1019	2.97102	0.08580393276453561	1127.4437121267106	nan	nan
100.36	2.1515483191133904	22.0749	2.9768	0.08606193276453561	1126.0664106174547	nan	nan
100.56	2.1576683191133905	22.0621	2.98258	0.08630673276453563	1125.4134676797335	nan	nan
100.78	2.16466831911339	22.0358	2.98952	0.0865867327645356	1124.0718739873842	nan	nan
100.99	2.1714983191133905	22.0262	2.99567	0.08685993276453562	1123.5821667840933	nan	nan
101.19	2.1780583191133904	22.0113	3.00167	0.08712233276453561	1122.8221003956521	nan	nan
101.39	2.1843883191133906	21.9828	3.00788	0.08737553276453562	1121.368282135882	nan	nan
101.59	2.1906583191133904	21.9742	3.01392	0.08762633276453562	1120.9295860996006	nan	nan
101.81	2.1986583191133904	21.9547	3.02141	0.08794633276453562	1119.934868342916	nan	nan
102.01	2.2051283191133906	21.9317	3.0273	0.08820513276453562	1118.7616115016979	nan	nan
102.23	2.21164831911339	21.9061	3.03317	0.08846593276453561	1117.4557256262553	nan	nan
102.44	2.2184683191133905	21.8881	3.03983	0.08873873276453562	1116.537524620085	nan	nan
102.64	2.2245683191133905	21.8606	3.04572	0.08898273276453562	1115.1347175273245	nan	nan
102.84	2.2311583191133906	21.8464	3.05112	0.08924633276453563	1114.4103589557897	nan	nan
103.04	2.2372283191133904	21.8269	3.05704	0.08948913276453561	1113.4156411991048	nan	nan
103.26	2.2440883191133905	21.8173	3.06352	0.08976353276453562	1112.925933995814	nan	nan
103.46	2.2506083191133905	21.802	3.0701	0.09002433276453563	1112.145463140569	nan	nan
103.67	2.2576583191133905	21.7876	3.07632	0.09030633276453562	1111.4109023356327	nan	nan
103.87	2.2644583191133902	21.7608	3.08274	0.09057833276453561	1110.0438030597786	nan	nan
104.07	2.2706583191133904	21.7299	3.08858	0.09082633276453561	1108.467557999186	nan	nan
104.29	2.2774883191133903	21.7067	3.09481	0.09109953276453561	1107.2840989245663	nan	nan
104.49	2.2835783191133903	21.6869	3.10058	0.09134313276453561	1106.2740778177786	nan	nan
104.7	2.2898983191133904	21.6764	3.10692	0.09159593276453562	1105.7384605641791	nan	nan
104.9	2.2961383191133904	21.6622	3.11291	0.09184553276453561	1105.0141019926443	nan	nan
105.11	2.3035583191133906	21.6462	3.11977	0.09214233276453562	1104.197923320493	nan	nan
105.31	2.3100383191133904	21.6223	3.12547	0.09240153276453561	1102.9787564289663	nan	nan
105.51	2.3163683191133906	21.6059	3.13179	0.09265473276453562	1102.142173290011	nan	nan
105.71	2.3229583191133902	21.5913	3.1377	0.09291833276453561	1101.3974102516727	nan	nan
105.91	2.3293483191133904	21.5523	3.14333	0.09317393276453562	1099.4079747383032	nan	nan
106.12	2.3353283191133904	21.5345	3.14938	0.09341313276453561	1098.4999759655345	nan	nan
106.32	2.3420883191133903	21.5323	3.1554	0.09368353276453562	1098.3877513981138	nan	nan
106.52	2.3486083191133904	21.5011	3.16117	0.09394433276453562	1096.7962029874182	nan	nan
106.73	2.3557583191133906	21.4907	3.16838	0.09423033276453563	1096.2656868505196	nan	nan
106.93	2.3622783191133903	21.4644	3.17368	0.09449113276453561	1094.9240931581705	nan	nan
107.13	2.3684183191133905	21.4389	3.18007	0.09473673276453562	1093.6233083994289	nan	nan
107.33	2.3748483191133904	21.4211	3.18642	0.09499393276453562	1092.71530962666	nan	nan
107.55	2.3820283191133904	21.4037	3.19312	0.09528113276453562	1091.8277153206952	nan	nan
107.75	2.3885683191133906	21.3779	3.19938	0.09554273276453562	1090.511627211851	nan	nan
107.96	2.3951683191133903	21.3729	3.20542	0.09580673276453561	1090.2565713768035	nan	nan
108.16	2.4015583191133905	21.3383	3.21117	0.09606233276453562	1088.4915849982756	nan	nan
108.36	2.4076483191133904	21.3202	3.21672	0.09630593276453561	1087.568282875404	nan	nan
108.57	2.4146483191133905	21.2977	3.22304	0.09658593276453561	1086.420531617691	nan	nan
108.77	2.42090831911339	21.2816	3.22971	0.09683633276453561	1085.5992518288385	nan	nan
108.97	2.4270683191133906	21.2614	3.23476	0.09708273276453562	1084.568826255247	nan	nan
109.18	2.4331883191133903	21.2401	3.24112	0.09732753276453561	1083.4822883979452	nan	nan
109.38	2.4395383191133906	21.2318	3.24712	0.09758153276453563	1083.0588957117666	nan	nan
109.58	2.4461083191133906	21.2058	3.25332	0.09784433276453562	1081.7326053695201	nan	nan
109.78	2.4529383191133904	21.2008	3.25974	0.09811753276453562	1081.4775495344727	nan	nan
109.99	2.4596583191133905	21.1479	3.26541	0.09838633276453562	1078.7790587996717	nan	nan
110.19	2.4660683191133903	21.1348	3.27149	0.09864273276453561	1078.1108125118474	nan	nan
110.39	2.4725383191133905	21.1239	3.27781	0.09890153276453562	1077.554790791444	nan	nan
110.59	2.4790183191133903	21.0984	3.28356	0.09916073276453562	1076.2540060327026	nan	nan
110.8	2.4853883191133903	21.0764	3.28942	0.09941553276453562	1075.1317603584941	nan	nan
111	2.4918283191133903	21.0573	3.29557	0.09967313276453561	1074.1574470686132	nan	nan
111.2	2.4987183191133906	21.0416	3.30202	0.09994873276453563	1073.3565717465644	nan	nan
111.42	2.5060283191133905	21.0156	3.30862	0.10024113276453563	1072.030281404318	nan	nan
111.63	2.5127183191133904	20.9878	3.31494	0.10050873276453562	1070.6121709614547	nan	nan
111.83	2.5190483191133906	20.9744	3.32156	0.10076193276453563	1069.9286213235275	nan	nan
112.03	2.5246983191133903	20.9406	3.32629	0.1009879327645356	1068.2044438786074	nan	nan
112.23	2.5312483191133905	20.9527	3.3334	0.10124993276453562	1068.8216789994221	nan	nan
112.43	2.5380383191133906	20.9253	3.33934	0.10152153276453563	1067.4239730233626	nan	nan
112.64	2.5448583191133904	20.8977	3.34534	0.10179433276453562	1066.016064813901	nan	nan
112.84	2.5510083191133903	20.866	3.35152	0.10204033276453561	1064.3990108197006	nan	nan
113.05	2.5576783191133905	20.8416	3.35738	0.10230713276453562	1063.1543383446694	nan	nan
113.25	2.5639583191133903	20.8315	3.36362	0.10255833276453562	1062.6391255578737	nan	nan
113.45	2.5702283191133906	20.8127	3.36956	0.10280913276453563	1061.6801156180957	nan	nan
113.66	2.5766683191133906	20.7865	3.37533	0.10306673276453562	1060.3436230424475	nan	nan
113.86	2.5831583191133904	20.775	3.38158	0.10332633276453562	1059.7569946218384	nan	nan
114.06	2.5900683191133904	20.7568	3.38785	0.10360273276453562	1058.828591382266	nan	nan
114.26	2.5967783191133904	20.719	3.39431	0.10387113276453562	1056.900369269308	nan	nan
114.46	2.60277831911339	20.6952	3.39958	0.10411113276453561	1055.6863034944824	nan	nan
114.67	2.6101083191133903	20.6774	3.40617	0.1044043327645356	1054.7783047217135	nan	nan
114.87	2.6163583191133903	20.6571	3.41264	0.10465433276453562	1053.7427780314213	nan	nan
115.08	2.6228183191133905	20.6329	3.41874	0.10491273276453562	1052.508307789792	nan	nan
115.28	2.6290683191133906	20.6081	3.42455	0.10516273276453562	1051.243230847957	nan	nan
115.48	2.6356783191133903	20.5966	3.4308	0.10542713276453561	1050.6566024273482	nan	nan
115.68	2.6419583191133906	20.5748	3.43691	0.10567833276453563	1049.5445589865417	nan	nan
115.88	2.6480583191133906	20.55	3.44223	0.10592233276453562	1048.2794820447066	nan	nan
116.09	2.6551483191133904	20.5234	3.44883	0.10620593276453562	1046.9225850022544	nan	nan
116.29	2.6611583191133903	20.5033	3.45464	0.1064463327645356	1045.8972605453641	nan	nan
116.49	2.6677683191133905	20.4771	3.461	0.10671073276453562	1044.560767969716	nan	nan
116.7	2.6738483191133904	20.4557	3.46692	0.10695393276453562	1043.4691289957132	nan	nan
116.9	2.6803383191133903	20.4431	3.47321	0.10721353276453562	1042.8263882913939	nan	nan
117.1	2.6871783191133902	20.4053	3.47931	0.10748713276453561	1040.8981661784355	nan	nan
117.3	2.6930783191133902	20.3932	3.4849	0.10772313276453561	1040.280931057621	nan	nan
117.52	2.7001483191133904	20.3729	3.49144	0.10800593276453561	1039.2454043673288	nan	nan
117.72	2.7068583191133904	20.3513	3.49747	0.10827433276453562	1038.143563159924	nan	nan
117.94	2.7139083191133904	20.3246	3.5046	0.10855633276453562	1036.781565000771	nan	nan
118.15	2.7212083191133902	20.3073	3.51199	0.10884833276453561	1035.8990718115072	nan	nan
118.35	2.7278083191133904	20.2782	3.51756	0.10911233276453562	1034.4146468515312	nan	nan
118.55	2.7340283191133903	20.2506	3.52303	0.10936113276453562	1033.0067386420699	nan	nan
118.76	2.7402383191133906	20.2394	3.52888	0.10960953276453562	1032.435413571564	nan	nan
118.96	2.7470683191133904	20.2213	3.53554	0.10988273276453561	1031.5121114486922	nan	nan
119.16	2.7533083191133905	20.1811	3.54095	0.11013233276453561	1029.4614625349116	nan	nan
119.36	2.7597183191133903	20.164	3.5471	0.1103887327645356	1028.5891715790494	nan	nan
119.56	2.7659983191133906	20.1481	3.55367	0.11063993276453563	1027.7780940235987	nan	nan
119.77	2.7732983191133904	20.1326	3.56044	0.11093193276453561	1026.9874209349518	nan	nan
119.97	2.7797283191133904	20.0958	3.56638	0.11118913276453561	1025.1102099890031	nan	nan
120.18	2.7860983191133903	20.0631	3.57228	0.11144393276453561	1023.4421448277933	nan	nan
120.38	2.7923483191133904	20.0478	3.57812	0.11169393276453561	1022.6616739725483	nan	nan
120.58	2.7988683191133905	20.0291	3.5845	0.11195473276453562	1021.7077651494711	nan	nan
120.78	2.8046983191133905	19.9973	3.58927	0.11218793276453562	1020.0856100385699	nan	nan
120.98	2.8112883191133906	19.9857	3.59613	0.11245153276453562	1019.49388050126	nan	nan
121.19	2.8186083191133906	19.9664	3.60321	0.11274433276453562	1018.5093649779773	nan	nan
121.39	2.8251583191133904	19.9333	3.60915	0.11300633276453562	1016.8208953499635	nan	nan
121.59	2.8313883191133904	19.9026	3.61499	0.11325553276453562	1015.2548525227726	nan	nan
121.8	2.8377683191133904	19.8946	3.62019	0.11351073276453562	1014.846763186697	nan	nan
122	2.8442983191133906	19.8615	3.62661	0.11377193276453562	1013.1582935586832	nan	nan
122.2	2.8505483191133902	19.8256	3.63227	0.11402193276453561	1011.3269926630433	nan	nan
122.4	2.8567683191133906	19.8123	3.63853	0.11427073276453563	1010.6485441418171	nan	nan
122.62	2.8641783191133903	19.7946	3.645	0.11456713276453562	1009.7456464857494	nan	nan
122.82	2.8707483191133902	19.7728	3.65159	0.11482993276453561	1008.6336030449428	nan	nan
123.04	2.8778483191133906	19.744	3.6576	0.11511393276453562	1007.16448143507	nan	nan
123.25	2.8847683191133906	19.7064	3.66409	0.11539073276453563	1005.2464615555136	nan	nan
123.45	2.8915783191133904	19.6886	3.67088	0.11566313276453562	1004.3384627827452	nan	nan
123.66	2.8978283191133904	19.6484	3.67657	0.11591313276453562	1002.2878138689641	nan	nan
123.86	2.90402831911339	19.6325	3.68262	0.1161611327645356	1001.4767363135136	nan	nan
124.06	2.9104783191133903	19.6228	3.68922	0.11641913276453561	1000.9819279935218	nan	nan
124.26	2.9171183191133903	19.594	3.69507	0.11668473276453561	999.5128063836488	nan	nan
124.46	2.9239683191133903	19.5831	3.70129	0.11695873276453561	998.9567846632456	nan	nan
124.68	2.9311383191133906	19.537	3.70775	0.11724553276453563	996.6051698641087	nan	nan
124.89	2.9379383191133903	19.5128	3.714	0.11751753276453561	995.3706996224794	nan	nan
125.09	2.9444383191133903	19.4887	3.7201	0.1177775327645356	994.141330497551	nan	nan
125.3	2.9509183191133905	19.4745	3.7264	0.11803673276453562	993.4169719260166	nan	nan
125.5	2.9572483191133903	19.4373	3.732	0.11828993276453562	991.519356513264	nan	nan
125.7	2.96367831911339	19.4244	3.73801	0.1185471327645356	990.8613124588417	nan	nan
125.9	2.9709183191133905	19.3879	3.74458	0.11883673276453562	988.9994048629959	nan	nan
126.1	2.9769483191133905	19.3718	3.75012	0.11907793276453563	988.1781250741434	nan	nan
126.31	2.9844783191133906	19.3402	3.75717	0.11937913276453563	986.5661721966441	nan	nan
126.51	2.9904783191133903	19.3011	3.76271	0.11961913276453562	984.5716355665737	nan	nan
126.71	2.9971083191133903	19.2888	3.7693	0.11988433276453561	983.944198212357	nan	nan
126.92	3.0040983191133903	19.2659	3.77571	0.12016393276453562	982.77604248784	nan	nan
127.12	3.0098983191133906	19.2419	3.78148	0.12039593276453563	981.5517744796127	nan	nan
127.32	3.0166283191133902	19.1942	3.78738	0.12066513276453561	979.1185418132605	nan	nan
127.52	3.0227183191133906	19.1845	3.79315	0.12090873276453562	978.6237334932688	nan	nan
127.72	3.02868831911339	19.1758	3.79893	0.1211475327645356	978.1799363402864	nan	nan
127.93	3.0360583191133905	19.1451	3.80535	0.12144233276453562	976.6138935130955	nan	nan
128.13	3.04251831911339	19.1111	3.81114	0.12170073276453561	974.8795138347735	nan	nan
128.34	3.0500783191133904	19.0932	3.8187	0.12200313276453562	973.9664139453038	nan	nan
128.54	3.05620831911339	19.0514	3.82425	0.1222483327645356	971.8341471643079	nan	nan
128.74	3.0625983191133903	19.0279	3.8299	0.12250393276453561	970.635384739585	nan	nan
128.95	3.0695083191133903	18.9852	3.83625	0.12278033276453561	968.4572079082806	nan	nan
129.15	3.0754483191133906	18.9698	3.84147	0.12301793276453563	967.6716359363346	nan	nan
129.35	3.0818583191133904	18.9541	3.84814	0.12327433276453562	966.8707606142859	nan	nan
129.55	3.0885083191133904	18.9264	3.85361	0.12354033276453562	965.4577512881235	nan	nan
129.76	3.0957583191133904	18.8914	3.86028	0.12383033276453562	963.6723604427918	nan	nan
129.96	3.1023883191133903	18.875	3.86707	0.12409553276453561	962.8357773038364	nan	nan
130.16	3.1094383191133903	18.8562	3.87321	0.12437753276453561	961.8767673640583	nan	nan
130.36	3.1151483191133904	18.8129	3.87797	0.12460593276453562	959.6679838325479	nan	nan
130.56	3.1224983191133906	18.7736	3.88468	0.12489993276453562	957.6632449690755	nan	nan
130.78	3.1297783191133903	18.7508	3.89157	0.1251911327645356	956.5001903612598	nan	nan
130.98	3.1356483191133906	18.7252	3.89652	0.12542593276453562	955.1943044858172	nan	nan
131.2	3.1428983191133906	18.6855	3.90339	0.12571593276453563	953.1691611555409	nan	nan
131.41	3.1492783191133906	18.671	3.9098	0.12597113276453561	952.4294992339036	nan	nan
131.61	3.1558283191133905	18.6419	3.91637	0.12623313276453563	950.9450742739278	nan	nan
131.81	3.1623983191133904	18.619	3.92238	0.1264959327645356	949.7769185494109	nan	nan
132.02	3.1695483191133906	18.5831	3.92859	0.12678193276453562	947.9456176537708	nan	nan
132.22	3.17612831911339	18.5574	3.93477	0.1270451327645356	946.6346306616273	nan	nan
132.42	3.1825183191133903	18.5354	3.94059	0.1273007327645356	945.5123849874186	nan	nan
132.62	3.1891283191133906	18.512	3.94684	0.12756513276453563	944.3187236793971	nan	nan
132.83	3.1958083191133904	18.4817	3.95306	0.12783233276453562	942.77308531901	nan	nan
133.03	3.20215831911339	18.436	3.95831	0.1280863327645356	940.441874986677	nan	nan
133.23	3.2090483191133905	18.4332	3.96513	0.1283619327645356	940.2990437190505	nan	nan
133.44	3.2166183191133904	18.3844	3.9717	0.1286647327645356	937.8096987689879	nan	nan
133.65	3.2233383191133904	18.3508	3.97799	0.12893353276453562	936.0957235574697	nan	nan
133.85	3.2295083191133904	18.3059	3.98348	0.1291803327645356	933.8053221587444	nan	nan
134.06	3.2365883191133906	18.298	3.98958	0.12946353276453562	933.4023339393694	nan	nan
134.26	3.2428483191133903	18.2723	3.99542	0.1297139327645356	932.091346947226	nan	nan
134.46	3.2496683191133906	18.2476	4.00206	0.12998673276453562	930.8313711220918	nan	nan
134.68	3.2571483191133903	18.2145	4.00876	0.13028593276453562	929.1429014940783	nan	nan
134.88	3.2635683191133906	18.1811	4.01438	0.13054273276453562	927.439128515962	nan	nan
135.09	3.2698183191133903	18.1404	4.02023	0.13079273276453562	925.3629740186763	nan	nan
135.29	3.2766783191133904	18.1278	4.02703	0.1310671327645356	924.7202333143568	nan	nan
135.5	3.2833783191133903	18.0847	4.03305	0.13133513276453562	922.5216520162485	nan	nan
135.7	3.2897683191133904	18.0703	4.03881	0.13159073276453562	921.787091211312	nan	nan
135.9	3.2967083191133906	18.0418	4.04475	0.13186833276453563	920.333272951542	nan	nan
136.1	3.3035383191133905	17.9993	4.05104	0.1321415327645356	918.1652983536395	nan	nan
136.3	3.3100283191133903	17.9803	4.05695	0.1324011327645356	917.1960861804592	nan	nan
136.51	3.31630831911339	17.9479	4.06331	0.1326523327645356	915.5433243693524	nan	nan
136.71	3.3225983191133905	17.9111	4.06886	0.13290393276453563	913.6661134234038	nan	nan
136.91	3.3299283191133906	17.9083	4.07572	0.13319713276453563	913.5232821557771	nan	nan
137.12	3.3374083191133903	17.8499	4.08209	0.13349633276453562	910.5442300024239	nan	nan
137.32	3.3441183191133903	17.8135	4.08813	0.1337647327645356	908.6874235232789	nan	nan
137.52	3.3505683191133904	17.7853	4.09399	0.1340227327645356	907.2489086136117	nan	nan
137.72	3.35718831911339	17.7646	4.09969	0.13428753276453562	906.1929774565157	nan	nan
137.93	3.3639283191133904	17.7347	4.10662	0.13455713276453563	904.6677435629323	nan	nan
138.13	3.3704083191133902	17.6923	4.11185	0.1348163327645356	902.5048700817306	nan	nan
138.33	3.3765683191133906	17.6493	4.11695	0.13506273276453562	900.3113899003231	nan	nan
138.54	3.3835183191133904	17.6325	4.12363	0.13534073276453562	899.454402294564	nan	nan
138.74	3.3903583191133904	17.6118	4.13	0.1356143327645356	898.3984711374678	nan	nan
138.94	3.3971983191133903	17.582	4.13651	0.13588793276453562	896.8783383605855	nan	nan
139.15	3.4037383191133905	17.528	4.14246	0.13614953276453562	894.1237353420738	nan	nan
139.35	3.4103183191133906	17.5075	4.14832	0.1364127327645356	893.0780064183797	nan	nan
139.55	3.4172883191133905	17.4826	4.15411	0.1366915327645356	891.8078283598438	nan	nan
139.75	3.4238383191133903	17.4608	4.16071	0.13695353276453562	890.6957849190371	nan	nan
139.95	3.4304183191133903	17.4118	4.16651	0.1372167327645356	888.1962377355728	nan	nan
140.16	3.4379683191133905	17.3729	4.17312	0.13751873276453563	886.2119033389044	nan	nan
140.36	3.4444183191133906	17.3437	4.17922	0.13777673276453561	884.7223772622275	nan	nan
140.57	3.4513683191133904	17.3252	4.1855	0.13805473276453561	883.7786706725523	nan	nan
140.77	3.4583083191133905	17.2852	4.19196	0.13833233276453563	881.7382239921734	nan	nan
140.97	3.4647583191133906	17.2402	4.19771	0.1385903327645356	879.442721476747	nan	nan
141.17	3.4711883191133905	17.2079	4.20376	0.13884753276453562	877.7950607823409	nan	nan
141.37	3.4780883191133904	17.1799	4.20999	0.13912353276453562	876.3667481060758	nan	nan
141.58	3.4857683191133906	17.1434	4.21654	0.13943073276453563	874.50484051023	nan	nan
141.78	3.49194831911339	17.0951	4.22241	0.1396779327645356	872.0410011436721	nan	nan
141.98	3.4982683191133903	17.0797	4.22842	0.1399307327645356	871.2554291717264	nan	nan
142.19	3.5050183191133906	17.0507	4.23499	0.14020073276453562	869.7761053284516	nan	nan
142.39	3.5113583191133904	16.9952	4.24064	0.14045433276453562	866.9449855594257	nan	nan
142.59	3.5177683191133906	16.9852	4.24595	0.14071073276453563	866.434873889331	nan	nan
142.79	3.5247783191133903	16.9586	4.25244	0.14099113276453562	865.0779768468791	nan	nan
143.01	3.53268831911339	16.9181	4.25945	0.14130753276453561	863.0120245829951	nan	nan
143.21	3.5395283191133906	16.8662	4.26516	0.14158113276453563	860.3645450152035	nan	nan
143.43	3.5462183191133905	16.8291	4.27147	0.1418487327645356	858.472030719152	nan	nan
143.65	3.5537183191133903	16.8003	4.27838	0.1421487327645356	857.002909109279	nan	nan
143.85	3.5601883191133905	16.7619	4.28439	0.14240753276453563	855.0440802961153	nan	nan
144.06	3.5680083191133902	16.7329	4.29189	0.1427203327645356	853.5647564528406	nan	nan
144.26	3.5751583191133904	16.6872	4.29745	0.14300633276453562	851.2335461205075	nan	nan
144.46	3.5818983191133906	16.6341	4.30325	0.14327593276453562	848.5248531523043	nan	nan
