Specimen name:	AWA_2_13_Rz
Specimen ID:	46NT9X
Material:	42CrMoS4
Specimen type:	Round Tensile Specimen
Gauge diameter:	4.999	mm
Gauge length:	25	mm
Parallel length:	30	mm
Original cross-section:	19.627100888700394	mm²
Cross-section after fracture:	9.119302253854462	mm²
Yield stress at 0.2% plastic strain:	1100.9558023634127	MPa
Yield stress at 1% plastic strain:	1133.4248897242016	MPa
Ultimate tensile strength:	1187.9135962164924	MPa
Uniform elongation:	5.08922890015456	%
Elongation after fracture:	14.307246429304483	%
Reduction of area:	53.53719173520641	%
Slope of linear-elastic region:	212193.1095109207	MPa
Crosshead seperation speed:	0.029944175703831302	mm/s
Strain rate:	0.0009981391901277101	s-1
Test temperature:	RT	Cel
Machine type:	INSTRON 8852TT
Standard:	DIN EN ISO 6892-1
Date:	2022-08-23 00:00:00
Heat treatment batch:	Batch 2
Time	Displacement	Force	Machine Displacement	Engineering Strain	Engineering Stress	True Strain	True Stress
s	mm	kN	mm		MPa		MPa
0	0.0011807531859228354	0.194668	0	4.723012743691342e-05	9.918326761751818	4.722901212966301e-05	9.918795205588737
0.24	0.0011756723559228355	0.195693	0.000129699	4.702689423691342e-05	9.970550470480504	4.702578850724292e-05	9.971019354502964
0.430001	0.0012815871859228353	0.196711	0.000259399	5.126348743691341e-05	10.02241752949104	5.1262173509335316e-05	10.022931313566152
0.630001	0.0013153931859228355	0.197972	0.000221252	5.261572743691342e-05	10.086665428717257	5.26143432781429e-05	10.087196145956202
0.840001	0.0012053749859228353	0.194708	0.000160217	4.821499943691341e-05	9.92036476014123	4.8213837131243375e-05	9.920843070522555
1.05	0.0013033431859228355	0.240592	0.00400543	5.213372743691342e-05	12.25815271263584	5.213236852130453e-05	12.25879177582824
1.27	0.0016046721859228354	0.311524	0.0103226	6.418688743691342e-05	15.872135256580297	6.418482754680876e-05	15.873154039539395
1.46	0.0018464651859228355	0.383237	0.0162659	7.385860743691343e-05	19.525909719078026	7.385588002426448e-05	19.527351875578816
1.67	0.0018668531859228354	0.461764	0.022644	7.467412743691342e-05	23.526857207212107	7.467133946302909e-05	23.528614054745386
1.87	0.0016829031859228354	0.52883	0.0286636	6.731612743691342e-05	26.94386720681989	6.731386180810227e-05	26.945680963618425
2.07	0.0015835671859228354	0.595756	0.034523	6.334268743691341e-05	30.353744212064722	6.334068137370462e-05	30.35566689979689
2.28	0.0011517666859228355	0.659208	0.0406494	4.607066743691342e-05	33.58662105718912	4.606960621639864e-05	33.58816841523818
2.49	0.0009959561859228354	0.72632	0.0468674	3.9838247436913414e-05	37.005974754944724	3.9837453915014074e-05	37.00744900812366
2.68	0.0008865891859228354	0.802673	0.0531693	3.546356743691342e-05	40.89615703061426	3.546293861944763e-05	40.897607354237024
2.89	0.0009872271859228353	0.884712	0.0590363	3.948908743691341e-05	45.076040777338726	3.9488307763407084e-05	45.07782078905429
3.08	0.0011901981959228354	0.985465	0.0645981	4.760792783691341e-05	50.20940207054963	4.760679461543824e-05	50.211792436140136
3.29	0.0014635171859228354	1.08737	0.0715713	5.8540687436913416e-05	55.4014577173756	5.853897399776401e-05	55.40470095679538
3.49	0.0017878401859228355	1.19045	0.0780563	7.151360743691342e-05	60.653379566890564	7.151105046083779e-05	60.657717108866635
3.70001	0.0020836331859228354	1.30472	0.084343	8.334532743691342e-05	66.47543146584354	8.334185440809305e-05	66.48097188244557
3.90001	0.0026436231859228356	1.42294	0.0904541	0.00010574492743691342	72.49873570575099	0.00010573933683614391	72.50640207929746
4.10001	0.0029643631859228355	1.54194	0.0961304	0.00011857452743691342	78.56178091425195	0.0001185674980334091	78.57109634029847
4.31001	0.0036494231859228355	1.68403	0.102402	0.00014597692743691343	85.80126069304104	0.00014596627384210964	85.81378569744723
4.52001	0.004031203185922835	1.81155	0.108444	0.0001612481274369134	92.29839955848678	0.00016123512835496245	92.313282502581
4.73001	0.004849203185922836	1.97255	0.114815	0.00019396812743691344	100.50134307587044	0.000193949318052005	100.52083713319176
4.92001	0.005523053185922836	2.09881	0.120903	0.00022092212743691345	106.93428499204971	0.00022089772773732272	106.9579091417861
5.14001	0.006234953185922836	2.25503	0.127197	0.0002493981274369134	114.89368770189864	0.0002493670328938169	114.92234197246582
5.35001	0.007250323185922836	2.42863	0.133461	0.00029001292743691343	123.7386007119471	0.0002899708818169677	123.77448650577654
5.55001	0.008042603185922835	2.5762	0.139725	0.0003217041274369134	131.25728627008564	0.00032165239175943535	131.29951228083488
5.77001	0.009114123185922836	2.75897	0.146423	0.00036456492743691346	140.56941041090684	0.00036449848979043607	140.62065708781313
5.96001	0.009961633185922835	2.90774	0.151405	0.00039846532743691344	148.14923592072773	0.000398385961210767	148.2082682545284
6.17001	0.011097193185922836	3.10306	0.158493	0.00044388772743691345	158.100782056227	0.0004437892384238784	158.1709610530799
6.38001	0.011988853185922835	3.24916	0.164139	0.0004795541274369134	165.54457117355463	0.00047943917810452176	165.6239587559357
6.59001	0.013013653185922836	3.43422	0.170097	0.0005205461274369134	174.97337072216968	0.0005204106903003232	175.0644524327037
6.80001	0.014091653185922835	3.63241	0.177139	0.0005636661274369134	185.07114324210926	0.0005635073273559296	185.17546157672086
7.00001	0.015198853185922836	3.82402	0.18338	0.0006079541274369134	194.8336650269905	0.0006077693981938053	194.9521149578073
7.21001	0.016225453185922833	4.00102	0.189827	0.0006490181274369134	203.85180790013897	0.000648807606255253	203.98411141877696
7.40001	0.017241853185922834	4.15532	0.194725	0.0006896741274369134	211.71338668729612	0.0006894364115272911	211.8593999325264
7.61001	0.018559353185922837	4.37153	0.201523	0.0007423741274369135	222.7292774816658	0.0007420987040673114	222.89462593469088
7.81001	0.019593653185922835	4.55317	0.207306	0.0007837461274369134	231.98382816798613	0.0007834391588206262	232.16564459494077
8.02001	0.020723853185922837	4.74457	0.213844	0.0008289541274369135	241.73565046132302	0.0008286107347222918	241.93603822652156
8.21001	0.021917053185922835	4.9498	0.220009	0.0008766821274369134	252.19211069779908	0.0008762980661106486	252.4132030139284
8.42001	0.023158653185922837	5.16734	0.226723	0.0009263461274369135	263.2757649386167	0.0009259173336502186	263.5196494239156
8.62001	0.024349553185922836	5.36239	0.232147	0.0009739821274369134	273.21355458498743	0.0009735081146062549	273.4796597041267
8.82001	0.025417053185922835	5.55865	0.238228	0.0010166821274369133	283.21299368263783	0.001016165656191175	283.5009312715729
9.03001	0.026574653185922836	5.75013	0.244675	0.0010629861274369134	292.9688919727535	0.0010624215577344635	293.2803138406911
9.23001	0.027691953185922834	5.95402	0.249908	0.0011076781274369134	303.35707926318423	0.0011070651046660206	303.6931012646872
9.43001	0.029074753185922834	6.15566	0.256737	0.0011629901274369135	313.6306291442106	0.0011623143782941983	313.99537846956713
9.63001	0.030135553185922835	6.34591	0.262184	0.0012054221274369135	323.3238589838519	0.0012046961895001201	323.7136007177993
9.85001	0.031299553185922833	6.5422	0.268158	0.0012519821274369132	333.32482658029437	0.00125119905134315	333.7421433058039
10.06	0.032720153185922835	6.76539	0.275085	0.0013088061274369135	344.6963480936165	0.0013079503872812082	345.1474887861066
10.27	0.03394855318592283	6.96805	0.281105	0.0013579421274369132	355.0218669335728	0.0013570209578619532	355.50396608284325
10.48	0.03541595318592283	7.21511	0.288269	0.0014166381274369132	367.6095639857766	0.0014156356423056758	368.1303337101294
10.69	0.03650005318592283	7.39702	0.293732	0.0014600021274369132	376.87787116122547	0.0014589373605794404	377.42811365490473
10.91	0.037761753185922835	7.61561	0.30043	0.0015104701274369133	388.01502285976517	0.0015093305148567826	388.6011079607916
11.12	0.03892815318592283	7.80759	0.305603	0.0015571261274369133	397.7963961297485	0.001555915063571723	398.41581529156235
11.31	0.040318353185922834	8.0385	0.312195	0.0016127341274369135	409.56125133222713	0.0016114350682579447	410.2217647395264
11.52	0.04172995318592283	8.26416	0.318634	0.0016691981274369132	421.0586192460954	0.0016678065645567295	421.76144950488214
11.73	0.04277735318592283	8.46619	0.324615	0.0017110941274369133	431.35203961141843	0.001709631873678748	432.09012355325547
11.94	0.044199553185922835	8.68704	0.331085	0.0017679821274369134	442.60433821896	0.0017664210866928042	443.3868547784572
12.15	0.04535775318592283	8.88555	0.337021	0.0018143101274369134	452.71841472601494	0.0018126662548470264	453.5397863307295
12.35	0.04647175318592283	9.07715	0.342949	0.0018588701274369131	462.4804270112988	0.0018571445664265231	463.34011806159435
12.56	0.047789953185922836	9.30259	0.35025	0.0019115981274369135	473.9665859340253	0.0019097733488619626	474.87261957216447
12.75	0.04901655318592283	9.48672	0.355545	0.001960662127436913	483.3480020200865	0.0019587425381490044	484.2956841420195
12.96	0.05035435318592283	9.71363	0.362236	0.002014174127436913	494.90905738362403	0.0020121483983870083	495.9058904024403
13.16	0.05135825318592283	9.90453	0.367989	0.0020543301274369135	504.6354046970931	0.002052222876799485	505.6720924123337
13.37	0.05270925318592283	10.1024	0.374023	0.002108370127436913	514.7168732299174	0.00210615063426768	515.802086909523
13.58	0.05398185318592283	10.3231	0.380341	0.002159274127436913	525.9615293434987	0.0021569462454795185	527.0972244658373
13.79	0.05523315318592283	10.526	0.386566	0.002209326127436913	536.2992761737914	0.002206889155185853	537.4841361767677
14	0.05645655318592283	10.7416	0.393311	0.0022582621274369135	547.2840874927226	0.002255716085884519	548.5199984204563
14.2	0.057675453185922834	10.9508	0.399368	0.0023070181274369135	557.9428190693478	0.002304361046953982	559.2300032670141
14.41	0.05886495318592283	11.1331	0.404587	0.0023545981274369133	567.2309967290935	0.002351830404997321	568.566597771816
14.62	0.06032605318592283	11.3889	0.411819	0.0024130421274369132	580.2639964293837	0.002410135416354265	581.6641978978028
14.83	0.06151445318592283	11.5791	0.417343	0.002460578127436913	589.9546787710383	0.0024575558617416756	591.4063083498014
15.03	0.06271685318592284	11.7712	0.423332	0.0025086741274369133	599.7421660361898	0.002505532657351017	601.2467236912578
15.22	0.06386075318592284	11.9757	0.429184	0.0025544301274369133	610.161432802059	0.0025511731161583766	611.7200475486087
15.42	0.06519725318592284	12.1737	0.435219	0.0026078901274369137	620.249524829649	0.0026044954826048208	621.8670674419997
15.63	0.06636165318592284	12.3799	0.441612	0.0026544661274369137	630.7554065270683	0.0026509492544646513	632.4297253883921
15.83	0.06760135318592284	12.5805	0.447578	0.0027040541274369135	640.97596844997	0.002700404750336797	642.709202163045
16.04	0.06875805318592285	12.7881	0.453735	0.002750322127436914	651.5531800910187	0.002746546911989533	653.345161219425
16.24	0.07014865318592284	13.0013	0.460106	0.0028059461274369136	662.4157115065851	0.002802016809189371	664.2744143070405
16.45	0.07138005318592285	13.198	0.465813	0.0028552021274369137	672.4375685865191	0.002851133779972388	674.3575137629158
16.65	0.07263695318592284	13.4045	0.472595	0.0029054781274369134	682.9587352718589	0.002901265383912507	684.9430569391333
16.86	0.07410595318592283	13.6399	0.479057	0.0029642381274369136	694.9523557935491	0.0029598534363075085	697.0123600633444
17.06	0.07519635318592284	13.8156	0.485046	0.003007854127436914	703.9042637190418	0.0030033395846696034	706.0215050639896
17.26	0.07635535318592283	14.0212	0.490578	0.0030542141274369134	714.3795754406199	0.003049559490565741	716.561443632283
17.47	0.07773435318592284	14.2184	0.496841	0.0031093741274369137	724.4269075004215	0.003104550021085453	726.6794217838224
17.67	0.07873845318592283	14.4158	0.50248	0.0031495381274369134	734.4844295521701	0.003144588721733805	736.7977162670534
17.88	0.08011115318592284	14.6311	0.509369	0.0032044461274369136	745.4539558831807	0.0031993228319104547	747.8427229252932
18.07	0.08125535318592284	14.8155	0.515114	0.0032502141274369134	754.8491284583704	0.0032449435986433694	757.3025497597691
18.29	0.08261025318592284	15.0315	0.5214	0.0033044101274369137	765.8543197611957	0.0032989625616539685	768.3850165315558
18.5	0.08394105318592283	15.2427	0.527618	0.0033576421274369135	776.6149512572915	0.003352017833170793	779.2225463344303
18.7	0.08498485318592285	15.4227	0.533401	0.003399394127436914	785.785944009646	0.003393629248256648	788.4571401331348
18.91	0.08617415318592284	15.6346	0.539124	0.0034469661274369135	796.5822404775565	0.003441038956295315	799.3280324782005
19.11	0.08742795318592284	15.8344	0.545647	0.0034971181274369135	806.7620424326699	0.00349101742894306	809.5833845957891
19.32	0.08883055318592284	16.0576	0.552299	0.0035532221274369134	818.1340734455894	0.003546924347558255	821.0410855385662
19.53	0.08997975318592284	16.247	0.558029	0.003599190127436914	827.7839958194556	0.0035927285423243143	830.7633478048592
19.73	0.09114855318592284	16.4433	0.563736	0.0036459421274369136	837.7854729154953	0.003639311791432482	840.8399902649526
19.94	0.09268705318592284	16.6832	0.570679	0.0037074821274369137	850.0083682559945	0.003700626355450785	853.1597590894754
20.13	0.09374185318592283	16.8618	0.576538	0.003749674127436913	859.1080310647194	0.0037426616236753115	862.3294062214761
20.35	0.09503225318592284	17.0696	0.583008	0.0038012901274369136	869.6954326977153	0.003794083481381875	873.0013973599062
20.56	0.09651485318592284	17.2926	0.589607	0.0038605941274369136	881.0572737186876	0.0038531611582381573	884.4586782555416
20.76	0.09757995318592284	17.4758	0.595284	0.0039031981274369135	890.391306342195	0.00389560041346393	893.8666800217959
20.96	0.09884905318592284	17.6898	0.601311	0.0039539621274369136	901.2945977255498	0.0039461657634457074	904.8582824306201
21.17	0.10009665318592284	17.8886	0.607704	0.0040038661274369135	911.4234497209277	0.003995871986662139	915.072667199017
21.37	0.10126075318592284	18.0817	0.613411	0.004050430127436913	921.2618869458147	0.004042249218687405	924.9933938479594
21.57	0.10247075318592284	18.2782	0.619377	0.004098830127436914	931.2735540338014	0.004090452806904039	935.0906861339604
21.78	0.10376975318592284	18.4781	0.625542	0.004150790127436913	941.4584509848886	0.004142199362200249	945.3662474286288
21.98	0.10489075318592284	18.6736	0.631958	0.004195630127436913	951.4191681131401	0.004186853013139309	955.4109710386965
22.18	0.10615775318592284	18.8597	0.637367	0.004246310127436914	960.9009556198798	0.00423731999353337	964.9812390791923
22.38	0.10734275318592285	19.0565	0.643379	0.0042937101274369135	970.9279076957872	0.004284518455631154	975.0967906860718
22.58	0.10845775318592284	19.2385	0.649002	0.004338310127436913	980.2008003676123	0.004328926788822748	984.4532154267689
22.79	0.10986475318592284	19.4423	0.655472	0.004394590127436914	990.5844021616668	0.004384962113387297	994.9376145957995
22.99	0.11100875318592283	19.6389	0.660995	0.0044403501274369135	1000.6011642456272	0.00443052085899733	1005.0441837527986
23.19	0.11230375318592284	19.833	0.667534	0.004492150127436914	1010.4905514302494	0.004482090535932673	1015.0298266896306
23.39	0.11348975318592285	20.0184	0.673729	0.004539590127436914	1019.9366739651746	0.004529317266161354	1024.5667684209177
23.61	0.11507575318592284	20.2449	0.680893	0.004603030127436914	1031.4768398452206	0.004592468581933005	1036.2247588147816
23.81	0.11620375318592284	20.4138	0.686134	0.004648150127436914	1040.082288044513	0.004637380836260381	1044.916746664232
24.02	0.11768075318592285	20.6157	0.692474	0.004707230127436914	1050.3690849150705	0.004696185765042586	1055.313413916511
24.23	0.11903875318592284	20.792	0.698349	0.004761550127436914	1059.3515628164043	0.0047502498047997934	1064.3957183853333
24.43	0.12062575318592283	20.969	0.704475	0.004825030127436914	1068.3697056895528	0.004813426978298789	1073.5246217067456
24.64	0.12215775318592284	21.129	0.710754	0.004886310127436914	1076.5216992472012	0.004874410860701905	1081.7819181286386
24.85	0.12394575318592284	21.2983	0.717613	0.004957830127436913	1085.147527430388	0.004945580558488519	1090.5275045345961
25.06	0.12656975318592284	21.433	0.724152	0.005062790127436914	1092.010487006733	0.005050017298129661	1097.5391069194084
25.27	0.12869475318592283	21.518	0.729752	0.005147790127436913	1096.3412335842338	0.0051345855527050325	1101.9849681627807
25.47	0.13156075318592284	21.5954	0.735878	0.005262430127436914	1100.2847604677463	0.005248631928881709	1106.0749321399915
25.68	0.13545775318592285	21.6212	0.742584	0.005418310127436914	1101.599269428917	0.0054036838943097385	1107.568075906841
25.88	0.13933575318592284	21.6417	0.748108	0.005573430127436913	1102.6437436034907	0.005557956034967895	1108.7892514639202
26.09	0.14465075318592283	21.6518	0.754242	0.005786030127436913	1103.1583381968173	0.005769355344731073	1109.5412455769572
26.3	0.15073775318592283	21.6243	0.760971	0.0060295101274369135	1101.7572143040966	0.006011405370011317	1108.40027058572
26.51	0.15651975318592284	21.6166	0.767372	0.006260790127436914	1101.3648996141344	0.006241272801155854	1108.2603141043442
26.72	0.16248375318592284	21.6048	0.773476	0.0064993501274369135	1100.763690089258	0.006478320421829391	1107.9179387187176
26.92	0.16793675318592283	21.6096	0.779701	0.006717470127436913	1101.0082498959873	0.0066950084592617785	1108.404239924725
27.13	0.17368575318592283	21.6084	0.785759	0.0069474301274369136	1100.9471099443049	0.006923407932253087	1108.5958630646464
27.33	0.17923275318592283	21.6251	0.79187	0.007169310127436913	1101.7979742718846	0.00714373279869503	1109.6971056472214
27.54	0.18505975318592283	21.642	0.797768	0.0074023901274369135	1102.6590285914112	0.007375126897014398	1110.8213408985855
27.75	0.19022575318592283	21.6689	0.80426	0.007609030127436914	1104.029582508291	0.007580227472273945	1112.4301768631783
27.95	0.19548375318592284	21.6926	0.810493	0.007819350127436914	1105.2370965540174	0.00778893744462904	1113.879332385805
28.15	0.20010075318592285	21.7215	0.816315	0.008004030127436914	1106.7095503903677	0.007972167783482826	1115.5676869740144
28.35	0.20496775318592284	21.7406	0.822182	0.008198710127436913	1107.682694621312	0.008165283283941406	1116.7642639476906
28.56	0.21034075318592285	21.7617	0.828949	0.008413630127436914	1108.757738771727	0.00837843282837634	1118.0864162866856
28.76	0.21522475318592285	21.7939	0.834236	0.008608990127436914	1110.3983274752038	0.0085721440923444	1119.9577357139603
28.96	0.21993875318592285	21.8086	0.840309	0.008797550127436915	1111.1472918833124	0.008759077163876198	1120.9226658826215
29.18	0.22519875318592283	21.8338	0.846733	0.009007950127436914	1112.4312308686422	0.008967620554937435	1122.45195591651
29.39	0.23020375318592284	21.8548	0.853706	0.009208150127436913	1113.5011800230834	0.009166013581958916	1123.754466055814
29.6	0.23530275318592284	21.8634	0.85955	0.009412110127436913	1113.939349676807	0.009368092204382367	1124.4238695112506
29.81	0.24004875318592284	21.884	0.865761	0.009601950127436913	1114.9889188473544	0.00955614438717448	1125.6949868387715
30.03	0.24543975318592284	21.9107	0.872414	0.009817590127436914	1116.3492827722869	0.00976971070811081	1127.3091424696033
30.23	0.24995175318592283	21.9209	0.877846	0.009998070127436913	1116.8689723615869	0.00994842008642863	1128.0355066704165
30.43	0.25459275318592284	21.9443	0.883888	0.010183710127436914	1118.061201419393	0.010132205528250698	1129.447212599382
30.64	0.2598987531859228	21.9613	0.891006	0.010395950127436913	1118.9273507348935	0.010342283858697484	1130.5596636693585
30.84	0.2647397531859228	21.9725	0.896767	0.010589590127436911	1119.4979902839286	0.010533913137319776	1131.3530151495247
31.06	0.26935075318592283	21.9859	0.902519	0.010774030127436914	1120.1807197443818	0.010716403807146476	1132.2495805670817
31.26	0.2745947531859228	22.0052	0.909187	0.010983790127436912	1121.1640539672728	0.01092390640577757	1133.4786846344757
31.46	0.2796397531859228	22.0307	0.914955	0.011185590127436912	1122.4632779405233	0.011123494039375681	1135.0186921006652
31.67	0.2843897531859228	22.0238	0.920815	0.011375590127436911	1122.1117232183499	0.011311374635931848	1134.8764062588737
31.86	0.28928475318592284	22.0423	0.927132	0.011571390127436914	1123.0542974734526	0.011504953610094534	1136.0495968838127
32.08	0.29452575318592283	22.0587	0.934074	0.011781030127436913	1123.8898768131116	0.011712174061313358	1137.1304573117682
32.29	0.2995107531859228	22.0747	0.940025	0.011980430127436912	1124.7050761688765	0.011909232859557514	1138.1795267478913
32.49	0.3042237531859228	22.0821	0.945885	0.012168950127436913	1125.0821058709178	0.012095503697455233	1138.7731739065327
32.7	0.30984775318592284	22.1043	0.952888	0.012393910127436913	1126.2131949770414	0.012317734387686756	1140.1713800999205
32.9	0.3147457531859228	22.1032	0.958344	0.012589830127436911	1126.1571500213327	0.012511237176589932	1140.3352772368999
33.11	0.3195607531859228	22.1304	0.964523	0.012782430127436913	1127.542988926133	0.012701424436838265	1141.9557283977624
33.31	0.32482775318592283	22.1429	0.970413	0.012993110127436914	1128.1798634228242	0.012909423789750967	1142.8384286318337
33.52	0.3300217531859228	22.1439	0.976852	0.013200870127436912	1128.2308133825593	0.013114497936404857	1143.124441823795
33.73	0.3349287531859228	22.1544	0.982346	0.013397150127436912	1128.76578795978	0.013308201866490583	1143.8880326797916
33.92	0.33976575318592284	22.1724	0.9888	0.013590630127436913	1129.6828872350156	0.01349910582997018	1145.0359895167217
34.13	0.34445475318592284	22.1709	0.994431	0.013778190127436913	1129.6064622954125	0.013684133831448082	1145.1703949021
34.33	0.3495997531859228	22.1927	1.00038	0.013983990127436912	1130.717171417642	0.013887116215388962	1146.5291091796698
34.54	0.3548797531859228	22.2016	1.00687	0.014195190127436912	1131.1706260592862	0.014095381838879593	1147.2278081627696
34.75	0.3598727531859228	22.2127	1.01355	0.014394910127436912	1131.7361706123484	0.014292287069384584	1148.0274110762828
34.97	0.3655057531859228	22.2276	1.0202	0.014620230127436913	1132.4953250124042	0.014514384969450402	1149.052667282332
35.16	0.3705787531859228	22.2435	1.02625	0.014823150127436912	1133.3054293721955	0.014714360985189997	1150.104585892019
35.36	0.3755277531859228	22.243	1.03183	0.015021110127436912	1133.279954392328	0.01490941043258227	1150.3030773924718
35.57	0.3803237531859228	22.2547	1.03786	0.015212950127436913	1133.8760689212309	0.015098393569380723	1151.1256690084238
35.7801	0.3861627531859228	22.2741	1.04474	0.015446510127436912	1134.864498140096	0.015328427216677204	1152.3941941038854
35.9801	0.3909547531859228	22.2805	1.05003	0.01563819012743691	1135.1905778824016	0.015517173654031725	1152.9429039702015
36.1901	0.3959547531859228	22.2911	1.05628	0.015838190127436914	1135.7306474555958	0.01571407478720764	1153.7185653835545
36.3901	0.4009977531859228	22.3006	1.06211	0.016039910127436913	1136.2146720730811	0.015912630006280456	1154.4394532986084
36.6001	0.4064657531859228	22.3056	1.06891	0.01625863012743691	1136.4694218717577	0.016127873974144672	1154.9468578531128
36.8101	0.4112687531859228	22.315	1.07478	0.016450750127436912	1136.9483514932697	0.016316902472205606	1155.6520047314868
37.0101	0.4166577531859228	22.3346	1.08102	0.016666310127436912	1137.9469707040814	0.01652895125682472	1156.912347826413
37.2301	0.4215887531859228	22.3295	1.08748	0.016863550127436913	1137.6871259094314	0.016722939065387226	1156.8725697865448
37.4201	0.4266537531859228	22.354	1.09341	0.01706615012743691	1138.9353999229463	0.016922159324223737	1158.3726424434838
37.6301	0.4316577531859228	22.3571	1.09966	0.01726631012743691	1139.0933447981258	0.017118941319847716	1158.7612837535096
37.8401	0.4372147531859228	22.371	1.10638	0.01748859012743691	1139.8015492384466	0.017337424637771055	1159.7350713596952
38.0501	0.4420487531859228	22.376	1.11197	0.01768195012743691	1140.0562990371232	0.017527443112151812	1160.214717659168
38.2501	0.44708075318592283	22.3796	1.11757	0.01788323012743691	1140.23971889217	0.01772520636985381	1160.6308881855628
38.4501	0.45197075318592284	22.3902	1.12439	0.018078830127436912	1140.7797884653644	0.01791735140479337	1161.403752473843
38.6601	0.45766375318592284	22.4003	1.1309	0.018306550127436913	1141.294383058691	0.01814100258905079	1162.187545892317
38.8601	0.46256675318592283	22.4169	1.13745	0.018502670127436914	1142.1401523902969	0.018333578308618263	1163.272794869275
39.0601	0.46740475318592284	22.4251	1.14274	0.018696190127436913	1142.5579420601266	0.018523564671125786	1163.919422576496
39.2701	0.4722947531859228	22.4299	1.1487	0.01889179012743691	1142.802501866856	0.018715556381418676	1164.3920868892342
39.4801	0.4778667531859228	22.4423	1.15558	0.019114670127436912	1143.4342813675735	0.01893427992840961	1165.2906504683176
39.6901	0.48283275318592284	22.4514	1.16141	0.019313310127436912	1143.8979260011647	0.01912917521296507	1165.990381400157
39.8801	0.4877047531859228	22.4579	1.16743	0.019508190127436913	1144.2291007394442	0.019320344474785343	1166.5509395860156
40.1001	0.4934897531859228	22.4679	1.17475	0.019739590127436913	1144.7386003367974	0.01954729090398694	1167.3352711105015
40.3101	0.4979627531859228	22.4688	1.18038	0.019918510127436912	1144.7844553005593	0.019722732072716676	1167.5868560671959
40.5101	0.5032037531859228	22.4976	1.18655	0.020128150127436913	1146.2518141409357	0.019928256784305143	1169.3237427398112
40.7201	0.5086097531859228	22.4882	1.19276	0.020344390127436912	1145.772884519424	0.020140207689346577	1169.082935079526
40.9201	0.5134627531859228	22.5009	1.1991	0.020538510127436915	1146.4199490080623	0.02033043908435814	1169.96570674106
41.1201	0.5182047531859229	22.5122	1.20479	0.020728190127436916	1146.9956835530713	0.02051628447195236	1170.770828157109
41.3201	0.5231367531859228	22.5265	1.21126	0.02092547012743691	1147.724267977286	0.020709539581233942	1171.740937861379
41.5301	0.5280947531859228	22.5234	1.21704	0.02112379012743691	1147.5663231021065	0.0209037758364345	1171.8072732686296
41.7401	0.5335387531859228	22.5468	1.2233	0.021341550127436913	1148.7585521599126	0.02111700834181263	1173.2748403851554
41.9501	0.5384437531859229	22.5454	1.22963	0.021537750127436913	1148.6872222162833	0.021309090175114034	1173.4273605829574
42.1501	0.5431797531859228	22.551	1.23502	0.021727190127436912	1148.972541990801	0.021494518894425548	1173.9364868618395
42.3601	0.5488887531859228	22.5706	1.2423	0.021955550127436912	1149.9711612016129	0.021717997809672304	1175.2194106764816
42.5701	0.5535297531859228	22.5792	1.24809	0.022141190127436913	1150.4093308553365	0.02189963304919352	1175.880762574182
42.7801	0.5589627531859228	22.5957	1.25439	0.022358510127436913	1151.250005190969	0.02211222295643718	1176.9902400912429
43.0001	0.5644687531859228	22.6075	1.26181	0.022578750127436913	1151.8512147158456	0.022327623208691447	1177.8585754768992
43.2201	0.5693867531859228	22.6042	1.26707	0.02277547012743691	1151.683079848719	0.02251998108847446	1177.913203430088
43.4101	0.5745887531859228	22.6203	1.27399	0.022983550127436914	1152.5033742004573	0.022723406808373356	1178.9919932734338
43.6101	0.5794507531859228	22.6145	1.27855	0.02317803012743691	1152.2078644339927	0.022913499323512266	1178.9137730289135
43.8101	0.5839927531859228	22.6293	1.28477	0.023359710127436914	1152.961923838075	0.02309104796764791	1179.8947801669046
44.0201	0.5895917531859228	22.6424	1.29194	0.023583670127436913	1153.6293683106076	0.02330987180327917	1180.8361827821684
44.2201	0.5945727531859228	22.6461	1.29737	0.023782910127436913	1153.8178831616283	0.02350450231307687	1181.259030180291
44.4301	0.5991317531859228	22.6541	1.30352	0.023965270127436912	1154.2254828395105	0.023682610150984277	1181.8868083237305
44.6301	0.6043867531859228	22.6675	1.30972	0.024175470127436913	1154.9082122999637	0.023887869483613714	1182.8286612863528
44.8401	0.6098357531859228	22.6708	1.31638	0.02439343012743691	1155.07634716709	0.024100661936721248	1183.2526213335655
45.0601	0.6144167531859228	22.6777	1.32187	0.024576670127436914	1155.4279018892637	0.024279522526698263	1183.8244722900326
45.2601	0.6201447531859228	22.705	1.32872	0.02480579012743691	1156.8188357900376	0.024503121591683233	1185.5146410461114
45.4701	0.6251717531859228	22.6932	1.33463	0.025006870127436912	1156.217626265161	0.024699315131262452	1185.1310102842272
45.6801	0.6303357531859228	22.6913	1.34094	0.025213430127436914	1156.120821341664	0.024900815429228774	1185.270592889437
45.8701	0.6347957531859229	22.7096	1.34634	0.025391830127436912	1157.0532056048198	0.025074812837611447	1186.4329040499438
46.0801	0.6400067531859228	22.7235	1.35331	0.025600270127436913	1157.7614100451406	0.025278070569020254	1187.4004148854185
46.2901	0.6449067531859228	22.7346	1.35917	0.025796270127436915	1158.3269545982023	0.025469159904261258	1188.207469614909
46.5001	0.6507557531859228	22.7363	1.36555	0.026030230127436913	1158.4135695297525	0.025697210376350168	1188.5673413273576
46.7101	0.6553877531859228	22.7454	1.37087	0.026215510127436913	1158.8772141633438	0.025877773548556176	1189.2577715076986
46.9001	0.6605907531859229	22.7598	1.37728	0.026423630127436915	1159.610893583532	0.026080556392000815	1190.25202292733
47.1201	0.6662047531859228	22.7745	1.38425	0.02664819012743691	1160.359857991641	0.026299311526312243	1191.281348103648
47.3301	0.6709037531859228	22.7634	1.38959	0.02683615012743691	1159.7943134385791	0.026482375985914294	1190.9187277509645
47.5301	0.6760147531859229	22.7814	1.39606	0.027040590127436915	1160.7114127138148	0.026681453171675387	1192.0977342812473
47.7401	0.6813117531859229	22.7863	1.40315	0.027252470127436913	1160.9610675165175	0.026887733380522486	1192.6001243281285
47.9301	0.6858937531859228	22.798	1.4088	0.027435750127436914	1161.5571820454206	0.027066135143553466	1193.4253746507486
48.1401	0.6913517531859228	22.8029	1.41471	0.02765407012743691	1161.8068368481236	0.02727860274343102	1193.935524588857
48.3401	0.6965227531859228	22.8093	1.42118	0.027860910127436914	1162.1329165904294	0.027479856446454527	1194.5109973356916
48.5401	0.7013607531859228	22.8174	1.42715	0.028054430127436913	1162.5456112642853	0.027668113226081828	1195.1601658854574
48.7501	0.7066607531859228	22.8208	1.43331	0.028266430127436914	1162.7188411273855	0.027874306729098606	1195.5847520079672
48.9501	0.7117027531859228	22.8364	1.43912	0.028468110127436913	1163.5136604992563	0.028070423434195028	1196.6366955211263
49.1501	0.7166167531859228	22.8418	1.44555	0.02866467012743691	1163.7887902818268	0.02826152437088211	1197.148412053264
49.3601	0.7215307531859229	22.8482	1.45172	0.028861230127436913	1164.1148700241326	0.028452588794978667	1197.7126571826705
49.5601	0.7264037531859228	22.8566	1.4579	0.02905615012743691	1164.5428496859092	0.02864202302829929	1198.379981556216
49.7701	0.7315267531859229	22.8494	1.46381	0.029261070127436915	1164.176009975815	0.02884113713827278	1198.2410458443971
49.9801	0.7365037531859228	22.8618	1.47011	0.02946015012743691	1164.807789476533	0.029034538749585562	1199.1232018241196
50.1801	0.7415827531859228	22.8823	1.47626	0.029663310127436913	1165.8522636511066	0.029231865432108952	1200.4353009105637
50.3801	0.7464097531859228	22.8785	1.48194	0.029856390127436915	1165.6586538041124	0.029419365459947323	1200.461013327511
50.5801	0.7514117531859228	22.8912	1.48817	0.03005647012743691	1166.3057182927507	0.029613626105132462	1201.3607512740755
50.8001	0.7566327531859228	22.8962	1.49451	0.030265310127436912	1166.5604680914273	0.029816351720826716	1201.8667824406223
51.0101	0.7622097531859228	22.9071	1.5013	0.030488390127436912	1167.115822652542	0.03003285503303121	1202.699305177477
51.2101	0.7673827531859229	22.9139	1.50751	0.030695310127436915	1167.4622823787422	0.03023363286828154	1203.297899198443
51.4101	0.7725167531859228	22.9316	1.51341	0.030900670127436913	1168.3640966660569	0.030432857161155732	1204.4673302058757
51.6201	0.7775837531859228	22.9192	1.51947	0.03110335012743691	1167.7323171653393	0.030629442617499874	1204.052704281256
51.8301	0.7829887531859228	22.9326	1.52564	0.03131955012743691	1168.4150466257925	0.030839098940424824	1205.0092802482404
52.0501	0.7883097531859228	22.9404	1.5321	0.03153239012743691	1168.8124563117278	0.0310454540322295	1205.6679066699571
52.2501	0.7932307531859228	22.946	1.539	0.03172923012743691	1169.0977760862454	0.031236258725793234	1206.1923484651606
52.4601	0.7981467531859228	22.9462	1.54483	0.03192587012743691	1169.1079660781925	0.03142683320751823	1206.4327551681567
52.6601	0.8033657531859228	22.9617	1.55168	0.03213463012743691	1169.8976904540896	0.03162911410062779	1207.4919200237746
52.8701	0.8087277531859228	22.9687	1.55807	0.032349110127436916	1170.2543401722367	0.03183689486110505	1208.1110266995793
53.0701	0.8139747531859228	22.969	1.56351	0.03255899012743691	1170.2696251601574	0.03204017751634473	1208.3724223321863
53.2801	0.8183207531859228	22.9664	1.56939	0.03273283012743691	1170.1371552648457	0.032208521765526014	1208.4390559939322
53.4901	0.8239117531859228	22.9889	1.57662	0.03295647012743691	1171.2835293588898	0.032425049973176745	1209.884900004965
53.6901	0.8292967531859228	22.9983	1.58288	0.033171870127436914	1171.7624589804016	0.03263355589856729	1210.6320110899055
53.9001	0.8342387531859228	22.9982	1.58862	0.03336955012743691	1171.7573639844281	0.03282487071922901	1210.8583800790998
54.1001	0.8388337531859228	22.9926	1.5946	0.03355335012743691	1171.4720442099103	0.03300271963702064	1210.7788558737898
54.3001	0.8438197531859228	23.0089	1.6005	0.03375279012743691	1172.302528553596	0.03319566638712702	1211.871009765729
54.5001	0.8485397531859228	23.0026	1.6062	0.03394159012743691	1171.9815438072635	0.033378285252204674	1211.7604610040903
54.7101	0.8539807531859228	23.0133	1.61239	0.034159230127436914	1172.526708376431	0.03358875855086778	1212.5793180384278
54.9101	0.8592937531859228	23.0306	1.6189	0.034371750127436915	1173.4081426798518	0.0337942377075992	1213.7402341575437
55.1101	0.8644507531859228	23.0266	1.62495	0.03457803012743691	1173.2043428409106	0.033993643224980205	1213.7714379533036
55.3201	0.8697387531859229	23.0423	1.63074	0.03478955012743692	1174.004257208755	0.034198072832126655	1214.8473371647433
55.5201	0.8747627531859228	23.044	1.63653	0.03499051012743691	1174.090872140305	0.03439225771629899	1215.1729106924615
55.7201	0.8798147531859228	23.0452	1.64321	0.03519259012743691	1174.1520120919874	0.03458748682489036	1215.473462600846
55.9301	0.8850757531859228	23.0441	1.64877	0.03540303012743691	1174.0959671362784	0.03479075200971547	1215.6625220333062
56.1201	0.8893447531859228	23.0513	1.65442	0.03557379012743691	1174.4628068463728	0.03495565969841284	1216.2429002496062
56.3301	0.8950827531859228	23.0709	1.66122	0.03580331012743691	1175.4614260571848	0.03517727072318576	1217.5468360371494
56.5401	0.9000957531859228	23.0707	1.66699	0.036003830127436916	1175.4512360652375	0.03537084086466292	1217.7719826916161
56.7601	0.9057277531859228	23.0881	1.67397	0.03622911012743691	1176.3377653646319	0.03558826815916369	1218.9554358130904
56.9701	0.9112707531859228	23.0748	1.68011	0.03645083012743691	1175.6601309001524	0.035802213396476434	1218.513918619194
57.1701	0.9162877531859228	23.0857	1.68623	0.03665151012743691	1176.215485461267	0.035995816960304565	1219.3255592386988
57.3801	0.9213137531859228	23.086	1.69207	0.03685255012743691	1176.2307704491877	0.03618973025373224	1219.5778738786
57.5801	0.9262167531859228	23.0991	1.69814	0.037048670127436914	1176.89821492172	0.036378861730843315	1220.500728659924
57.7901	0.9313467531859229	23.0958	1.7037	0.03725387012743692	1176.7300800545936	0.03657671136626273	1220.567829631996
57.9901	0.9371287531859228	23.1022	1.71069	0.03748515012743691	1177.0561597968997	0.0367996598901012	1221.1782866553108
58.2201	0.9424687531859228	23.1014	1.71718	0.03769875012743691	1177.0153998291114	0.03700552116410977	1221.3874092834142
58.4201	0.9471447531859228	23.1053	1.72254	0.03788579012743691	1177.214104672079	0.0371857499111243	1221.813791176744
58.6201	0.9523807531859229	23.1164	1.7289	0.038095230127436916	1177.7796492251407	0.037387524396215455	1222.6474360017844
58.8301	0.9581567531859229	23.1295	1.73585	0.03832627012743692	1178.4470936976734	0.03761006110268395	1223.6125753416234
59.0401	0.9629537531859228	23.1246	1.74094	0.03851815012743691	1178.1974388949704	0.03779484143449373	1223.5794247260887
59.2401	0.9682297531859229	23.1393	1.74702	0.03872919012743691	1178.9464033030793	0.03799803341518501	1224.606042706662
59.4501	0.9739167531859229	23.1321	1.75345	0.038956670127436914	1178.579563592985	0.0382170078090147	1224.4930988708156
59.6601	0.9786097531859228	23.1329	1.75951	0.03914439012743691	1178.6203235607732	0.0383976727478869	1224.7566973183618
59.8601	0.9836717531859228	23.1486	1.76614	0.039346870127436914	1179.4202379286176	0.03859250637987021	1225.8267328560655
60.0701	0.9896077531859228	23.1597	1.77264	0.03958431012743691	1179.9857824816795	0.03882093145068314	1226.6947056414006
60.2901	0.9946727531859229	23.1534	1.77913	0.03978691012743692	1179.664797735347	0.039015798051382	1226.6000150233442
60.4801	0.9998567531859228	23.1584	1.78516	0.039994270127436914	1179.9195475340236	0.039215203645254895	1227.1095686467427
60.6801	1.005060753185923	23.1596	1.79101	0.04020243012743692	1179.980687485706	0.03941533856583159	1227.418778626075
60.8901	1.010510753185923	23.1612	1.79689	0.04042043012743692	1180.0622074212824	0.03962489120024904	1227.7608294223833
61.0801	1.0149307531859229	23.1623	1.80248	0.04059723012743691	1180.1182523769912	0.03979480806717626	1228.0277846463287
61.2901	1.020600753185923	23.173	1.80937	0.04082403012743692	1180.663416946159	0.040012736081296685	1228.8628558499317
61.5001	1.0258407531859228	23.1771	1.81511	0.04103363012743691	1180.8723117810737	0.04021409470893943	1229.3277894504297
61.7101	1.031110753185923	23.1702	1.82163	0.04124443012743692	1180.5207570589002	0.04041656526726071	1229.210662937405
61.9101	1.035860753185923	23.1761	1.82767	0.041434430127436916	1180.8213618213385	0.04059902258620039	1229.7480220307098
62.1201	1.041250753185923	23.1876	1.83392	0.04165003012743692	1181.4072863582942	0.04080602331505559	1230.6129354278908
62.3301	1.046980753185923	23.1957	1.84026	0.04187923012743692	1181.8199810321503	0.041026034624996516	1231.3136919869987
62.5401	1.051920753185923	23.1961	1.84583	0.04207683012743692	1181.8403610160447	0.04121567394068166	1231.5684571242657
62.7401	1.057250753185923	23.2013	1.85213	0.04229003012743692	1182.105300806668	0.04142024445541088	1232.096569591585
62.9501	1.063110753185923	23.2176	1.85902	0.04252443012743692	1182.9357851503535	0.041645108591243	1233.2394552912244
63.1501	1.0683107531859228	23.1946	1.86479	0.04273243012743691	1181.7639360764415	0.041844604398838046	1232.263580901953
63.3501	1.073550753185923	23.2116	1.87141	0.04294203012743692	1182.6300853919417	0.042045594538670336	1233.414622148456
63.5501	1.0787507531859228	23.2132	1.87691	0.043150030127436914	1182.711605327518	0.042245010474958274	1233.7456467294699
63.7501	1.0839707531859228	23.2169	1.88315	0.043358830127436916	1182.9001201785386	0.042445153407178075	1234.1892855470846
63.9601	1.089080753185923	23.2201	1.88914	0.043563230127436924	1183.0631600496915	0.042641039975772316	1234.601212746229
64.1601	1.094300753185923	23.2116	1.8949	0.04377203012743692	1182.6300853919417	0.04284110366910633	1234.3962051193312
64.3601	1.0992207531859228	23.2192	1.90118	0.043968830127436916	1183.01730508593	0.043029632814968806	1235.0331920110716
64.5601	1.1044807531859229	23.2267	1.90699	0.044179230127436915	1183.3994297839447	0.04323115109302249	1235.681105525047
64.7701	1.110110753185923	23.237	1.91357	0.04440443012743692	1183.9242143692184	0.04344679962571788	1236.495694422357
64.9801	1.1153207531859228	23.2306	1.91933	0.044612830127436914	1183.5981346269123	0.0436463192799173	1236.401797146174
65.1901	1.120870753185923	23.2315	1.92606	0.04483483012743692	1183.6439895906742	0.043858815630085	1236.7124667953337
65.3901	1.125840753185923	23.2344	1.93167	0.04503363012743691	1183.7917444739066	0.044049066839077895	1237.102184042458
65.6001	1.131000753185923	23.2439	1.93815	0.045240030127436916	1184.275769091392	0.04424655294302238	1237.8524405642802
65.7901	1.1366407531859228	23.2495	1.94422	0.045465630127436915	1184.5610888659096	0.044462365245217184	1238.417905195641
66.0001	1.141640753185923	23.2498	1.9502	0.04566563012743692	1184.57637385383	0.044653649268760906	1238.6708003999395
66.2001	1.146760753185923	23.2523	1.95617	0.04587043012743692	1184.7037487531686	0.04484948619889682	1239.0466192820634
66.4001	1.1520607531859228	23.2531	1.96192	0.046082430127436916	1184.7445087209567	0.04505216763092489	1239.3404147629549
66.6101	1.157680753185923	23.2514	1.96829	0.04630723012743692	1184.6578937894067	0.045267041566822264	1239.5161194993975
66.8101	1.1631507531859229	23.2571	1.97418	0.04652603012743692	1184.948308559898	0.04547613610383318	1240.079249263411
67.0201	1.1683307531859228	23.2694	1.98034	0.046733230127436916	1185.574993064642	0.04567410489309024	1240.9807420488664
67.2201	1.173740753185923	23.2646	1.98639	0.04694963012743692	1185.3304332579128	0.045880821970331116	1240.9812586781666
67.4301	1.179500753185923	23.2756	1.99335	0.04718003012743692	1185.890882815001	0.046100865652728105	1241.8412503940656
67.6401	1.1848107531859229	23.2709	1.99908	0.047392430127436914	1185.6514180042452	0.04630367553852416	1241.8423199875078
67.8401	1.189980753185923	23.2596	2.00475	0.04759923012743692	1185.075683459236	0.04650109875943233	1241.4843736346415
68.0501	1.1958607531859229	23.27	2.01115	0.04783443012743691	1185.6055630404833	0.046725586898044395	1242.318329504444
68.2601	1.200850753185923	23.2694	2.01694	0.04803403012743692	1185.574993064642	0.046916056867308716	1242.5229379998448
68.4601	1.2065607531859228	23.29	2.02357	0.04826243012743691	1186.6245622351894	0.047133964978336024	1243.8939472575655
68.6701	1.212100753185923	23.2629	2.02952	0.04848403012743692	1185.2438183263625	0.04734534008259951	1242.7092153224564
68.8701	1.217330753185923	23.2804	2.03629	0.04869323012743692	1186.1354426217306	0.04754484634719489	1243.8922086916198
69.0801	1.222540753185923	23.2681	2.04191	0.04890163012743692	1185.5087581169864	0.0477435501146711	1243.4820689192604
69.3001	1.228750753185923	23.2871	2.04899	0.04915003012743692	1186.476807351957	0.04798034123460998	1244.792178178811
69.4901	1.2337507531859229	23.2818	2.05423	0.04935003012743691	1186.2067725653599	0.04817095357186313	1244.7461125288303
69.7001	1.2388607531859228	23.2829	2.0604	0.04955443012743691	1186.2628175210687	0.04836572184694814	1245.047395424693
69.9001	1.244160753185923	23.283	2.06644	0.049766430127436916	1186.2679125170423	0.048567691926638595	1245.3042316977421
70.1001	1.249570753185923	23.2818	2.07262	0.04998283012743692	1186.2067725653599	0.04877381177614852	1245.4967441745096
70.3001	1.254890753185923	23.2867	2.07819	0.05019563012743692	1186.4564273680628	0.04897646122214115	1246.0113553585502
70.5101	1.260880753185923	23.297	2.08472	0.05043523012743692	1186.9812119533365	0.04920458316928802	1246.846882535147
70.7201	1.2659807531859228	23.29	2.09019	0.050639230127436916	1186.6245622351894	0.04939876952917208	1246.7143165170862
70.9201	1.2713307531859228	23.2854	2.09625	0.050853230127436914	1186.3901924204067	0.049602434310071365	1246.721965896496
71.1201	1.276640753185923	23.2967	2.1026	0.051065630127436916	1186.965926965416	0.049804535356633255	1247.579089965702
71.3301	1.282780753185923	23.2921	2.10906	0.05131123012743692	1186.7315571506335	0.05003817567655918	1247.6242131790814
71.5401	1.288260753185923	23.2997	2.11553	0.05153043012743692	1187.1187768446218	0.05024665547314761	1248.2915180277819
71.7401	1.2938107531859229	23.3045	2.12116	0.05175243012743692	1187.3633366513511	0.05045775404197984	1248.8122747672805
71.9501	1.299760753185923	23.2939	2.12837	0.05199043012743692	1186.8232670781572	0.05068401743710456	1248.5267192188005
72.1601	1.305020753185923	23.2963	2.13452	0.05220083012743692	1186.9455469815216	0.050883999258790814	1248.9050898500216
72.3701	1.3110307531859229	23.3041	2.14091	0.052441230127436914	1187.342956667457	0.0511124466566504	1249.6086818982465
72.5701	1.3164207531859229	23.303	2.14687	0.05265683012743692	1187.2869117117482	0.05131728272089315	1249.8056769342827
72.7801	1.3217407531859229	23.291	2.15276	0.052869630127436916	1186.6755121949245	0.0515194174408709	1249.414607605957
72.9901	1.327640753185923	23.3063	2.15952	0.053105630127436916	1187.4550465788748	0.051743541632110666	1250.5155950754508
73.1901	1.333150753185923	23.3088	2.16525	0.05332603012743692	1187.582421478213	0.05195280548335544	1250.9114774647749
73.4001	1.338490753185923	23.2909	2.17095	0.05353963012743692	1186.670417198951	0.052155571141139154	1250.2043124189543
73.6001	1.344030753185923	23.3082	2.17776	0.05376123012743692	1187.5518515023718	0.05236588757482576	1251.3960998792545
73.8101	1.3493607531859229	23.3091	2.18402	0.05397443012743691	1187.5977064661338	0.05256818998375448	1251.6976158932946
74.0001	1.354730753185923	23.3059	2.18983	0.05418923012743692	1187.4346665949806	0.05277196922992297	1251.7808370043924
74.2101	1.360590753185923	23.304	2.19598	0.054423630127436916	1187.3378616714836	0.05299429548561816	1251.9570982913942
74.4101	1.3658007531859229	23.3023	2.20147	0.05463203012743691	1187.2512467399335	0.05319191947876879	1252.1131926206667
74.6201	1.371440753185923	23.3077	2.2076	0.05485763012743692	1187.5263765225043	0.05340581007525804	1252.671259252351
74.8201	1.376900753185923	23.3095	2.21329	0.05507603012743692	1187.6180864500277	0.053612830802870576	1253.0273759592383
75.0101	1.382530753185923	23.3099	2.2202	0.05530123012743692	1187.6384664339216	0.053826252360329584	1253.31633457438
75.2201	1.388050753185923	23.3109	2.22601	0.05552203012743692	1187.6894163936572	0.05403545983398475	1253.6323439527036
75.4201	1.3939307531859229	23.302	2.2323	0.05575723012743691	1187.235961752013	0.05425826314134512	1253.432950486989
75.6301	1.3996907531859228	23.2994	2.23903	0.05598763012743691	1187.103491856701	0.05447647132098891	1253.5666030817629
75.8401	1.4054207531859229	23.3153	2.245	0.05621683012743692	1187.9135962164924	nan	nan
76.0601	1.4111807531859228	23.301	2.25104	0.056447230127436916	1187.1850117922777	nan	nan
76.2501	1.4167007531859228	23.3068	2.25752	0.05666803012743691	1187.4805215587423	nan	nan
76.4601	1.421840753185923	23.2979	2.26313	0.05687363012743692	1187.0270669170982	nan	nan
76.6501	1.427100753185923	23.3043	2.26963	0.05708403012743692	1187.3531466594043	nan	nan
76.8501	1.4327007531859228	23.302	2.27558	0.05730803012743691	1187.235961752013	nan	nan
77.0601	1.4380207531859228	23.3085	2.28156	0.05752083012743691	1187.5671364902923	nan	nan
77.2601	1.4436207531859229	23.3059	2.28776	0.05774483012743691	1187.4346665949806	nan	nan
77.4601	1.449250753185923	23.299	2.29362	0.057970030127436914	1187.083111872807	nan	nan
77.6801	1.4557807531859228	23.3121	2.30064	0.05823123012743691	1187.7505563453396	nan	nan
77.9001	1.462080753185923	23.3036	2.30724	0.05848323012743692	1187.3174816875894	nan	nan
78.0901	1.467660753185923	23.2963	2.31338	0.05870643012743692	1186.9455469815216	nan	nan
78.3001	1.473090753185923	23.2945	2.31892	0.05892363012743692	1186.8538370539982	nan	nan
78.4901	1.478650753185923	23.308	2.32561	0.05914603012743692	1187.5416615104248	nan	nan
78.7001	1.484140753185923	23.2974	2.33119	0.05936563012743692	1187.0015919372306	nan	nan
78.9001	1.490100753185923	23.3037	2.3371	0.05960403012743692	1187.322576683563	nan	nan
79.1001	1.495790753185923	23.2979	2.34301	0.05983163012743692	1187.0270669170982	nan	nan
79.3001	1.501720753185923	23.3026	2.34894	0.06006883012743692	1187.2665317278543	nan	nan
79.5201	1.5076407531859228	23.2958	2.356	0.060305630127436914	1186.920072001654	nan	nan
79.7301	1.513860753185923	23.2848	2.36226	0.060554430127436915	1186.3596224445657	nan	nan
79.9301	1.519410753185923	23.2904	2.3683	0.060776430127436915	1186.6449422190835	nan	nan
80.1401	1.525310753185923	23.2976	2.37463	0.061012430127436915	1187.0117819291775	nan	nan
80.3301	1.5307207531859228	23.2841	2.3805	0.06122883012743691	1186.3239574727509	nan	nan
80.5401	1.536530753185923	23.2809	2.38651	0.061461230127436914	1186.160917601598	nan	nan
80.7401	1.5422107531859228	23.2829	2.39249	0.06168843012743691	1186.2628175210687	nan	nan
80.9401	1.5476007531859228	23.2798	2.39853	0.061904030127436914	1186.1048726458894	nan	nan
81.1401	1.553550753185923	23.2918	2.40519	0.062142030127436916	1186.7162721627128	nan	nan
81.3501	1.5596707531859229	23.2773	2.41113	0.06238683012743691	1185.9774977465509	nan	nan
81.5501	1.565140753185923	23.278	2.41728	0.06260563012743692	1186.0131627183657	nan	nan
81.7601	1.570970753185923	23.2904	2.42281	0.06283883012743692	1186.6449422190835	nan	nan
81.9601	1.576490753185923	23.2709	2.42892	0.06305963012743691	1185.6514180042452	nan	nan
82.1601	1.582560753185923	23.2875	2.43536	0.06330243012743691	1186.497187335851	nan	nan
82.3601	1.588540753185923	23.2784	2.44179	0.06354163012743692	1186.0335427022599	nan	nan
82.5701	1.594120753185923	23.2657	2.44694	0.06376483012743692	1185.3864782136216	nan	nan
82.7701	1.6004107531859229	23.2715	2.45379	0.06401643012743691	1185.6819879800862	nan	nan
82.9701	1.606160753185923	23.2574	2.45924	0.06424643012743692	1184.9635935478186	nan	nan
83.1801	1.611720753185923	23.2448	2.46505	0.06446883012743693	1184.3216240551537	nan	nan
83.3901	1.6183707531859228	23.2667	2.47158	0.06473483012743692	1185.437428173357	nan	nan
83.6001	1.624390753185923	23.2656	2.47791	0.06497563012743691	1185.381383217648	nan	nan
83.8001	1.629770753185923	23.248	2.48329	0.06519083012743691	1184.4846639263067	nan	nan
84.0001	1.6353907531859229	23.2504	2.48932	0.06541563012743691	1184.6069438296713	nan	nan
84.2001	1.641030753185923	23.2483	2.49561	0.06564123012743692	1184.4999489142272	nan	nan
84.4201	1.647630753185923	23.2504	2.50259	0.06590523012743692	1184.6069438296713	nan	nan
84.6201	1.6537207531859228	23.2464	2.50833	0.06614883012743691	1184.4031439907303	nan	nan
84.8401	1.660110753185923	23.242	2.51445	0.06640443012743692	1184.1789641678947	nan	nan
85.0301	1.6659307531859229	23.2367	2.521	0.06663723012743691	1183.9089293812976	nan	nan
85.2401	1.671750753185923	23.2303	2.52696	0.06687003012743692	1183.5828496389918	nan	nan
85.4401	1.6775807531859228	23.2299	2.5331	0.06710323012743691	1183.5624696550976	nan	nan
85.6401	1.6834807531859228	23.2258	2.53928	0.06733923012743691	1183.353574820183	nan	nan
85.8501	1.6898607531859229	23.2243	2.54513	0.06759443012743692	1183.2771498805798	nan	nan
86.0401	1.695400753185923	23.2177	2.5507	0.06781603012743692	1182.9408801463271	nan	nan
86.2601	1.7018207531859229	23.2027	2.55703	0.06807283012743691	1182.1766307502974	nan	nan
86.4801	1.707940753185923	23.1911	2.56255	0.06831763012743691	1181.5856112173678	nan	nan
86.6701	1.714070753185923	23.1953	2.56848	0.06856283012743691	1181.7996010482561	nan	nan
86.8801	1.719770753185923	23.1992	2.57437	0.06879083012743692	1181.998305891224	nan	nan
87.0801	1.7260907531859229	23.1966	2.58086	0.06904363012743692	1181.865835995912	nan	nan
87.2901	1.7328307531859228	23.1884	2.58749	0.06931323012743691	1181.4480463260827	nan	nan
87.5001	1.738850753185923	23.1751	2.59348	0.06955403012743692	1180.7704118616032	nan	nan
87.7001	1.744940753185923	23.1717	2.59959	0.06979763012743692	1180.5971819985032	nan	nan
87.9101	1.751430753185923	23.166	2.60629	0.07005723012743692	1180.306767228012	nan	nan
88.1101	1.757250753185923	23.1664	2.61189	0.07029003012743691	1180.3271472119059	nan	nan
88.3201	1.763560753185923	23.1438	2.61787	0.07054243012743693	1179.175678121888	nan	nan
88.5301	1.7692707531859229	23.1456	2.62335	0.07077083012743692	1179.2673880494117	nan	nan
88.7301	1.775460753185923	23.1443	2.63	0.07101843012743692	1179.2011531017558	nan	nan
88.9401	1.781560753185923	23.1437	2.63665	0.07126243012743692	1179.1705831259146	nan	nan
89.1501	1.7883507531859228	23.1277	2.64302	0.07153403012743692	1178.3553837701497	nan	nan
89.3601	1.793970753185923	23.11	2.64858	0.07175883012743692	1177.4535694828348	nan	nan
89.5501	1.8001107531859228	23.1218	2.65506	0.07200443012743692	1178.0547790077114	nan	nan
89.7701	1.806570753185923	23.1004	2.66127	0.07226283012743692	1176.964449869376	nan	nan
89.9801	1.812340753185923	23.0777	2.66663	0.07249363012743693	1175.8078857833848	nan	nan
90.1801	1.8193307531859229	23.0816	2.67382	0.07277323012743692	1176.0065906263524	nan	nan
90.4001	1.8255607531859228	23.0847	2.67934	0.07302243012743691	1176.1645355015319	nan	nan
90.5801	1.8311907531859228	23.0758	2.68518	0.07324763012743692	1175.7110808598875	nan	nan
90.7901	1.8380107531859229	23.0651	2.69136	0.07352043012743692	1175.16591629072	nan	nan
90.9901	1.844150753185923	23.0428	2.69676	0.07376603012743692	1174.0297321886226	nan	nan
91.1901	1.850390753185923	23.0318	2.70319	0.07401563012743692	1173.4692826315343	nan	nan
91.4101	1.857170753185923	23.0266	2.70997	0.07428683012743692	1173.2043428409106	nan	nan
91.6001	1.8631907531859229	23.0113	2.71576	0.07452763012743692	1172.4248084569606	nan	nan
91.8001	1.8692607531859229	23.0098	2.72243	0.07477043012743692	1172.3483835173577	nan	nan
92.0001	1.875500753185923	22.9942	2.72792	0.07502003012743691	1171.553564145487	nan	nan
92.2201	1.8813907531859229	22.9862	2.73359	0.07525563012743691	1171.1459644676045	nan	nan
92.4101	1.8874207531859228	22.9682	2.73932	0.07549683012743691	1170.228865192369	nan	nan
92.6101	1.8936307531859229	22.9557	2.74538	0.07574523012743692	1169.5919906956779	nan	nan
92.8101	1.8997207531859228	22.9448	2.75134	0.07598883012743692	1169.036636134563	nan	nan
93.0201	1.906360753185923	22.9356	2.75796	0.07625443012743692	1168.5678965049983	nan	nan
93.2201	1.912450753185923	22.9265	2.76381	0.07649803012743692	1168.1042518714069	nan	nan
93.4201	1.918680753185923	22.9225	2.77007	0.07674723012743692	1167.9004520324656	nan	nan
93.6201	1.9250807531859229	22.9022	2.77595	0.07700323012743691	1166.8661678498393	nan	nan
93.8301	1.930990753185923	22.8727	2.78207	0.07723963012743691	1165.3631440376475	nan	nan
94.0301	1.937100753185923	22.8738	2.78767	0.07748403012743692	1165.4191889933566	nan	nan
94.2301	1.943370753185923	22.8633	2.79336	0.07773483012743693	1164.8842144161358	nan	nan
94.4501	1.950100753185923	22.8428	2.79933	0.07800403012743691	1163.8397402415621	nan	nan
94.6601	1.956930753185923	22.8306	2.8056	0.07827723012743693	1163.2181507327916	nan	nan
94.8601	1.9631107531859229	22.817	2.81171	0.07852443012743691	1162.5252312803914	nan	nan
95.0701	1.969520753185923	22.8041	2.81818	0.07878083012743692	1161.8679767998058	nan	nan
95.2701	1.975700753185923	22.7873	2.82417	0.07902803012743692	1161.0120174762528	nan	nan
95.4801	1.9827607531859228	22.7768	2.83111	0.07931043012743691	1160.4770428990323	nan	nan
95.6901	1.989130753185923	22.7525	2.83697	0.07956523012743692	1159.2389588774643	nan	nan
95.8901	1.995700753185923	22.7451	2.84312	0.07982803012743692	1158.8619291754233	nan	nan
96.1001	2.002210753185923	22.7145	2.84894	0.08008843012743691	1157.302860407523	nan	nan
96.3001	2.0082707531859225	22.7067	2.8559	0.0803308301274369	1156.9054507215876	nan	nan
96.5101	2.0143907531859226	22.6917	2.86147	0.0805756301274369	1156.141201325558	nan	nan
96.7201	2.0211107531859227	22.6794	2.86752	0.0808444301274369	1155.514516820814	nan	nan
96.9201	2.027290753185923	22.6666	2.87392	0.0810916301274369	1154.8623573362017	nan	nan
97.1301	2.0336307531859226	22.6408	2.87972	0.0813452301274369	1153.547848375031	nan	nan
97.3401	2.0404407531859228	22.6231	2.88641	0.0816176301274369	1152.6460340877163	nan	nan
97.5401	2.0465207531859226	22.6172	2.89233	0.0818608301274369	1152.345429325278	nan	nan
97.7401	2.0527707531859227	22.6002	2.89811	0.0821108301274369	1151.4792800097778	nan	nan
97.9601	2.0596007531859226	22.5863	2.90476	0.0823840301274369	1150.7710755694573	nan	nan
98.1701	2.0658507531859227	22.5633	2.91092	0.0826340301274369	1149.5992264955453	nan	nan
98.3701	2.0722707531859226	22.5586	2.91681	0.0828908301274369	1149.3597616847892	nan	nan
98.5801	2.079080753185923	22.5304	2.92337	0.08316323012743691	1147.9229728202538	nan	nan
98.7801	2.0849007531859227	22.5292	2.92897	0.0833960301274369	1147.8618328685714	nan	nan
98.9901	2.091760753185923	22.4963	2.93571	0.08367043012743691	1146.18557919328	nan	nan
99.1901	2.0981907531859227	22.4757	2.94162	0.08392763012743691	1145.1360100227328	nan	nan
99.4101	2.104790753185923	22.4515	2.94795	0.08419163012743691	1143.9030209971384	nan	nan
99.6101	2.111230753185923	22.4502	2.95406	0.08444923012743692	1143.8367860494823	nan	nan
99.8101	2.117390753185923	22.4329	2.9602	0.08469563012743692	1142.9553517460618	nan	nan
100.02	2.1242007531859226	22.4179	2.96684	0.08496803012743691	1142.1911023500322	nan	nan
100.23	2.1302307531859226	22.3923	2.97225	0.0852092301274369	1140.8867833808085	nan	nan
100.43	2.1365607531859228	22.3758	2.97789	0.08546243012743691	1140.046109045176	nan	nan
100.63	2.1427607531859225	22.3632	2.98414	0.0857104301274369	1139.4041395525112	nan	nan
100.84	2.149660753185923	22.3509	2.99078	0.08598643012743691	1138.7774550477668	nan	nan
101.04	2.1560807531859227	22.3355	2.99786	0.08624323012743691	1137.9928256678434	nan	nan
101.24	2.1620807531859225	22.3199	3.0034	0.0864832301274369	1137.1980062959726	nan	nan
101.44	2.168570753185923	22.3052	3.00967	0.08674283012743692	1136.4490418878638	nan	nan
101.64	2.1747107531859227	22.2721	3.01552	0.0869884301274369	1134.762598220625	nan	nan
101.86	2.1811607531859227	22.2681	3.02113	0.08724643012743691	1134.558798381684	nan	nan
102.05	2.187350753185923	22.2447	3.02721	0.08749403012743691	1133.366569323878	nan	nan
102.26	2.1942207531859226	22.2206	3.03333	0.0877688301274369	1132.1386752942572	nan	nan
102.46	2.2006507531859225	22.2089	3.0397	0.0880260301274369	1131.5425607653542	nan	nan
102.66	2.207000753185923	22.1994	3.04586	0.08828003012743692	1131.0585361478688	nan	nan
102.86	2.2135407531859226	22.1746	3.05163	0.0885416301274369	1129.7949771464332	nan	nan
103.07	2.219620753185923	22.1585	3.05801	0.08878483012743692	1128.974682794695	nan	nan
103.28	2.225850753185923	22.1283	3.06349	0.08903403012743691	1127.4359940106888	nan	nan
103.47	2.2319307531859227	22.1094	3.0692	0.08927723012743691	1126.4730397716917	nan	nan
103.67	2.2382007531859225	22.1029	3.07541	0.0895280301274369	1126.1418650334122	nan	nan
103.88	2.244970753185923	22.0759	3.0817	0.08979883012743692	1124.766216120559	nan	nan
104.08	2.2515107531859226	22.0727	3.08833	0.0900604301274369	1124.603176249406	nan	nan
104.28	2.2577307531859225	22.0489	3.09473	0.0903092301274369	1123.3905672077058	nan	nan
104.48	2.264080753185923	22.0171	3.1001	0.09056323012743692	1121.770358488123	nan	nan
104.7	2.270460753185923	21.9974	3.10644	0.09081843012743691	1120.7666442813374	nan	nan
104.9	2.276620753185923	21.9887	3.11269	0.09106483012743691	1120.3233796316406	nan	nan
105.11	2.2831007531859226	21.9793	3.11849	0.09132403012743691	1119.8444500101286	nan	nan
105.31	2.289310753185923	21.9549	3.12468	0.09157243012743692	1118.6012709925872	nan	nan
105.53	2.2964007531859227	21.9411	3.13172	0.09185603012743691	1117.89816154824	nan	nan
105.71	2.3021407531859226	21.9225	3.13703	0.09208563012743691	1116.9504922971635	nan	nan
105.92	2.308900753185923	21.8915	3.14323	0.09235603012743691	1115.371043545369	nan	nan
106.13	2.315190753185923	21.8762	3.14913	0.09260763012743692	1114.591509161419	nan	nan
106.32	2.3217407531859227	21.8734	3.15523	0.0928696301274369	1114.4488492741602	nan	nan
106.53	2.328140753185923	21.8506	3.16145	0.09312563012743691	1113.287190192195	nan	nan
106.73	2.3345007531859228	21.8223	3.16685	0.09338003012743691	1111.8453063316863	nan	nan
106.93	2.3410007531859227	21.8235	3.17326	0.09364003012743691	1111.9064462833685	nan	nan
107.13	2.3472807531859226	21.7783	3.17856	0.0938912301274369	1109.603508103333	nan	nan
107.34	2.3537807531859225	21.7715	3.18549	0.0941512301274369	1109.2570483771328	nan	nan
107.54	2.3599807531859227	21.749	3.19132	0.09439923012743691	1108.1106742830887	nan	nan
107.75	2.3662507531859225	21.7477	3.19768	0.0946500301274369	1108.0444393354326	nan	nan
107.96	2.3733207531859226	21.7062	3.20423	0.0949328301274369	1105.9300160064176	nan	nan
108.17	2.379720753185923	21.6928	3.20997	0.09518883012743691	1105.2472865459645	nan	nan
108.37	2.3859207531859226	21.6784	3.21588	0.09543683012743691	1104.5136071257764	nan	nan
108.57	2.392530753185923	21.6671	3.22302	0.0957012301274369	1103.9378725807674	nan	nan
108.78	2.399190753185923	21.6193	3.22888	0.09596763012743692	1101.5024645054198	nan	nan
108.98	2.4053107531859226	21.6062	3.23547	0.09621243012743691	1100.8350200328875	nan	nan
109.18	2.4112107531859226	21.6001	3.2407	0.09644843012743691	1100.5242252785022	nan	nan
109.38	2.417690753185923	21.5939	3.2471	0.09670763012743691	1100.2083355281432	nan	nan
109.59	2.4241007531859227	21.5727	3.25317	0.0969640301274369	1099.1281963817548	nan	nan
109.8	2.4310207531859227	21.5526	3.26008	0.09724083012743691	1098.1041021910753	nan	nan
110	2.4371307531859228	21.5109	3.26581	0.09748523012743691	1095.979488870113	nan	nan
110.21	2.443370753185923	21.4986	3.2717	0.09773483012743692	1095.352804365369	nan	nan
110.42	2.4498007531859227	21.4766	3.27805	0.0979920301274369	1094.2319052511923	nan	nan
110.61	2.4555507531859226	21.4725	3.28349	0.09822203012743691	1094.0230104162774	nan	nan
110.83	2.462910753185923	21.454	3.29047	0.09851643012743691	1093.0804361611745	nan	nan
111.04	2.470230753185923	21.4312	3.29717	0.09880923012743692	1091.9187770792096	nan	nan
111.25	2.476450753185923	21.3917	3.30303	0.09905803012743691	1089.9062536696651	nan	nan
111.47	2.4836007531859225	21.3825	3.31053	0.09934403012743691	1089.4375140401003	nan	nan
111.68	2.490160753185923	21.3485	3.31633	0.09960643012743692	1087.7052154091	nan	nan
111.89	2.4962807531859226	21.3363	3.32232	0.09985123012743691	1087.0836259003295	nan	nan
112.1	2.503040753185923	21.3114	3.32851	0.10012163012743691	1085.8149719029202	nan	nan
112.31	2.509340753185923	21.3028	3.33454	0.10037363012743691	1085.3768022491968	nan	nan
112.53	2.5163707531859227	21.2792	3.34131	0.10065483012743691	1084.1743831994436	nan	nan
112.74	2.5234007531859226	21.2491	3.34777	0.1009360301274369	1082.6407894114109	nan	nan
112.94	2.529400753185923	21.2338	3.35311	0.10117603012743691	1081.8612550274609	nan	nan
113.14	2.5358307531859228	21.2154	3.35995	0.10143323012743691	1080.923775768331	nan	nan
113.35	2.5420507531859227	21.2015	3.36651	0.1016820301274369	1080.2155713280106	nan	nan
113.55	2.5483307531859225	21.1732	3.373	0.1019332301274369	1078.7736874675015	nan	nan
113.76	2.555500753185923	21.1629	3.37894	0.10222003012743691	1078.248902882228	nan	nan
113.97	2.561660753185923	21.1367	3.38542	0.1024664301274369	1076.914013937163	nan	nan
114.18	2.5686807531859226	21.1217	3.39175	0.1027472301274369	1076.1497645411334	nan	nan
114.37	2.5747907531859227	21.1088	3.39765	0.10299163012743691	1075.492510060548	nan	nan
114.58	2.5819907531859227	21.0692	3.40385	0.1032796301274369	1073.47489165503	nan	nan
114.79	2.588570753185923	21.0533	3.41	0.10354283012743691	1072.6647872952387	nan	nan
115	2.594950753185923	21.0261	3.41612	0.10379803012743691	1071.2789483904385	nan	nan
115.2	2.600980753185923	21.004	3.42228	0.10403923012743692	1070.1529542802884	nan	nan
115.41	2.607150753185923	20.9941	3.42828	0.10428603012743691	1069.648549678909	nan	nan
115.62	2.6134907531859226	20.9723	3.43388	0.1045396301274369	1068.5378405566792	nan	nan
115.82	2.6205507531859227	20.9529	3.44117	0.1048220301274369	1067.5494113378145	nan	nan
116.03	2.626750753185923	20.923	3.447	0.10507003012743692	1066.0260075417289	nan	nan
116.25	2.6335107531859228	20.9125	3.45388	0.10534043012743691	1065.4910329645081	nan	nan
116.45	2.6398407531859225	20.8944	3.4598	0.1055936301274369	1064.5688386932993	nan	nan
116.66	2.646610753185923	20.862	3.46623	0.10586443012743692	1062.9180599978754	nan	nan
116.85	2.652240753185923	20.8472	3.47158	0.10608963012743691	1062.164000593793	nan	nan
117.06	2.6590607531859227	20.8303	3.478	0.1063624301274369	1061.3029462742666	nan	nan
117.26	2.665520753185923	20.8114	3.48441	0.10662083012743691	1060.339992035269	nan	nan
117.47	2.6714607531859227	20.78	3.48969	0.10685843012743691	1058.7401632995807	nan	nan
117.67	2.6780307531859227	20.769	3.4959	0.1071212301274369	1058.1797137424924	nan	nan
117.88	2.6850707531859226	20.7389	3.50246	0.1074028301274369	1056.64611995446	nan	nan
118.1	2.692220753185923	20.7137	3.50929	0.10768883012743691	1055.3621809691301	nan	nan
118.31	2.698870753185923	20.7002	3.5157	0.10795483012743691	1054.6743565127035	nan	nan
118.51	2.705110753185923	20.6797	3.52113	0.10820443012743691	1053.6298823381298	nan	nan
118.72	2.7121107531859225	20.6567	3.52766	0.1084844301274369	1052.4580332642179	nan	nan
118.91	2.718050753185923	20.6381	3.53348	0.10872203012743692	1051.5103640131415	nan	nan
119.13	2.7248607531859226	20.5985	3.53976	0.1089944301274369	1049.4927456076234	nan	nan
119.32	2.731210753185923	20.5871	3.54571	0.10924843012743692	1048.9119160666407	nan	nan
119.52	2.737300753185923	20.5703	3.5511	0.10949203012743691	1048.0559567430878	nan	nan
119.72	2.743400753185923	20.5497	3.55765	0.1097360301274369	1047.0063875725407	nan	nan
119.94	2.7496207531859227	20.5208	3.5631	0.10998483012743691	1045.5339337361904	nan	nan
120.13	2.755670753185923	20.4947	3.56877	0.1102268301274369	1044.204139787099	nan	nan
120.34	2.7626307531859227	20.4774	3.57576	0.1105052301274369	1043.3227054836782	nan	nan
120.54	2.7692107531859227	20.4624	3.5811	0.11076843012743691	1042.5584560876487	nan	nan
120.74	2.7754207531859225	20.4374	3.58768	0.1110168301274369	1041.2847070942662	nan	nan
120.95	2.7818907531859227	20.4273	3.59435	0.11127563012743691	1040.7701125009396	nan	nan
121.14	2.788340753185923	20.3974	3.60022	0.11153363012743692	1039.2467087048542	nan	nan
121.35	2.7946007531859225	20.3748	3.60592	0.1117840301274369	1038.0952396148361	nan	nan
121.55	2.800760753185923	20.3427	3.61104	0.11203043012743691	1036.459745907333	nan	nan
121.75	2.8071707531859227	20.3403	3.61728	0.11228683012743691	1036.3374660039683	nan	nan
121.96	2.8139507531859227	20.2981	3.62383	0.11255803012743691	1034.1873777031387	nan	nan
122.16	2.820410753185923	20.2813	3.63011	0.11281643012743692	1033.3314183795856	nan	nan
122.38	2.826660753185923	20.2517	3.63605	0.11306643012743692	1031.8232995714206	nan	nan
122.57	2.8332007531859227	20.2412	3.6415	0.1133280301274369	1031.2883249942	nan	nan
122.77	2.839540753185923	20.2242	3.64803	0.11358163012743691	1030.4221756786997	nan	nan
122.98	2.8469507531859226	20.1971	3.65453	0.1138780301274369	1029.041431769873	nan	nan
123.2	2.8539307531859226	20.156	3.661	0.1141572301274369	1026.947388424752	nan	nan
123.42	2.8601107531859227	20.1424	3.66691	0.11440443012743691	1026.2544689723518	nan	nan
123.61	2.8662707531859226	20.1201	3.67252	0.1146508301274369	1025.118284870255	nan	nan
123.82	2.8734507531859226	20.111	3.67973	0.1149380301274369	1024.6546402366635	nan	nan
124.02	2.879600753185923	20.0739	3.68591	0.11518403012743691	1022.7643967304837	nan	nan
124.22	2.8856107531859227	20.0412	3.69054	0.11542443012743692	1021.0983330471395	nan	nan
124.43	2.8917407531859225	20.0318	3.6972	0.1156696301274369	1020.6194034256275	nan	nan
124.62	2.8982207531859228	20.0178	3.70352	0.1159288301274369	1019.9061039893335	nan	nan
124.83	2.904800753185923	19.9973	3.70935	0.11619203012743691	1018.8616298147596	nan	nan
125.04	2.911870753185923	19.9579	3.7158	0.11647483012743692	1016.8542014011886	nan	nan
125.26	2.918290753185923	19.9403	3.72248	0.11673163012743691	1015.9574821098473	nan	nan
125.46	2.9252307531859225	19.9065	3.72874	0.1170092301274369	1014.2353734707941	nan	nan
125.67	2.9315407531859226	19.891	3.7347	0.1172616301274369	1013.445649094897	nan	nan
125.89	2.9386507531859225	19.8689	3.74118	0.1175460301274369	1012.3196549847469	nan	nan
126.08	2.9450407531859226	19.8438	3.74661	0.1178016301274369	1011.0408109953909	nan	nan
126.28	2.9514307531859227	19.8149	3.75282	0.11805723012743691	1009.5683571590406	nan	nan
126.49	2.9577007531859225	19.7867	3.75842	0.1183080301274369	1008.131568294505	nan	nan
126.7	2.9646807531859225	19.7626	3.76499	0.1185872301274369	1006.9036742648841	nan	nan
126.9	2.970840753185923	19.733	3.771	0.11883363012743692	1005.3955554567192	nan	nan
127.11	2.9771007531859226	19.7234	3.77695	0.1190840301274369	1004.9064358432604	nan	nan
127.31	2.983380753185923	19.7011	3.78265	0.11933523012743691	1003.7702517411631	nan	nan
127.52	2.9906607531859226	19.6766	3.78966	0.1196264301274369	1002.5219777276483	nan	nan
127.74	2.997820753185923	19.6465	3.79584	0.11991283012743692	1000.9883839396156	nan	nan
127.95	3.0039707531859228	19.6182	3.8013	0.12015883012743692	999.5465000791065	nan	nan
128.16	3.010970753185923	19.5861	3.80804	0.12043883012743692	997.9110063716032	nan	nan
128.39	3.0178507531859227	19.5678	3.81509	0.12071403012743691	996.9786221084472	nan	nan
128.59	3.024390753185923	19.5598	3.82104	0.12097563012743691	996.5710224305649	nan	nan
128.79	3.0312207531859228	19.5328	3.82709	0.12124883012743691	995.1953735177119	nan	nan
129.01	3.0383907531859227	19.4947	3.83334	0.1215356301274369	993.2541800517968	nan	nan
129.2	3.044780753185923	19.4625	3.83917	0.12179123012743691	991.61359134832	nan	nan
129.4	3.0510607531859226	19.4436	3.84474	0.1220424301274369	990.6506371093227	nan	nan
129.6	3.0580207531859225	19.4312	3.8513	0.1223208301274369	990.018857608605	nan	nan
129.8	3.0643507531859226	19.3975	3.85681	0.12257403012743691	988.3018439655253	nan	nan
130	3.0710807531859228	19.3724	3.86313	0.1228432301274369	987.0229999761691	nan	nan
130.22	3.0780207531859225	19.3489	3.86999	0.1231208301274369	985.8256759223897	nan	nan
130.44	3.0858407531859227	19.3289	3.87645	0.12343363012743691	984.8066767276837	nan	nan
130.65	3.0932707531859225	19.2743	3.88279	0.1237308301274369	982.0248089261361	nan	nan
130.85	3.0993407531859227	19.2449	3.88823	0.12397363012743691	980.5268801099182	nan	nan
131.06	3.1058907531859226	19.2343	3.8942	0.12423563012743691	979.986810536724	nan	nan
131.27	3.1125507531859227	19.2101	3.90047	0.12450203012743691	978.7538215111298	nan	nan
131.46	3.119350753185923	19.1797	3.90694	0.12477403012743692	977.2049427351766	nan	nan
131.66	3.125870753185923	19.1404	3.91264	0.1250348301274369	975.2026093175792	nan	nan
131.86	3.132160753185923	19.1184	3.91824	0.1252864301274369	974.0817102034025	nan	nan
132.06	3.138740753185923	19.116	3.92436	0.12554963012743692	973.9594303000378	nan	nan
132.28	3.1460407531859227	19.0752	3.93092	0.1258416301274369	971.8806719428372	nan	nan
132.47	3.152310753185923	19.0503	3.93692	0.12609243012743693	970.6120179454283	nan	nan
132.68	3.1590007531859228	19.0228	3.94278	0.1263600301274369	969.2108940527075	nan	nan
132.88	3.1657607531859226	19.0126	3.94971	0.1266304301274369	968.6912044634074	nan	nan
133.08	3.172500753185923	18.9582	3.95526	0.12690003012743692	965.9195266538071	nan	nan
133.28	3.1789207531859227	18.9338	3.96052	0.12715683012743692	964.6763476362659	nan	nan
133.49	3.1852107531859226	18.9138	3.96717	0.1274084301274369	963.6573484415596	nan	nan
133.69	3.1924707531859227	18.8835	3.97349	0.1276988301274369	962.11356466158	nan	nan
133.89	3.1993107531859226	18.8719	3.97939	0.1279724301274369	961.5225451286506	nan	nan
134.09	3.2062807531859225	18.8416	3.98564	0.1282512301274369	959.9787613486708	nan	nan
134.3	3.2130707531859226	18.8047	3.99151	0.1285228301274369	958.0987078344382	nan	nan
134.5	3.2195707531859226	18.7739	3.99805	0.1287828301274369	956.529449074591	nan	nan
134.7	3.2260407531859228	18.7458	4.00375	0.1290416301274369	955.0977552060289	nan	nan
134.9	3.2326807531859227	18.7217	4.00978	0.12930723012743692	953.8698611764079	nan	nan
135.11	3.2399907531859227	18.6869	4.016	0.12959963012743692	952.0968025776197	nan	nan
135.31	3.2464807531859226	18.6623	4.02232	0.12985923012743691	950.8434335681311	nan	nan
135.51	3.2527907531859226	18.6255	4.0277	0.1301116301274369	948.968475049872	nan	nan
135.73	3.258990753185923	18.6042	4.03336	0.1303596301274369	947.88324090751	nan	nan
135.92	3.2655507531859227	18.5811	4.03903	0.1306220301274369	946.7062968376244	nan	nan
136.12	3.2725107531859225	18.5574	4.0461	0.1309004301274369	945.498782791898	nan	nan
136.33	3.279940753185923	18.5266	4.05267	0.1311976301274369	943.9295240320505	nan	nan
136.53	3.2866007531859225	18.486	4.05836	0.1314640301274369	941.8609556667973	nan	nan
136.73	3.292970753185923	18.4506	4.06413	0.1317188301274369	940.0573270921677	nan	nan
136.93	3.2995607531859226	18.4353	4.06964	0.1319824301274369	939.2777927082177	nan	nan
137.13	3.306310753185923	18.4127	4.07554	0.13225243012743693	938.1263236181998	nan	nan
137.34	3.313300753185923	18.3837	4.08208	0.13253203012743692	936.648774785876	nan	nan
137.54	3.3200507531859227	18.3418	4.08862	0.1328020301274369	934.5139714729667	nan	nan
137.75	3.3273107531859227	18.314	4.09527	0.1330924301274369	933.0975625923253	nan	nan
137.96	3.3341307531859226	18.2832	4.10125	0.1333652301274369	931.5283038324781	nan	nan
138.16	3.3406407531859226	18.2627	4.10711	0.1336256301274369	930.4838296579042	nan	nan
138.35	3.3470807531859226	18.2281	4.11293	0.13388323012743691	928.720961051063	nan	nan
138.55	3.3539307531859226	18.2087	4.1189	0.1341572301274369	927.7325318321981	nan	nan
138.76	3.3604607531859227	18.171	4.12497	0.1344184301274369	925.8117183501771	nan	nan
138.96	3.3670807531859226	18.1403	4.131	0.1346832301274369	924.2475545863033	nan	nan
139.16	3.3736807531859228	18.1237	4.13741	0.13494723012743692	923.4017852546974	nan	nan
139.37	3.381160753185923	18.0709	4.14394	0.13524643012743692	920.7116273806735	nan	nan
139.57	3.387800753185923	18.0522	4.14995	0.13551203012743693	919.7588631336232	nan	nan
139.77	3.3942107531859227	18.0147	4.15594	0.13576843012743692	917.8482396435494	nan	nan
139.98	3.4007007531859226	17.9962	4.16207	0.13602803012743692	916.9056653884463	nan	nan
140.2	3.4081707531859227	17.9565	4.16831	0.1363268301274369	914.8829519869548	nan	nan
140.39	3.4146507531859225	17.9237	4.17372	0.1365860301274369	913.2117933076369	nan	nan
140.6	3.421210753185923	17.9032	4.17984	0.13684843012743692	912.1673191330631	nan	nan
140.8	3.4279607531859226	17.8666	4.18634	0.1371184301274369	910.3025506067511	nan	nan
141.01	3.4355307531859225	17.8366	4.19296	0.1374212301274369	908.7740518146921	nan	nan
141.22	3.442370753185923	17.8096	4.19931	0.1376948301274369	907.3984029018388	nan	nan
141.43	3.4501107531859225	17.7755	4.20579	0.1380044301274369	905.6610092748651	nan	nan
141.64	3.4567907531859228	17.7324	4.21162	0.1382716301274369	903.4650660102734	nan	nan
141.84	3.4631907531859225	17.7033	4.21708	0.1385276301274369	901.9824221819762	nan	nan
142.05	3.4704107531859227	17.671	4.22388	0.1388164301274369	900.336738482526	nan	nan
142.25	3.477210753185923	17.6472	4.2304	0.1390884301274369	899.1241294408259	nan	nan
142.45	3.483920753185923	17.5978	4.23605	0.1393568301274369	896.6072014299018	nan	nan
142.66	3.4909307531859226	17.5696	4.24248	0.1396372301274369	895.1704125653665	nan	nan
142.86	3.497200753185923	17.5426	4.24796	0.13988803012743692	893.7947636525131	nan	nan
143.08	3.5044707531859225	17.5135	4.25535	0.1401788301274369	892.3121198242159	nan	nan
143.26	3.5105107531859225	17.4797	4.26035	0.1404204301274369	890.5900111851627	nan	nan
143.48	3.517740753185923	17.4416	4.2669	0.14070963012743692	888.6488177192477	nan	nan
143.7	3.5249407531859225	17.3976	4.27315	0.1409976301274369	886.4070194908945	nan	nan
143.9	3.531640753185923	17.3799	4.27898	0.14126563012743693	885.5052052035794	nan	nan
144.11	3.5390707531859227	17.3432	4.28522	0.1415628301274369	883.635341681294	nan	nan
144.31	3.5458407531859226	17.3131	4.29195	0.1418336301274369	882.1017478932613	nan	nan
144.52	3.552580753185923	17.2675	4.29758	0.14210323012743692	879.7784297293315	nan	nan
144.73	3.559970753185923	17.2407	4.30424	0.14239883012743693	878.4129708084255	nan	nan
144.93	3.5669107531859225	17.2123	4.30966	0.14267643012743692	876.9659919519428	nan	nan
145.14	3.5736207531859225	17.1737	4.31629	0.1429448301274369	874.9993235061602	nan	nan
145.34	3.580300753185923	17.1341	4.32182	0.1432120301274369	872.9817051006421	nan	nan
145.54	3.5869307531859227	17.1038	4.32793	0.1434772301274369	871.4379213206626	nan	nan
145.75	3.594130753185923	17.0723	4.3343	0.14376523012743692	869.8329975890005	nan	nan
145.95	3.6011107531859228	17.0436	4.34044	0.14404443012743692	868.3707337445975	nan	nan
146.16	3.6077107531859225	16.9984	4.34609	0.1443084301274369	866.0677955645618	nan	nan
146.36	3.614130753185923	16.9584	4.35157	0.1445652301274369	864.0297971751497	nan	nan
146.56	3.6208307531859227	16.9307	4.3583	0.1448332301274369	862.6184832904818	nan	nan
146.76	3.6277907531859226	16.904	4.36443	0.1451116301274369	861.2581193655492	nan	nan
146.96	3.634540753185923	16.8694	4.3704	0.1453816301274369	859.4952507587076	nan	nan
147.16	3.6414107531859226	16.8349	4.37682	0.1456564301274369	857.7374771478399	nan	nan
147.37	3.648840753185923	16.7776	4.38318	0.14595363012743692	854.8180444550069	nan	nan
147.57	3.6552507531859226	16.7409	4.3885	0.1462100301274369	852.9481809327215	nan	nan
147.78	3.662410753185923	16.7205	4.39499	0.1464964301274369	851.9088017541212	nan	nan
147.98	3.6698307531859227	16.636	4.40125	0.14679323012743692	847.6035301564882	nan	nan
