Specimen name:	AWA_4_13_Rz
Specimen ID:	46NTBH
Material:	42CrMoS4
Specimen type:	Round Tensile Specimen
Gauge diameter:	5.005	mm
Gauge length:	25	mm
Parallel length:	30	mm
Original cross-section:	19.674243628060164	mm²
Cross-section after fracture:	13.070847759022167	mm²
Yield stress at 0.2% plastic strain:	1075.9075047747729	MPa
Yield stress at 1% plastic strain:	1143.675486620504	MPa
Ultimate tensile strength:	1195.7765922165522	MPa
Uniform elongation:	4.794188359048303	%
Elongation after fracture:	11.811540988099626	%
Reduction of area:	33.56365812010165	%
Slope of linear-elastic region:	208673.5486602951	MPa
Crosshead seperation speed:	0.029960657216012175	mm/s
Strain rate:	0.0009986885738670725	s-1
Test temperature:	RT	Cel
Machine type:	INSTRON 8852TT
Standard:	DIN EN ISO 6892-1
Date:	2022-09-13 00:00:00
Heat treatment batch:	Batch 4
Time	Displacement	Force	Machine Displacement	Engineering Strain	Engineering Stress	True Strain	True Stress
s	mm	kN	mm		MPa		MPa
0	0.000996456289763693	0.164678	0	3.985825159054772e-05	8.37023283401502	3.985745727158221e-05	8.37056645686119
0.24	0.001039121789763693	0.165845	-0.000564575	4.1564871590547725e-05	8.429548964386385	4.156400779523187e-05	8.429899337506656
0.450001	0.000983884589763693	0.162954	-0.000320435	3.935538359054772e-05	8.282605577151068	3.9354609187664976e-05	8.282931542270685
0.650001	0.000949361389763693	0.163265	-6.1035e-05	3.797445559054772e-05	8.298413046341723	3.797373457912053e-05	8.298728174059423
0.860001	0.001073905589763693	0.195569	0.0015564	4.2956223590547715e-05	9.94035672716139	4.2955300998476934e-05	9.940783727347533
1.07	0.001631879289763693	0.299214	0.00772858	6.527517159054772e-05	15.208411853416791	6.527304125929792e-05	15.209404585110144
1.28	0.002303716289763693	0.405075	0.0135574	9.214865159054773e-05	20.58910155114001	9.214440616438327e-05	20.59099880908541
1.48	0.0029988062897636928	0.529811	0.0202026	0.0001199522515905477	26.929167393472916	0.00011994505789437956	26.93239760773522
1.7	0.003674676289763693	0.656122	0.0269623	0.00014698705159054773	33.34928713926331	0.00014697625005221838	33.35418905265255
1.91	0.004421286289763693	0.776776	0.0329819	0.00017685145159054773	39.48187359498447	0.0001768358152160723	39.488856021641254
2.12	0.005230506289763692	0.925611	0.039917	0.0002092202515905477	47.046840402029886	0.00020919836808607102	47.05668355381535
2.34	0.005885986289763692	1.04294	0.0455475	0.0002354394515905477	53.01042417267411	0.0002354117400724795	53.02290491786991
2.54	0.006777406289763693	1.2017	0.0523376	0.00027109625159054773	61.07985764118978	0.0002710595116416863	61.096416161643994
2.73	0.0076207462897636925	1.32093	0.057457	0.0003048298515905477	67.1400652026103	0.0003047834004109918	67.1605314987218
2.95	0.008450476289763692	1.48762	0.0644608	0.0003380190515905477	75.61256372155009	0.00033796193602126236	75.63812220862758
3.16	0.009133516289763693	1.61649	0.0698624	0.00036534065159054776	82.16275200000571	0.0003652739309446026	82.19276939335785
3.36	0.010219826289763694	1.79329	0.0772705	0.00040879305159054777	91.1491203373298	0.0004087095184754652	91.1863814643823
3.57001	0.011073756289763695	1.93839	0.083168	0.00044295025159054777	98.52424503046173	0.00044285217808794015	98.56788636958574
3.77001	0.012097156289763693	2.09968	0.0894928	0.00048388625159054776	106.72227302326152	0.00048376921639129203	106.77391446391597
3.97001	0.012760556289763693	2.24414	0.0950851	0.0005104222515905477	114.06486787625832	0.0005102920304630891	114.1230891229471
4.18001	0.013785456289763694	2.41006	0.101486	0.0005514182515905478	122.49822893128555	0.0005512662764117058	122.56577669050577
4.39001	0.014666556289763693	2.57279	0.106979	0.0005866622515905477	130.76944906438933	0.0005864902325666893	130.84616656381672
4.59001	0.01592695628976369	2.73305	0.112785	0.0006370782515905477	138.9151243457217	0.0006368754033900934	139.00362415025936
4.80001	0.01693755628976369	2.92744	0.119644	0.0006775022515905476	148.79555500800913	0.0006772728505474242	148.89636433155374
5.00001	0.017920156289763692	3.10772	0.126366	0.0007168062515905477	157.95880435106793	0.0007165494686911121	158.07203020952053
5.20001	0.018858156289763693	3.26246	0.131615	0.0007543262515905477	165.82390976123494	0.0007540418905353214	165.94899508950922
5.40001	0.02008015628976369	3.45084	0.137741	0.0008032062515905477	175.39886489350363	0.0008028838540722034	175.53974635830798
5.60001	0.02106515628976369	3.62653	0.143341	0.0008426062515905476	184.3288142893434	0.0008422514582296323	184.48413090061186
5.81001	0.02214415628976369	3.81034	0.149277	0.0008857662515905476	193.6714860318974	0.0008853741921626778	193.84303369811985
6.01001	0.023195956289763692	3.978	0.155106	0.0009278382515905477	202.1932875897919	0.0009274080757484312	202.38089025623256
6.21001	0.024327556289763692	4.17221	0.161034	0.0009731022515905477	212.0645692345414	0.0009726290945232085	212.27092974434615
6.41001	0.025658756289763694	4.36688	0.167381	0.0010263502515905477	221.95923170188803	0.0010258239142779575	222.18703961518813
6.62001	0.02673825628976369	4.57134	0.173447	0.0010695302515905476	232.3514990675514	0.0010689587115943321	232.6000060248066
6.82001	0.028010456289763692	4.7618	0.180038	0.0011204182515905476	242.03217618025923	0.0011197910515018032	242.30335344792374
7.02001	0.028941956289763694	4.94345	0.185509	0.0011576782515905477	251.2650597123572	0.0011570086588555584	251.5559438073708
7.23001	0.03023295628976369	5.13689	0.191582	0.0012093182515905477	261.09720389319415	0.001208587615262411	261.4129535073015
7.43001	0.03135965628976369	5.32558	0.197647	0.0012543862515905476	270.68791566677834	0.001253600166457407	271.02746286666246
7.64001	0.032528856289763694	5.53185	0.203804	0.0013011542515905478	281.1721814865738	0.001300308483967324	281.53802986594405
7.84001	0.03373745628976369	5.73639	0.210037	0.0013494982515905476	291.568515082254	0.001348588497207607	291.9619862835763
8.05001	0.03488975628976369	5.91665	0.215881	0.0013955902515905478	300.73074786780853	0.0013946173206188174	301.15044476788637
8.26001	0.03630655628976369	6.13905	0.223358	0.0014522622515905476	312.0348673147592	0.0014512087386281483	312.48802377374045
8.46001	0.03757415628976369	6.33876	0.229637	0.0015029662515905476	322.18570227316974	0.0015018379282270603	322.66993651043134
8.67001	0.03868875628976369	6.53241	0.235054	0.0015475502515905476	332.02852030780105	0.001546354029683196	332.5423511279386
8.86001	0.03993265628976369	6.72731	0.240868	0.0015973062515905476	341.9348731864462	0.0015960319147835405	342.48104789702376
9.07001	0.04111495628976369	6.9392	0.247276	0.0016445982515905478	352.7047916649281	0.001643247380776281	353.28484934862786
9.28001	0.04247535628976369	7.14254	0.253258	0.0016990142515905477	363.04013181035504	0.001697572559616062	363.6569421682001
9.49001	0.04369805628976369	7.3364	0.259407	0.0017479222515905477	372.8936236987807	0.0017463964132642198	373.54541276112
9.70001	0.044851156289763695	7.54591	0.265732	0.0017940462515905478	383.5425718342601	0.001792438872801659	384.2306649475848
9.90001	0.04614495628976369	7.76347	0.272148	0.0018457982515905477	394.600684365189	0.0018440968592939274	395.32903761846666
10.1	0.047323056289763694	7.95356	0.277672	0.0018929222515905479	404.2625551640688	0.0018911329319381994	405.02779275022374
10.3	0.048439556289763694	8.15116	0.283699	0.0019375822515905479	414.3061433057839	0.0019357075602882015	415.1088955357781
10.5	0.04976835628976369	8.34102	0.289543	0.0019907342515905475	423.9563236933651	0.0019887553660153192	424.80030806811993
10.71	0.050911056289763695	8.54148	0.295456	0.0020364422515905477	434.145279558184	0.002034371513883847	435.0293913488049
10.91	0.05214665628976369	8.74526	0.301758	0.0020858662515905475	444.5029839687038	0.002083693852944977	445.43015774169544
11.12	0.05363145628976369	8.96902	0.309555	0.0021452582515905476	455.8762293259416	0.0021429604707430155	456.8542015686071
11.31	0.054711556289763694	9.14765	0.314507	0.002188462251590548	464.95561267490194	0.0021860710561358155	465.97315048190615
11.52	0.055805156289763694	9.34189	0.320915	0.002232206251590548	474.8284191559078	0.0022297185805244526	475.88833412158044
11.72	0.05717575628976369	9.53984	0.327332	0.0022870302515905477	484.88979705394684	0.0022844189785204503	485.9987546884968
11.92	0.058120756289763695	9.7332	0.33345	0.002324830251590548	494.71787500476694	0.002322132014893566	495.8680100865806
12.13	0.05955685628976369	9.93509	0.338928	0.0023822742515905476	504.9795147311377	0.0023794411349009315	506.18251442666246
12.34	0.06087845628976369	10.1481	0.345406	0.0024351382515905478	515.806360429856	0.002432178107038636	517.0624202285525
12.55	0.06197165628976369	10.3335	0.351387	0.0024788662515905476	525.2298484939956	0.002475798930583757	526.5318230397554
12.75	0.0630709562897637	10.5366	0.357979	0.0025228382515905478	535.552989949372	0.002519661237441999	536.9041035181699
12.96	0.06430235628976369	10.7381	0.364113	0.0025720942515905475	545.7948068044103	0.00256879207829298	547.1986424895399
13.15	0.06558035628976369	10.9504	0.369843	0.0026232142515905475	556.5855647117288	0.002619779630272836	558.0456078973102
13.37	0.06703475628976369	11.1667	0.376335	0.0026813902515905475	567.5796341198918	0.0026778017381218883	569.1015366178223
13.58	0.06828825628976369	11.3693	0.382561	0.0027315302515905477	577.8773616376625	0.002727806402495735	579.455851132685
13.78	0.0694530562897637	11.561	0.388702	0.002778122251590548	587.6210653156321	0.0027742704022579415	589.2535484726889
13.99	0.07058725628976369	11.7618	0.394951	0.0028234902515905476	597.8273026580227	0.0028195116901835065	599.5152622192123
14.18	0.07185275628976369	11.9515	0.400658	0.0028741102515905475	607.4693505855702	0.00286998789357345	609.2152844736153
14.4	0.0730783562897637	12.1743	0.407639	0.002923134251590548	618.7938011826053	0.0029188702022355678	620.6026185375141
14.61	0.07428415628976369	12.3657	0.41333	0.0029713662515905475	628.5222564980115	0.002966960468196337	630.3898263193432
14.81	0.07556895628976369	12.5524	0.419266	0.003022758251590548	638.0118207999255	0.0030181989034275577	639.9403762958608
15.01	0.07657835628976369	12.7622	0.425644	0.0030631342515905473	648.6755090192163	0.0030584524141634667	650.662489189061
15.21	0.0779372562897637	12.945	0.430794	0.003117490251590548	657.966844607807	0.0031126409546660787	660.0180498317417
15.43	0.0791866562897637	13.1513	0.437737	0.0031674662515905477	668.452635263859	0.0031624603981588507	670.569936426844
15.64	0.08049095628976369	13.3916	0.445465	0.0032196382515905474	680.6665736770884	0.003214466314559155	682.8580738142782
15.84	0.0816495562897637	13.578	0.450798	0.003265982251590548	690.140889616439	0.003260660515538926	692.3948775130233
16.04	0.08303525628976369	13.7921	0.457878	0.0033214102515905473	701.0231376991376	0.003315906551890203	703.3515231352937
16.25	0.08421735628976369	13.977	0.463661	0.0033686942515905476	710.4212118256717	0.003363032911762623	712.8144036781567
16.46	0.08547795628976369	14.1848	0.469749	0.0034191182515905475	720.98324429454	0.0034132863562937807	723.4483712641984
16.67	0.0866001562897637	14.3759	0.475616	0.003464006251590548	730.696451247383	0.0034580204013005197	733.227588322519
16.88	0.0880734562897637	14.6008	0.482277	0.0035229382515905476	742.1276403823614	0.0035167472407334308	744.742110234227
17.09	0.08916775628976369	14.7927	0.48819	0.0035667102515905473	751.8815096353733	0.003560364624779776	754.5632531237712
17.3	0.09065225628976369	15.0035	0.494957	0.0036260902515905472	762.5960257298751	0.0036195318358243547	765.361267744676
17.51	0.09177355628976369	15.2	0.500778	0.003670942251590548	772.583703208858	0.003664220787465529	775.4198133678577
17.72	0.09307805628976369	15.4253	0.507462	0.0037231222515905476	784.0352234939209	0.003716208586906018	786.9542824805418
17.93	0.0943792562897637	15.6188	0.513725	0.003775170251590548	793.8704173472705	0.003768062180212619	796.8674133304577
18.13	0.0955221562897637	15.8225	0.519508	0.0038208862515905478	804.2240555277734	0.0038136052065199716	807.2969041647378
18.33	0.09665375628976369	16.0128	0.52552	0.0038661502515905475	813.8966001804474	0.0038586958996258674	817.0432467260039
18.54	0.0980597562897637	16.2285	0.532158	0.003922390251590548	824.8601728634837	0.003914717735471732	828.0955963644487
18.74	0.0991928562897637	16.4139	0.538017	0.003967714251590548	834.2836609276234	0.003959863632556499	837.5938600989551
18.95	0.10054695628976369	16.605	0.543587	0.0040218782515905474	843.9968678804663	0.00401381211935681	847.3913205278053
19.16	0.10172345628976369	16.826	0.550537	0.004068938251590547	855.2298283021214	0.0040606825095023625	858.7097056644012
19.38	0.10300245628976369	17.0103	0.556877	0.004120098251590548	864.5974057035287	0.0041116338881634976	868.1596319630975
19.58	0.10430245628976369	17.2235	0.563156	0.004172098251590548	875.4339086985373	0.004163419181261886	879.0863049784015
19.79	0.10558345628976369	17.422	0.56926	0.004223338251590548	885.5232419279424	0.004214444989307388	889.2631061082492
19.99	0.10668745628976369	17.605	0.574623	0.004267498251590548	894.8247430915753	0.004258418304200722	898.6434061181985
20.21	0.10816545628976369	17.8176	0.581902	0.004326618251590548	905.6307493614571	0.004317285349096966	909.5490678908461
20.41	0.1095544562897637	18.0194	0.588577	0.0043821782515905475	915.8878145790591	0.004372604467637924	919.9013982410041
20.62	0.1108864562897637	18.2146	0.594818	0.004435458251590548	925.8094158202675	0.004425650596907672	929.9158048330678
20.81	0.1120284562897637	18.3704	0.600052	0.004481138251590548	933.7283987781583	0.004471127845776364	937.9125648225195
21.02	0.11374245628976369	18.5778	0.606346	0.0045496982515905475	944.2701000969422	0.004539379660313796	948.5662441203824
21.22	0.11525245628976369	18.7546	0.61277	0.004610098251590548	953.2564684342663	0.004599504295620057	957.6510744127125
21.43	0.11671245628976369	18.921	0.618629	0.004668498251590548	961.7142268693949	0.004657634611762362	966.2039880560644
21.63	0.1185484562897637	19.0996	0.624451	0.004741938251590548	970.7920853820989	0.00473073067884608	975.3955215061136
21.84	0.1203534562897637	19.2689	0.630882	0.004814138251590548	979.3972446553396	0.004802587344977704	984.1121983943372
22.06	0.12277345628976369	19.4389	0.637848	0.004910938251590547	988.0379834412283	0.004898918929040339	992.8901769681344
22.27	0.1248204562897637	19.579	0.643906	0.0049928182515905474	995.1589687583047	0.004980395467188344	1000.1276166207552
22.47	0.12715145628976368	19.7172	0.649399	0.005086058251590547	1002.1833811124798	0.005073167946076409	1007.2805441675938
22.67	0.12954145628976368	19.8407	0.655434	0.0051816582515905475	1008.4606237010518	0.005168279656110956	1013.6861220132564
22.88	0.13245145628976368	19.982	0.661232	0.0052980582515905475	1015.6426024683816	0.005284072915972865	1021.023536139056
23.08	0.13500245628976368	20.0883	0.667229	0.005400098251590547	1021.0456056033225	0.0053855700002145715	1026.5593521929352
23.28	0.1379844562897637	20.2094	0.673576	0.005519378251590548	1027.2008612913878	0.005504202299054667	1032.8703713852146
23.49	0.1410104562897637	20.3111	0.67955	0.005640418251590547	1032.3700562003576	0.005624570656016268	1038.1930551077457
23.69	0.14402845628976368	20.4126	0.685593	0.005761138251590548	1037.5290855342853	0.005744606359234858	1043.5064340360946
23.9	0.1474894562897637	20.513	0.692169	0.005899578251590548	1042.6322042054805	0.005882243883378751	1048.783294481819
24.1	0.1507864562897637	20.608	0.698418	0.006031458251590548	1047.460852350536	0.006013341816455203	1053.7785687516637
24.31	0.1540674562897637	20.6919	0.704262	0.006162698251590548	1051.725311080748	0.006143786485287901	1058.2067768164989
24.52	0.1577774562897637	20.7814	0.710602	0.006311098251590548	1056.2744059121424	0.006291266666671513	1062.9406574684945
24.73	0.16123445628976368	20.8541	0.716896	0.006449378251590547	1059.9695924399898	0.006428670000880302	1066.8057372768196
24.94	0.16514545628976368	20.9327	0.723396	0.006605818251590547	1063.9646634315832	0.006584095446329079	1070.9930206243268
25.14	0.1686904562897637	21.005	0.729103	0.006747618251590548	1067.6395188093463	0.006724954967229623	1074.8435427125837
25.35	0.1723804562897637	21.0765	0.735176	0.006895218251590548	1071.2737118869404	0.006871554947711232	1078.6603779375923
25.56	0.1763374562897637	21.1389	0.741402	0.007053498251590548	1074.4453713001137	0.007028738692291263	1082.0239698480086
25.76	0.1801184562897637	21.1983	0.74704	0.0072047382515905475	1077.4645470876535	0.007178908116988922	1085.2273971247885
25.96	0.18393245628976368	21.2696	0.753326	0.007357298251590547	1081.0885745902058	0.0073303653543709225	1089.0424656698528
26.17	0.1880004562897637	21.3232	0.759087	0.007520018251590548	1083.8129487015212	0.007491883873658457	1091.963241857067
26.38	0.19228645628976368	21.3758	0.766029	0.007691458251590547	1086.4864949376256	0.007662029788776993	1094.8431604543553
26.59	0.19642445628976368	21.4414	0.772308	0.007856978251590548	1089.8208035514742	0.007826272927145	1098.383501903109
26.79	0.2002364562897637	21.4732	0.777763	0.008009458251590548	1091.4371299831873	0.00797755279125685	1100.1789501100236
26.99	0.20449945628976368	21.5284	0.783661	0.008179978251590548	1094.2428286948407	0.008146703563817461	1103.1937112355233
27.19	0.2085744562897637	21.5724	0.789093	0.008342978251590548	1096.4792552041295	0.008308367977137679	1105.6271577836176
27.4	0.21285745628976369	21.6257	0.795639	0.008514298251590547	1099.1883809528815	0.008478256052419893	1108.547198662997
27.62	0.2171674562897637	21.6631	0.801842	0.008686698251590548	1101.0893434857771	0.008649185970379164	1110.65417436068
27.82	0.2219984562897637	21.7108	0.808998	0.008879938251590547	1103.513833133347	0.008840743460570224	1113.312967831347
28.02	0.2259074562897637	21.743	0.815048	0.009036298251590547	1105.1504907151448	0.00899571520566502	1115.1369601621384
28.23	0.2302594562897637	21.7905	0.820633	0.009210378251590547	1107.5648147876725	0.009168221373972833	1117.76590567002
28.43	0.2345924562897637	21.8232	0.827072	0.009383698251590548	1109.2268863070758	0.009339944854630194	1119.6355367007327
28.64	0.23893945628976368	21.8615	0.833214	0.009557578251590548	1111.1735939276612	0.009512193549977347	1121.793722502726
28.83	0.2433394562897637	21.8891	0.83902	0.009733578251590548	1112.5764432834876	0.00968651214675703	1123.4057931550637
29.03	0.24776745628976368	21.9171	0.844719	0.009910698251590548	1113.9996237893988	0.00986190937142154	1125.040137913161
29.24	0.2523714562897637	21.9586	0.851189	0.010094858251590549	1116.10898061066	0.010044245504029907	1127.3759425632518
29.46	0.2568674562897637	21.9885	0.857506	0.010274698251590548	1117.628734079472	0.010222272340651	1129.1120320794455
29.64	0.2613384562897637	22.0119	0.863556	0.010453538251590549	1118.818106359412	0.010399277835240838	1130.5137142308122
29.85	0.2658674562897637	22.0392	0.868919	0.010634698251590548	1120.2057073526753	0.010578547594188852	1132.1187570300806
30.05	0.27053545628976366	22.0768	0.874962	0.010821418251590546	1122.116835460613	0.010763285713415397	1134.2597310642834
30.26	0.2753884562897637	22.093	0.881104	0.011015538251590549	1122.940247039033	0.010955309110724747	1135.310038284542
30.45	0.2795474562897637	22.1149	0.886665	0.011181898251590548	1124.053377506156	0.011119842995865947	1136.6224280027866
30.67	0.2847054562897637	22.1368	0.892593	0.011388218251590547	1125.1665079732795	0.011323860645520862	1137.9801497354592
30.88	0.2898624562897637	22.1729	0.899529	0.011594498251590549	1127.0013942684004	0.011527797138929468	1140.0684099637854
31.09	0.2940544562897637	22.1846	0.905029	0.011762178251590547	1127.5960804083704	0.011693541520363756	1140.8590665019285
31.29	0.2988484562897637	22.2026	0.911331	0.011953938251590548	1128.5109821621704	0.01188305426773975	1142.0011327591787
31.48	0.3031894562897637	22.2185	0.917267	0.012127578251590547	1129.319145378027	0.012054628385689338	1143.0150516846186
31.7	0.3080644562897637	22.2482	0.923195	0.012322578251590548	1130.828733271797	0.012247273287295449	1144.7634588266858
31.89	0.3126904562897637	22.2662	0.929245	0.012507618251590549	1131.743635025597	0.012430044169352372	1145.8990523711648
32.09	0.3172454562897637	22.2754	0.934898	0.012689818251590547	1132.2112514775392	0.012609977243735668	1146.5788064811952
32.29	0.3221234562897637	22.3021	0.940895	0.012884938251590547	1133.5683557456757	0.012802633673696554	1148.1743140134158
32.5	0.3269194562897637	22.3129	0.947281	0.013076778251590548	1134.1172967979558	0.012992015337733661	1148.947897199476
32.71	0.3318684562897637	22.3379	0.95295	0.013274738251590548	1135.3879936782337	0.013187400984318145	1150.4599721083107
32.9	0.3366644562897637	22.3545	0.959152	0.013466578251590549	1136.231736406738	0.013376709801393992	1151.532889997
33.11	0.3415444562897637	22.3822	0.965164	0.013661778251590548	1137.6396685500856	0.013569297508015703	1153.18184943203
33.31	0.3463004562897637	22.3856	0.971008	0.013852018251590548	1137.8124833258034	0.013756955911017622	1153.57348261172
33.51	0.3509104562897637	22.4028	0.976372	0.014036418251590547	1138.6867227794344	0.01393881995954133	1154.6698058778995
33.71	0.3558304562897637	22.4118	0.982262	0.014233218251590548	1139.1441736563345	0.014132876999173172	1155.357861300013
33.92	0.3610304562897637	22.4278	0.988815	0.01444121825159055	1139.9574196597123	0.01433793700977534	1156.419793554538
34.12	0.3657734562897637	22.4484	0.994263	0.014630938251590548	1141.004473889061	0.014524938738565396	1157.6984398913205
34.33	0.3703794562897637	22.4742	1.00095	0.014815178251590549	1142.3158330695078	0.014706505520760782	1159.2394457560467
34.54	0.37563645628976366	22.4781	1.00744	0.015025458251590547	1142.514061782831	0.014913694200473466	1159.680859120004
34.74	0.3809034562897637	22.5083	1.01366	0.015236138251590547	1144.0490636142065	0.015121233959014145	1161.4799533140354
34.95	0.3857124562897637	22.4992	1.01948	0.015428498251590548	1143.5865299497852	0.015310689171970055	1161.230352727658
35.16	0.3908374562897637	22.5148	1.02576	0.015633498251590546	1144.3794448030787	0.015512554010216123	1162.2700988525637
35.36	0.3953354562897637	22.5307	1.03177	0.015813418251590546	1145.1876080189354	0.01568968883860756	1163.2969386410773
35.58	0.40078645628976367	22.5503	1.03901	0.016031458251590545	1146.183834373073	0.015904311523004845	1164.558832662473
35.7701	0.4053834562897637	22.5551	1.04415	0.016215338251590546	1146.4278081740863	0.01608527379669938	1165.0175228646588
35.9801	0.4107294562897637	22.5759	1.05105	0.01642917825159055	1147.4850279784775	0.016295679501241164	1166.3372640441673
36.2001	0.41596545628976367	22.5856	1.05783	0.016638618251590548	1147.9780583680251	0.01650171296564507	1167.0788270424127
36.4001	0.4210504562897637	22.6052	1.06342	0.016842018251590547	1148.974284722163	0.016701764047545788	1168.3253305960618
36.6101	0.4262214562897637	22.6048	1.07018	0.017048858251590547	1148.9539535720785	0.016905157457785012	1168.5423066641335
36.8101	0.4301684562897637	22.6112	1.07475	0.017206738251590546	1149.2792519734296	0.01706037885728695	1169.0545992401203
37.0201	0.43547645628976367	22.6305	1.08163	0.017419058251590548	1150.260229965004	0.01726908554048691	1170.2966799152523
37.2201	0.4404644562897637	22.6428	1.08798	0.01761857825159055	1150.885412830101	0.017465170366693986	1171.162377534662
37.4201	0.4451894562897637	22.662	1.09418	0.017807578251590548	1151.861308034154	0.017650880862689462	1172.3731684119516
37.6201	0.4506524562897637	22.6798	1.10063	0.018026098251590548	1152.7660442129118	0.017865554589095778	1173.545918186991
37.8301	0.4553304562897637	22.674	1.1059	0.018213218251590547	1152.4712425366872	0.018049344381395986	1173.4614528056898
38.0301	0.4603414562897637	22.6939	1.11225	0.018413658251590546	1153.4827172533883	0.018246179651478716	1174.7225538080083
38.2401	0.4656134562897637	22.693	1.11861	0.018624538251590547	1153.4369721656983	0.01845322535255134	1174.9192031745972
38.4401	0.4702104562897637	22.6993	1.12402	0.018808418251590547	1153.7571877795283	0.018633726997930495	1175.4575355280647
38.6401	0.4752314562897637	22.7237	1.13093	0.019009258251590548	1154.9973879346794	0.018830839824034638	1176.9530315618424
38.8401	0.4802034562897637	22.727	1.13675	0.019208138251590547	1155.165119922876	0.019025990744610904	1177.3536912497698
39.0401	0.4850194562897637	22.7356	1.14291	0.019400778251590547	1155.6022396496917	0.019214982364351194	1178.0218224481769
39.2601	0.49043045628976367	22.7477	1.14932	0.019617218251590546	1156.2172569397458	0.01942728063850482	1178.899023215388
39.4801	0.4956604562897637	22.7607	1.15565	0.01982641825159055	1156.8780193174905	0.019632434629514302	1179.8147667945507
39.6801	0.5005924562897637	22.7588	1.16173	0.020023698251590547	1156.7814463545892	0.01982586060627491	1179.9444889794318
39.9001	0.5061624562897638	22.7822	1.16899	0.02024649825159055	1157.9708186345292	0.02004426305244863	1181.4156727894062
40.1001	0.5106294562897638	22.7842	1.17475	0.02042517825159055	1158.0724743849514	0.02021938186505711	1181.7263111025245
40.3101	0.5156944562897637	22.8018	1.18073	0.02062777825159055	1158.9670449886669	0.02041790684699825	1182.8739601935943
40.5101	0.5201364562897638	22.803	1.18637	0.020805458251590553	1159.0280384389202	0.020591980627391086	1183.1421479050841
40.7201	0.5258594562897637	22.8291	1.19386	0.02103437825159055	1160.3546459819304	0.020816209772955264	1184.7619845115046
40.9201	0.5309594562897637	22.8213	1.19942	0.02123837825159055	1159.9581885552836	0.02101598720232065	1184.5938193198506
41.1201	0.5359084562897638	22.8445	1.2056	0.021436338251590553	1161.1373952601814	0.021209811504369652	1186.0279292215494
41.3201	0.5405634562897638	22.8354	1.21068	0.02162253825159055	1160.6748615957604	0.021392087211308024	1185.7715981882743
41.5201	0.5454774562897637	22.865	1.21715	0.02181909825159055	1162.179366702009	0.021584468532207784	1187.5370724900513
41.7401	0.5509554562897637	22.8484	1.22311	0.02203821825159055	1161.3356239735049	0.021798886631818108	1186.9293919179802
41.9601	0.5565644562897637	22.8673	1.23007	0.02226257825159055	1162.2962708149946	0.022018384663893036	1188.1719824955453
42.1601	0.5615434562897638	22.8837	1.23586	0.02246173825159055	1163.129847968457	0.022213188431836083	1189.2557661661367
42.3701	0.5662694562897638	22.888	1.24181	0.02265077825159055	1163.3484078318645	0.022398058456358352	1189.6991546470051
42.5701	0.5709634562897637	22.8865	1.24744	0.02283853825159055	1163.272166019048	0.022581642891644778	1189.8396018796846
42.7701	0.5759764562897638	22.9118	1.25336	0.02303905825159055	1164.558111261889	0.022777666349729213	1191.3884334246138
42.9901	0.5815154562897638	22.9178	1.26068	0.02326061825159055	1164.8630785131556	0.02299421332318579	1191.9585138978227
43.2001	0.5869204562897637	22.9309	1.26709	0.02347681825159055	1165.5289236784213	0.02320547637720349	1192.8918343865914
43.4001	0.5915624562897638	22.9204	1.27299	0.02366249825159055	1164.9952309887046	0.02338688073890206	1192.5619286050862
43.6001	0.5964804562897638	22.9454	1.27923	0.023859218251590552	1166.265927868982	0.023579034989594367	1194.092121181402
43.8001	0.6011724562897638	22.9388	1.28503	0.02404689825159055	1165.930463892589	0.023762324642389285	1193.9674751262437
44.0201	0.6067354562897638	22.9556	1.29175	0.02426941825159055	1166.7843721961358	0.023979595772910145	1195.1015501343834
44.2201	0.6116374562897637	22.9541	1.29745	0.02446549825159055	1166.708130383319	0.024171011459751087	1195.2522261073286
44.4301	0.6163904562897637	22.9606	1.30341	0.02465561825159055	1167.038511572191	0.02435657394213849	1195.8125675984193
44.6301	0.6216884562897638	22.9843	1.31007	0.024867538251590552	1168.2431322146945	0.02456337326527174	1197.2944629922015
44.8301	0.6263204562897637	22.9709	1.31532	0.025052818251590548	1167.5620386868657	0.024744141264298344	1196.8127582395443
45.0301	0.6311314562897637	22.9878	1.32133	0.02524525825159055	1168.4210297779332	0.0249318603113681	1197.9181204212664
45.2401	0.6364284562897637	23.0048	1.32798	0.02545713825159055	1169.285103656522	0.025138501705180474	1199.0517561958316
45.4401	0.6412414562897637	23.0132	1.33372	0.02564965825159055	1169.7120578082954	0.02532622474416969	1199.714772343843
45.6401	0.6462344562897637	23.0183	1.33967	0.02584937825159055	1169.971279971872	0.025520931148683812	1200.2143101313625
45.8601	0.6519034562897638	23.0274	1.34595	0.02607613825159055	1170.4338136362933	0.025741952817452427	1200.9542075750096
46.0701	0.6568394562897637	23.0282	1.35201	0.02627357825159055	1170.4744759364619	0.025934356674379388	1201.227028671468
46.2701	0.6616684562897638	23.0334	1.35847	0.02646673825159055	1170.7387808875599	0.026122553884730074	1201.7244177622972
46.4701	0.6667854562897637	23.0463	1.36469	0.02667141825159055	1171.3944604777832	0.026321936473797162	1202.6372120707824
46.6701	0.6716884562897637	23.0488	1.37041	0.026867538251590547	1171.5215301658109	0.02651294332075783	1202.9974296901028
46.8801	0.6772684562897637	23.0668	1.37717	0.02709073825159055	1172.4364319196109	0.0267302797714851	1204.198600413374
47.0801	0.6822374562897637	23.0548	1.38278	0.02728949825159055	1171.8264974170775	0.02692377851829785	1203.8050545695082
47.2801	0.6866434562897638	23.0652	1.38864	0.02746573825159055	1172.3551073192732	0.027095322064995087	1204.5547058348197
47.4801	0.6915664562897638	23.0689	1.39478	0.02766265825159055	1172.5431704575542	0.027286959727087407	1204.9788314671582
47.7001	0.6969584562897637	23.0811	1.4017	0.02787833825159055	1173.1632705351296	0.027496812025006406	1205.8691130154502
47.9201	0.7023534562897638	23.0882	1.40856	0.02809413825159055	1173.5241484491287	0.02770673701501348	1206.4932981172385
48.1201	0.7072004562897638	23.102	1.41444	0.028288018251590552	1174.225573127042	0.027895301188225575	1207.4420875711442
48.3401	0.7128814562897637	23.1127	1.42165	0.02851525825159055	1174.769431391801	0.02811626544233839	1208.2682851140123
48.5401	0.7175244562897638	23.1131	1.42699	0.028700978251590552	1174.7897625418852	0.028296820113460533	1208.5073779667912
48.7601	0.7227144562897637	23.1167	1.4336	0.028908578251590548	1174.9727428926453	0.028498607668391223	1208.9395343740434
48.9701	0.7279114562897637	23.1302	1.43973	0.02911645825159055	1175.658919207995	0.028700626591407104	1209.8899430472247
49.1701	0.7326914562897637	23.1278	1.44586	0.02930765825159055	1175.5369323074885	0.028886399774899183	1209.9891669816795
49.3701	0.7378004562897638	23.1421	1.4519	0.02951201825159055	1176.2637709230073	0.029084921289923914	1210.9776887991718
49.5701	0.7426714562897637	23.1486	1.45783	0.02970685825159055	1176.5941521118796	0.029274158095010255	1211.5470678083175
49.7801	0.7484854562897637	23.164	1.46497	0.02993941825159055	1177.3769013901308	0.029499983280277812	1212.6268808806117
49.9801	0.7531494562897637	23.156	1.47066	0.030125978251590548	1176.9702783884418	0.029681103744537463	1212.4276593979405
50.1801	0.7580684562897637	23.1685	1.47653	0.03032273825159055	1177.6056268285806	0.029872091269751794	1213.313854014504
50.3901	0.7629044562897638	23.1753	1.4823	0.030516178251590552	1177.9512563800163	0.030059820644443954	1213.8978268913938
50.5901	0.7679744562897638	23.1825	1.48864	0.03071897825159055	1178.3172170815362	0.03025659586440331	1214.5139180465387
50.7901	0.7727434562897637	23.1808	1.49462	0.03090973825159055	1178.2308096936774	0.030441653434679996	1214.6496156212686
50.9901	0.7776524562897638	23.1929	1.50057	0.03110609825159055	1178.8458269837317	0.030632107840623292	1215.5151211013651
51.2101	0.7832294562897637	23.2049	1.5078	0.031329178251590546	1179.455761486265	0.030848434630037242	1216.4071412777337
51.4201	0.7884904562897638	23.1915	1.51366	0.03153961825159055	1178.774667958436	0.031052461178974092	1215.9527709904905
51.6201	0.7935954562897638	23.2106	1.5201	0.031743818251590554	1179.7454803749683	0.03125039811488316	1217.1951064871266
51.8201	0.7981564562897637	23.2082	1.52583	0.031926258251590546	1179.6234934744618	0.031427209323760426	1217.2844577667709
52.0301	0.8030024562897637	23.207	1.53141	0.03212009825159055	1179.5625000242085	0.03161503456320744	1217.4501634188778
52.2301	0.8080324562897637	23.2132	1.53821	0.03232129825159055	1179.8776328505173	0.03180995411963354	1218.0128097222596
52.4301	0.8129714562897637	23.2133	1.54428	0.03251885825159055	1179.8827156380385	0.032001310336704926	1218.2511544213735
52.6301	0.8177714562897638	23.2346	1.55029	0.03271085825159055	1180.965349380035	0.03218724606968307	1219.5957395236453
52.8301	0.8229804562897638	23.2427	1.55621	0.032919218251590554	1181.377055169245	0.03238898596791248	1220.2670642857827
53.0501	0.8284604562897637	23.2471	1.56296	0.03313841825159055	1181.6006978201738	0.032601177532126095	1220.75707595091
53.2701	0.8341424562897638	23.2521	1.57001	0.03336569825159055	1181.8548371962293	0.03282114322113818	1221.2882490713014
53.4801	0.8394494562897638	23.2534	1.57574	0.03357797825159055	1181.9209134340038	0.03302654794808792	1221.6074281603908
53.6801	0.8444754562897637	23.2577	1.5816	0.03377901825159055	1182.1394732974118	0.033221037821848126	1222.0709841418507
53.8801	0.8495404562897637	23.2676	1.58816	0.033981618251590545	1182.6426692620018	0.03341699860867412	1222.8307809769053
54.0801	0.8545774562897638	23.2654	1.59431	0.03418309825159055	1182.5308479365372	0.03361183802260428	1222.9534160970884
54.2901	0.8593724562897638	23.274	1.60028	0.03437489825159055	1182.9679676633527	0.03379728121624348	1223.6323711866714
54.4901	0.8642464562897637	23.2748	1.60603	0.03456985825159055	1183.0086299635216	0.03398574444124185	1223.905070611769
54.6901	0.8690124562897638	23.2884	1.61206	0.03476049825159055	1183.6998890663926	0.03416999728413882	1224.8458869906929
54.8901	0.8740054562897638	23.2855	1.61798	0.03496021825159055	1183.5524882282805	0.034362989506739	1224.929741528954
55.1001	0.8795864562897637	23.2985	1.62443	0.03518345825159055	1184.213250606025	0.03457866535899929	1225.8779680697025
55.3001	0.8842854562897637	23.2977	1.63083	0.03537141825159055	1184.1725883058562	0.034760220557220944	1226.0584522088911
55.5101	0.8893094562897638	23.2982	1.63645	0.03557237825159055	1184.1980022434616	0.0349542963220681	1226.322741504044
55.7101	0.8943074562897637	23.3027	1.64228	0.03577229825159055	1184.4267276819116	0.035147330347634606	1226.7963938417042
55.9101	0.8993144562897637	23.3042	1.64819	0.035972578251590545	1184.5029694947282	0.035340674617863485	1227.1125952541186
56.1101	0.9043164562897638	23.314	1.65465	0.03617265825159055	1185.0010826717971	0.03553378849530539	1227.865721863049
56.3101	0.9093434562897638	23.3268	1.66087	0.03637373825159055	1185.6516794744991	0.035727829990318524	1228.7782633212632
56.5201	0.9148294562897638	23.3196	1.66702	0.03659317825159055	1185.2857187729794	0.035939545863903036	1228.6590903591036
56.7201	0.9199354562897637	23.3336	1.6739	0.036797418251590545	1185.997309025935	0.036136556500495125	1229.638948051423
56.9201	0.9251844562897638	23.3367	1.67961	0.03700737825159055	1186.1548754390892	0.036339044218790965	1230.0513575794319
57.1201	0.9297574562897637	23.3237	1.68486	0.03719029825159055	1185.4941130613447	0.03651542085111143	1229.582992701601
57.3301	0.9350204562897637	23.3429	1.69157	0.03740081825159055	1186.4700082653983	0.036718371687107905	1230.8449574054957
57.5301	0.9400334562897638	23.3383	1.69703	0.03760133825159055	1186.236200039427	0.036911643776002534	1230.840268643391
57.7301	0.9451634562897637	23.3478	1.70326	0.03780653825159055	1186.7190648539324	0.03710938803918276	1231.5848045732246
57.9501	0.9505044562897638	23.3456	1.70941	0.03802017825159055	1186.6072435284682	0.037315224103489794	1231.722262442049
58.1601	0.9561594562897637	23.3539	1.71572	0.03824637825159055	1187.0291148927201	0.03753311520247841	1232.4286794165578
58.3601	0.9613184562897638	23.3645	1.72209	0.03845273825159055	1187.5678903699581	0.03773185367069392	1233.2331276143477
58.5601	0.9659714562897638	23.3542	1.7276	0.03863885825159055	1187.0443632552835	0.03791106579673752	1232.910402145454
58.7601	0.9710764562897638	23.3738	1.73415	0.038843058251590554	1188.0405896094214	0.03810764993933387	1234.1877194368742
58.9701	0.9761754562897638	23.3787	1.73999	0.03904701825159055	1188.2896461979558	0.038303964463341965	1234.6888137012234
59.1701	0.9813294562897638	23.3759	1.74584	0.039253178251590554	1188.1473281473648	0.03850235736252288	1234.7858870082844
59.3701	0.9862934562897637	23.3781	1.75188	0.03945173825159055	1188.259149472829	0.038693399389727004	1235.1380384128888
59.5701	0.9913294562897638	23.386	1.75764	0.03965317825159055	1188.6606896869969	0.03888717508524987	1235.794863895814
59.7901	0.9966234562897638	23.3875	1.76434	0.03986493825159055	1188.7369314998136	0.039090837654045425	1236.125855871439
60.0101	1.0022764562897637	23.3972	1.77114	0.040091058251590546	1189.2299618893614	0.039308265331622225	1236.9074495660047
60.2101	1.0071464562897638	23.3896	1.77693	0.040285858251590555	1188.843670037757	0.03949553908862661	1236.7372576121988
60.4201	1.0126064562897636	23.3963	1.78342	0.04050425825159055	1189.1842168016713	0.03970545934831056	1237.3512414277218
60.6201	1.0177764562897638	23.4105	1.78899	0.04071105825159055	1189.9059726296691	0.03990418938747635	1238.3483039953112
60.8201	1.0226764562897637	23.4012	1.7944	0.04090705825159055	1189.4332733902058	0.04009250442857364	1238.089489591159
61.0301	1.0279464562897638	23.4135	1.80093	0.041117858251590554	1190.0584562553024	0.04029499960435129	1238.9911111707147
61.2301	1.0328664562897638	23.406	1.80672	0.04131465825159055	1189.677247191219	0.040484009331222495	1238.8283560886175
61.4301	1.0379364562897637	23.4147	1.81324	0.04151745825159055	1190.1194497055558	0.040678744181942186	1239.5301842731121
61.6301	1.0432264562897637	23.4209	1.81947	0.041729058251590546	1190.4345825318646	0.04088188864809299	1240.1102965710447
61.8501	1.0488164562897637	23.4156	1.82584	0.04195265825159055	1190.165194793246	0.0410965087593003	1240.0957884733448
62.0501	1.0539464562897638	23.4153	1.8322	0.04215785825159055	1190.1499464306823	0.04129342729988449	1240.324119170445
62.2701	1.0592164562897637	23.4146	1.83813	0.04236865825159055	1190.1143669180346	0.04149567946511218	1240.5379158102928
62.4901	1.0646964562897638	23.4308	1.8448	0.04258785825159055	1190.9377784964547	0.04170594764008145	1241.657267793526
62.6901	1.0697464562897638	23.4289	1.8503	0.042789858251590554	1190.8412055335534	0.04189967753278456	1241.7971319184876
62.9101	1.0755464562897636	23.4311	1.85687	0.04302185825159054	1190.953026859018	0.04212213289548189	1242.1900391648494
63.1301	1.0811264562897638	23.4422	1.86386	0.04324505825159055	1191.5172162738613	0.0423361035998881	1243.0444476993976
63.3301	1.0862564562897636	23.438	1.86986	0.043450258251590546	1191.3037391979747	0.04253277821648255	1243.0661943222121
63.5401	1.0919164562897636	23.4478	1.87634	0.04367665825159055	1191.8018523750434	0.042749727170662465	1243.855774584841
63.7401	1.0970264562897638	23.4418	1.88268	0.043881058251590555	1191.4968851237768	0.042945554092272534	1243.7810293464818
63.9401	1.1021964562897637	23.4433	1.88811	0.04408785825159055	1191.5731269365936	0.04314364133297964	1244.1070340533786
64.1501	1.1071064562897637	23.4369	1.89451	0.04428425825159055	1191.2478285352424	0.043331730418279216	1244.0013550157435
64.3501	1.1120464562897638	23.4482	1.90045	0.04448185825159055	1191.822183525128	0.04352093302840215	1244.8366489537937
64.5501	1.1173964562897638	23.4634	1.90686	0.04469585825159055	1192.5947672283369	0.04372579831971572	1245.8988138959633
64.7501	1.1223864562897639	23.4638	1.91251	0.04489545825159055	1192.6150983784212	0.04391684046181368	1246.1580997378862
64.9601	1.1282164562897639	23.457	1.91945	0.045128658251590556	1192.2694688269858	0.044139995782488124	1246.0749902294842
65.1601	1.1333164562897637	23.4554	1.92533	0.04533265825159055	1192.188144226648	0.044335168014604506	1246.2332019404726
65.3601	1.1382964562897637	23.4598	1.93092	0.04553185825159055	1192.411786877577	0.044525711207652516	1246.7045113352126
65.5701	1.1436964562897638	23.4615	1.93673	0.04574785825159055	1192.4981942654356	0.04473228328795678	1247.0524326219684
65.7701	1.1488464562897638	23.4643	1.9426	0.045953858251590554	1192.6405123160268	0.04492925209956204	1247.446945364102
65.9701	1.1539364562897638	23.4667	1.94869	0.04615745825159055	1192.7624992165336	0.04512388801499977	1247.8173844781834
66.1701	1.1595264562897638	23.4669	1.95515	0.04638105825159055	1192.7726647915756	0.04533759973317132	1248.0947232381784
66.3901	1.1644464562897638	23.4757	1.96128	0.046577858251590554	1193.2199500934335	0.04552565884797604	1248.7975797918552
66.6001	1.1704764562897638	23.4786	1.96812	0.04681905825159055	1193.3673509315456	0.04575609770948951	1249.239686450356
66.8001	1.1756164562897637	23.4747	1.97403	0.04702465825159055	1193.1691222182221	0.04595248294974428	1249.2774924268842
67.0001	1.1807664562897637	23.4712	1.97971	0.04723065825159055	1192.9912246549834	0.04614921159026961	1249.3369854838093
67.2001	1.1858164562897637	23.4785	1.98518	0.04743265825159055	1193.3622681440245	0.04634208268228209	1249.966612779243
67.4201	1.1915564562897638	23.4783	1.99187	0.04766225825159055	1193.3521025689822	0.046561261297160816	1250.2299586667039
67.6201	1.1970364562897637	23.4887	1.99883	0.04788145825159055	1193.880712471178	0.04677046714581295	1251.0454619627458
67.8401	1.2029564562897637	23.4888	2.00493	0.048118258251590544	1193.885795258699	0.0469964213758092	1251.3335002778626
68.0501	1.2086264562897637	23.4846	2.01073	0.04834505825159055	1193.6723181828122	0.04721278576348964	1251.3804759386715
68.2501	1.2140364562897636	23.5009	2.01689	0.04856145825159055	1194.5008125487534	0.047419185046495456	1252.5075138888305
68.4501	1.2189664562897637	23.4867	2.02229	0.04875865825159055	1193.7790567207558	0.0476072345474081	1251.9861217753094
68.6601	1.2248964562897637	23.4929	2.02899	0.04899585825159055	1194.0941895470644	0.047833381123801845	1252.5998591971602
68.8601	1.2302664562897638	23.4984	2.03455	0.04921065825159055	1194.3737428607258	0.04803812741456099	1253.149660945318
69.0601	1.2357064562897637	23.4948	2.04086	0.04942825825159055	1194.1907625099657	0.04824549991591764	1253.217531920972
69.2601	1.2409864562897637	23.4954	2.04715	0.049639458251590544	1194.2212592350922	0.048446732109669245	1253.5017555760544
69.4701	1.2463664562897638	23.4904	2.05241	0.04985465825159055	1193.9671198590368	0.04865173387563016	1253.491942583245
69.6701	1.2523264562897638	23.4979	2.05867	0.05009305825159055	1194.34832892312	0.04887878714857654	1254.1768893365559
69.8701	1.2570464562897639	23.4976	2.06428	0.05028185825159055	1194.3330805605567	0.04905856457690606	1254.386367222488
70.0701	1.2631164562897637	23.5088	2.07054	0.05052465825159055	1194.902352762921	0.04928971389901051	1255.274385780289
70.2901	1.2688364562897638	23.5024	2.07679	0.050753458251590555	1194.5770543615702	0.04950748611974339	1255.205971018418
70.4901	1.2747764562897637	23.4955	2.08319	0.050991058251590546	1194.2263420226134	0.049733584010468415	1255.1212069942721
70.7001	1.2797964562897637	23.4918	2.08899	0.05119185825159055	1194.0382788843324	0.04992462352376131	1255.1633172039521
70.9001	1.2852464562897636	23.5105	2.0951	0.05140985825159054	1194.98876015078	0.05013198566854616	1256.4229629223755
71.1001	1.2909264562897638	23.511	2.10217	0.051637058251590554	1195.0141740883855	0.05034805312676699	1256.721190607264
71.3201	1.2969564562897637	23.4998	2.10803	0.05187825825159055	1194.4449018860212	0.050577383523522194	1256.41062297336
71.5201	1.3017864562897636	23.4936	2.11346	0.05207145825159055	1194.1297690597123	0.05076103810331333	1256.3098474762867
71.7301	1.3077864562897636	23.5099	2.12049	0.052311458251590545	1194.9582634256533	0.05098913347432039	1257.4682727352374
71.9301	1.3133764562897638	23.5102	2.1265	0.052535058251590556	1194.9735117882167	0.05120159552234923	1257.7515148391185
72.1301	1.3189164562897637	23.4996	2.1322	0.05275665825159055	1194.4347363109791	0.0514121126673902	1257.4491214983661
72.3301	1.3238464562897638	23.5049	2.13771	0.05295385825159055	1194.7041240495978	0.05159941286751826	1257.9683168871109
72.5401	1.3296864562897637	23.4975	2.1444	0.05318745825159055	1194.3279977730356	0.05182124033856926	1257.8512682932947
72.7401	1.3351464562897637	23.5099	2.15008	0.05340585825159055	1194.9582634256533	0.05202858933096526	1258.7760350587305
72.9401	1.3410764562897637	23.526	2.15653	0.05364305825159055	1195.7765922165522	nan	nan
73.1501	1.3473864562897637	23.5182	2.16345	0.05389545825159055	1195.3801347899057	nan	nan
73.3501	1.3523064562897638	23.4958	2.1684	0.05409225825159055	1194.2415903851768	nan	nan
73.5501	1.3577564562897637	23.5144	2.17461	0.05431025825159055	1195.1869888641033	nan	nan
73.7601	1.3636964562897638	23.5179	2.18091	0.05454785825159055	1195.3648864273423	nan	nan
73.9601	1.3690864562897638	23.5029	2.18647	0.05476345825159055	1194.6024682991756	nan	nan
74.1601	1.3742764562897638	23.5106	2.19239	0.05497105825159055	1194.993842938301	nan	nan
74.3601	1.3802464562897638	23.5123	2.19868	0.055209858251590554	1195.08025032616	nan	nan
74.5801	1.3862164562897636	23.5048	2.20522	0.055448658251590545	1194.6990412620767	nan	nan
74.7801	1.3920764562897638	23.5175	2.21136	0.055683058251590554	1195.3445552772578	nan	nan
75.0001	1.3979964562897638	23.497	2.2179	0.05591985825159055	1194.3025838354301	nan	nan
75.2201	1.4036064562897637	23.497	2.22433	0.05614425825159055	1194.3025838354301	nan	nan
75.4201	1.4092364562897637	23.5075	2.23051	0.056369458251590544	1194.8362765251468	nan	nan
75.6301	1.4152664562897637	23.508	2.23682	0.05661065825159055	1194.8616904627522	nan	nan
75.8301	1.4209864562897638	23.5149	2.24309	0.056839458251590556	1195.212402801709	nan	nan
76.0301	1.4267764562897638	23.5102	2.24881	0.057071058251590555	1194.9735117882167	nan	nan
76.2301	1.4322264562897637	23.5052	2.25467	0.05728905825159055	1194.719372412161	nan	nan
76.4501	1.4380464562897637	23.504	2.26091	0.05752185825159055	1194.6583789619078	nan	nan
76.6601	1.4439164562897637	23.5089	2.26807	0.05775665825159055	1194.9074355504424	nan	nan
76.8601	1.4494564562897638	23.5083	2.27339	0.05797825825159055	1194.8769388253156	nan	nan
77.0601	1.4552764562897638	23.5093	2.27998	0.05821105825159055	1194.9277667005267	nan	nan
77.2601	1.4609564562897637	23.4973	2.28596	0.05843825825159055	1194.3178321979933	nan	nan
77.4801	1.4670664562897637	23.5016	2.29237	0.05868265825159055	1194.536392061401	nan	nan
77.7001	1.4732164562897638	23.5005	2.29854	0.058928658251590556	1194.4804813986689	nan	nan
77.9001	1.4789364562897638	23.5002	2.30453	0.05915745825159055	1194.4652330361057	nan	nan
78.1201	1.4849064562897638	23.4977	2.31149	0.059396258251590554	1194.3381633480776	nan	nan
78.3401	1.4912264562897637	23.502	2.31804	0.059649058251590545	1194.5567232114856	nan	nan
78.5501	1.4975264562897637	23.4971	2.32455	0.05990105825159055	1194.307666622951	nan	nan
78.7501	1.5031864562897637	23.4925	2.33018	0.06012745825159055	1194.07385839698	nan	nan
78.9501	1.5089764562897638	23.5058	2.33654	0.060359058251590554	1194.7498691372878	nan	nan
79.1501	1.5146664562897638	23.4934	2.3429	0.060586658251590556	1194.11960348467	nan	nan
79.3501	1.5203564562897638	23.4922	2.3484	0.06081425825159055	1194.0586100344167	nan	nan
79.5701	1.5265064562897637	23.494	2.35474	0.061060258251590546	1194.1501002097966	nan	nan
79.7801	1.5320764562897637	23.4941	2.36108	0.06128305825159055	1194.1551829973178	nan	nan
79.9801	1.5379864562897638	23.5064	2.36754	0.06151945825159055	1194.7803658624143	nan	nan
80.1801	1.5438464562897638	23.4952	2.37308	0.06175385825159055	1194.21109366005	nan	nan
80.3801	1.5494264562897637	23.4866	2.37877	0.06197705825159055	1193.7739739332344	nan	nan
80.6001	1.5557064562897638	23.4875	2.38615	0.06222825825159055	1193.8197190209246	nan	nan
80.8101	1.5620764562897638	23.4891	2.39194	0.06248305825159055	1193.9010436212625	nan	nan
81.0101	1.5678164562897638	23.4806	2.39803	0.06271265825159056	1193.4690066819678	nan	nan
81.2101	1.5737464562897638	23.4828	2.40462	0.06294985825159055	1193.5808280074323	nan	nan
81.4101	1.5794964562897638	23.4713	2.41006	0.06317985825159055	1192.9963074425045	nan	nan
81.6301	1.5858964562897637	23.4762	2.41717	0.06343585825159055	1193.245364031039	nan	nan
81.8401	1.5916864562897637	23.4825	2.42319	0.06366745825159055	1193.5655796448689	nan	nan
82.0401	1.5976364562897638	23.4729	2.42881	0.06390545825159055	1193.0776320428422	nan	nan
82.2401	1.6029964562897638	23.467	2.43443	0.06411985825159056	1192.7777475790967	nan	nan
82.4401	1.6085464562897638	23.4631	2.43984	0.06434185825159056	1192.5795188657735	nan	nan
82.6601	1.6149764562897637	23.469	2.44643	0.06459905825159055	1192.879403329519	nan	nan
82.8601	1.6207064562897637	23.4666	2.45244	0.06482825825159055	1192.7574164290122	nan	nan
83.0701	1.6271664562897636	23.4576	2.45924	0.06508665825159055	1192.2999655521123	nan	nan
83.2701	1.6330864562897638	23.4626	2.46506	0.06532345825159055	1192.5541049281678	nan	nan
83.4701	1.6391764562897637	23.4585	2.47124	0.06556705825159055	1192.3457106398023	nan	nan
83.6901	1.6453364562897637	23.4533	2.4778	0.06581345825159055	1192.0814056887045	nan	nan
83.9001	1.6512364562897637	23.4551	2.48366	0.06604945825159055	1192.1728958640847	nan	nan
84.1001	1.6570464562897638	23.4539	2.48994	0.06628185825159055	1192.1119024138313	nan	nan
84.3001	1.6629064562897637	23.4577	2.49575	0.06651625825159055	1192.3050483396335	nan	nan
84.5001	1.6688064562897638	23.4492	2.5024	0.06675225825159055	1191.873011400339	nan	nan
84.7101	1.6755864562897638	23.449	2.50889	0.06702345825159055	1191.8628458252967	nan	nan
84.9101	1.6818064562897637	23.455	2.51511	0.06727225825159054	1192.1678130765636	nan	nan
85.1201	1.6876564562897638	23.4345	2.52116	0.06750625825159055	1191.1258416347357	nan	nan
85.3201	1.6931264562897637	23.4225	2.52678	0.06772505825159054	1190.5159071322025	nan	nan
85.5201	1.6990964562897637	23.4392	2.53284	0.06796385825159054	1191.364732648228	nan	nan
85.7201	1.7052064562897638	23.4347	2.53854	0.06820825825159055	1191.136007209778	nan	nan
85.9301	1.7116964562897639	23.4279	2.54521	0.06846785825159056	1190.7903776583425	nan	nan
86.1401	1.7176764562897637	23.4198	2.55144	0.06870705825159056	1190.3786718691324	nan	nan
86.3401	1.7235764562897637	23.4104	2.55688	0.06894305825159056	1189.900889842148	nan	nan
86.5601	1.7298764562897637	23.4114	2.56368	0.06919505825159054	1189.951717717359	nan	nan
86.7601	1.7355564562897638	23.3993	2.56918	0.06942225825159055	1189.3367004273045	nan	nan
86.9701	1.7421564562897638	23.4173	2.57629	0.06968625825159055	1190.2516021811045	nan	nan
87.1701	1.7480564562897638	23.4059	2.58154	0.06992225825159055	1189.672164403698	nan	nan
87.3701	1.7541664562897636	23.4021	2.58804	0.07016665825159055	1189.4790184778958	nan	nan
87.5901	1.7606164562897637	23.3929	2.59427	0.07042465825159056	1189.0114020259537	nan	nan
87.7901	1.7662564562897638	23.3894	2.60062	0.07065025825159055	1188.8335044627147	nan	nan
88.0101	1.7729664562897638	23.3905	2.6068	0.07091865825159055	1188.889415125447	nan	nan
88.2201	1.7793364562897638	23.3924	2.61347	0.07117345825159055	1188.985988088348	nan	nan
88.4201	1.7856664562897637	23.3834	2.61975	0.07142665825159054	1188.528537211448	nan	nan
88.6201	1.7915364562897638	23.3748	2.6249	0.07166145825159055	1188.0914174846325	nan	nan
88.8301	1.7981364562897637	23.3685	2.63194	0.07192545825159055	1187.7712018708025	nan	nan
89.0301	1.8042864562897638	23.3592	2.63808	0.07217145825159055	1187.2985026313393	nan	nan
89.2301	1.8102564562897638	23.3583	2.64413	0.07241025825159056	1187.2527575436493	nan	nan
89.4301	1.8162664562897637	23.3681	2.65036	0.07265065825159055	1187.750870720718	nan	nan
89.6501	1.8229664562897638	23.3518	2.65648	0.07291865825159055	1186.922376354777	nan	nan
89.8501	1.8288264562897638	23.3468	2.66225	0.07315305825159055	1186.6682369787216	nan	nan
90.0701	1.8356064562897638	23.345	2.66909	0.07342425825159055	1186.5767468033414	nan	nan
90.2701	1.8418564562897637	23.3416	2.67521	0.07367425825159055	1186.4039320276236	nan	nan
90.4901	1.8484964562897637	23.3355	2.68228	0.07393985825159055	1186.0938819888358	nan	nan
90.7101	1.8549864562897638	23.3248	2.68896	0.07419945825159055	1185.550023724077	nan	nan
90.9201	1.8611864562897638	23.3149	2.69483	0.07444745825159055	1185.046827759487	nan	nan
91.1201	1.8669864562897638	23.3041	2.70047	0.07467945825159056	1184.497886707207	nan	nan
91.3201	1.8729164562897638	23.3007	2.70635	0.07491665825159055	1184.3250719314894	nan	nan
91.5201	1.8792764562897637	23.3105	2.71247	0.07517105825159055	1184.8231851085582	nan	nan
91.7401	1.8854664562897638	23.2808	2.71866	0.07541865825159055	1183.3135972147882	nan	nan
91.9501	1.8925264562897637	23.29	2.72613	0.07570105825159054	1183.7812136667305	nan	nan
92.1501	1.8986564562897636	23.2766	2.73206	0.07594625825159054	1183.1001201389015	nan	nan
92.3601	1.9049264562897636	23.2777	2.73795	0.07619705825159055	1183.156030801634	nan	nan
92.5601	1.9111864562897638	23.2671	2.74335	0.07644745825159055	1182.617255324396	nan	nan
92.7601	1.9176864562897638	23.2607	2.74949	0.07670745825159055	1182.291956923045	nan	nan
92.9601	1.9237364562897636	23.2397	2.75549	0.07694945825159055	1181.2245715436118	nan	nan
93.1601	1.9296364562897637	23.2265	2.76102	0.07718545825159055	1180.553643590825	nan	nan
93.3601	1.9357464562897637	23.2353	2.76759	0.07742985825159054	1181.0009288926829	nan	nan
93.5801	1.9424364562897638	23.2247	2.7743	0.07769745825159055	1180.4621534154448	nan	nan
93.7901	1.9492664562897637	23.2192	2.78107	0.07797065825159055	1180.182600101784	nan	nan
93.9901	1.9553564562897638	23.2053	2.78684	0.07821425825159055	1179.4760926363497	nan	nan
94.1901	1.9615164562897638	23.1975	2.79245	0.07846065825159056	1179.079635209703	nan	nan
94.4001	1.9678564562897638	23.1836	2.79885	0.07871425825159055	1178.3731277442685	nan	nan
94.6001	1.9737164562897638	23.178	2.80441	0.07894865825159054	1178.0884916430862	nan	nan
94.8001	1.9795864562897638	23.1628	2.80975	0.07918345825159055	1177.3159079398774	nan	nan
95.0001	1.9858364562897637	23.1538	2.81629	0.07943345825159055	1176.8584570629773	nan	nan
95.2001	1.9923864562897637	23.1622	2.8226	0.07969545825159055	1177.2854112147506	nan	nan
95.4201	1.9993564562897637	23.1354	2.82899	0.07997425825159055	1175.923224159093	nan	nan
95.6401	2.0062364562897637	23.1311	2.83592	0.08024945825159055	1175.7046642956852	nan	nan
95.8401	2.0123764562897635	23.1105	2.84162	0.08049505825159053	1174.6576100663365	nan	nan
96.0501	2.0194264562897635	23.1126	2.84858	0.08077705825159054	1174.7643486042798	nan	nan
96.2501	2.0254064562897636	23.0901	2.85418	0.08101625825159055	1173.6207214120298	nan	nan
96.4501	2.0319764562897635	23.0928	2.86082	0.08127905825159054	1173.7579566750996	nan	nan
96.6701	2.0388964562897636	23.0752	2.8679	0.08155585825159055	1172.8633860713842	nan	nan
96.8801	2.0451464562897637	23.0553	2.87334	0.08180585825159055	1171.8519113546831	nan	nan
97.0801	2.0513464562897634	23.0488	2.8794	0.08205385825159053	1171.5215301658109	nan	nan
97.2801	2.0575364562897636	23.0367	2.88541	0.08230145825159055	1170.9065128757566	nan	nan
97.4801	2.0635964562897637	23.0213	2.89095	0.08254385825159055	1170.1237635975053	nan	nan
97.6801	2.0696664562897635	23.017	2.89687	0.08278665825159054	1169.9052037340978	nan	nan
97.9001	2.0763564562897634	23.0029	2.90344	0.08305425825159053	1169.188530693621	nan	nan
98.1201	2.0833564562897635	22.9951	2.91087	0.08333425825159053	1168.7920732669745	nan	nan
98.3301	2.0902064562897635	22.9799	2.91711	0.08360825825159054	1168.0194895637655	nan	nan
98.5301	2.0966764562897637	22.9607	2.92328	0.08386705825159055	1167.0435943597122	nan	nan
98.7301	2.1026064562897635	22.9502	2.92973	0.08410425825159054	1166.5099016699955	nan	nan
98.9301	2.1091464562897637	22.9441	2.93533	0.08436585825159054	1166.1998516312078	nan	nan
99.1401	2.1152664562897634	22.9272	2.94107	0.08461065825159053	1165.34086054014	nan	nan
99.3401	2.1213364562897636	22.9103	2.94694	0.08485345825159055	1164.4818694490723	nan	nan
99.5401	2.1277964562897633	22.9039	2.95338	0.08511185825159054	1164.1565710477214	nan	nan
99.7401	2.1337064562897634	22.8773	2.95847	0.08534825825159054	1162.8045495671058	nan	nan
99.9601	2.1410864562897634	22.884	2.96645	0.08564345825159053	1163.14509633102	nan	nan
100.17	2.1478264562897635	22.8469	2.9723	0.08591305825159054	1161.2593821606881	nan	nan
100.37	2.1545864562897634	22.8408	2.97857	0.08618345825159053	1160.9493321219004	nan	nan
100.57	2.1607464562897634	22.8232	2.98466	0.08642985825159054	1160.0547615181847	nan	nan
100.77	2.1673064562897637	22.8218	2.99142	0.08669225825159055	1159.983602492889	nan	nan
100.98	2.1734764562897637	22.8086	2.9971	0.08693905825159055	1159.3126745401025	nan	nan
101.18	2.1795064562897637	22.7802	3.00281	0.08718025825159055	1157.869162884107	nan	nan
101.39	2.1864764562897636	22.7786	3.00981	0.08745905825159055	1157.7878382837694	nan	nan
101.59	2.1929964562897637	22.7573	3.01587	0.08771985825159055	1156.7052045417727	nan	nan
101.79	2.1992264562897637	22.7375	3.02187	0.08796905825159054	1155.6988126125927	nan	nan
101.99	2.2053964562897637	22.7205	3.02744	0.08821585825159055	1154.8347387340038	nan	nan
102.19	2.2116964562897636	22.7306	3.03357	0.08846785825159055	1155.348100273636	nan	nan
102.41	2.2185464562897637	22.7003	3.0402	0.08874185825159055	1153.8080156547394	nan	nan
102.61	2.2245664562897636	22.6721	3.0459	0.08898265825159055	1152.3746695737862	nan	nan
102.82	2.2309464562897636	22.6629	3.05244	0.08923785825159054	1151.907053121844	nan	nan
103.02	2.2372764562897633	22.6646	3.0584	0.08949105825159054	1151.9934605097028	nan	nan
103.22	2.2437664562897637	22.6275	3.0638	0.08975065825159055	1150.1077463393708	nan	nan
103.44	2.2507364562897636	22.6223	3.07069	0.09002945825159055	1149.8434413882728	nan	nan
103.64	2.2569464562897634	22.6079	3.07608	0.09027785825159054	1149.1115199852331	nan	nan
103.86	2.2642464562897637	22.6083	3.08376	0.09056985825159054	1149.1318511353174	nan	nan
104.07	2.2713764562897634	22.5696	3.08988	0.09085505825159053	1147.1648123646476	nan	nan
104.27	2.2777864562897636	22.5534	3.09644	0.09111145825159055	1146.3414007862275	nan	nan
104.48	2.2836964562897637	22.5317	3.10183	0.09134785825159054	1145.2384358941465	nan	nan
104.68	2.2901064562897635	22.5355	3.10814	0.09160425825159053	1145.4315818199486	nan	nan
104.88	2.2966664562897634	22.5225	3.11427	0.09186665825159053	1144.7708194422044	nan	nan
105.08	2.3029664562897634	22.484	3.11978	0.09211865825159053	1142.8139462465765	nan	nan
105.28	2.3092164562897635	22.4761	3.1263	0.09236865825159053	1142.4124060324086	nan	nan
105.48	2.3158464562897634	22.4605	3.13223	0.09263385825159054	1141.6194911791156	nan	nan
105.7	2.3226464562897635	22.4401	3.13947	0.09290585825159053	1140.5826025248089	nan	nan
105.91	2.3294064562897634	22.4279	3.14589	0.09317625825159054	1139.9625024472334	nan	nan
106.11	2.3356664562897635	22.409	3.15197	0.09342665825159054	1139.0018556057435	nan	nan
106.31	2.3419764562897636	22.3976	3.15781	0.09367905825159055	1138.4224178283368	nan	nan
106.51	2.3484464562897633	22.3723	3.16367	0.09393785825159054	1137.1364725854955	nan	nan
106.73	2.3552164562897637	22.3518	3.16982	0.09420865825159055	1136.094501143668	nan	nan
106.95	2.3619664562897635	22.3377	3.17602	0.09447865825159055	1135.3778281031914	nan	nan
107.16	2.3691064562897637	22.33	3.18344	0.09476425825159054	1134.9864534640658	nan	nan
107.36	2.3748264562897634	22.2952	3.18785	0.09499305825159053	1133.2176434067192	nan	nan
107.56	2.3820064562897634	22.2909	3.19521	0.09528025825159053	1132.9990835433114	nan	nan
107.76	2.3884964562897637	22.2673	3.20099	0.09553985825159055	1131.799545688329	nan	nan
107.98	2.3954864562897633	22.2553	3.20737	0.09581945825159054	1131.189611185796	nan	nan
108.18	2.4015964562897634	22.2501	3.21293	0.09606385825159053	1130.9253062346982	nan	nan
108.4	2.4089464562897636	22.2013	3.21964	0.09635785825159054	1128.444905924396	nan	nan
108.6	2.4152864562897634	22.2041	3.22649	0.09661145825159054	1128.5872239749872	nan	nan
108.81	2.4215864562897633	22.183	3.23253	0.09686345825159054	1127.5147558080328	nan	nan
109.01	2.4277264562897636	22.1587	3.2383	0.09710905825159054	1126.2796384404028	nan	nan
109.21	2.4342964562897635	22.1475	3.24444	0.09737185825159055	1125.7103662380384	nan	nan
109.43	2.4410864562897636	22.1144	3.24998	0.09764345825159054	1124.0279635685506	nan	nan
109.63	2.4473064562897635	22.1113	3.25632	0.09789225825159054	1123.8703971553962	nan	nan
109.85	2.4545164562897637	22.1009	3.26406	0.09818065825159054	1123.3417872532007	nan	nan
110.07	2.4616064562897635	22.0792	3.27042	0.09846425825159054	1122.2388223611197	nan	nan
110.27	2.4677164562897635	22.0511	3.27667	0.09870865825159054	1120.8105590676876	nan	nan
110.48	2.4746064562897634	22.0379	3.28327	0.09898425825159053	1120.1396311149008	nan	nan
110.68	2.4802064562897637	22.0129	3.2882	0.09920825825159055	1118.8689342346229	nan	nan
110.88	2.4864864562897635	22.0003	3.2946	0.09945945825159054	1118.2285030069631	nan	nan
111.1	2.4944464562897637	21.9852	3.30167	0.09977785825159055	1117.4610020912753	nan	nan
111.31	2.5010764562897636	21.9683	3.30792	0.10004305825159054	1116.6020110002075	nan	nan
111.51	2.5075764562897636	21.9377	3.31361	0.10030305825159054	1115.0466780187478	nan	nan
111.71	2.5140564562897634	21.9326	3.32005	0.10056225825159054	1114.7874558551712	nan	nan
111.92	2.5210864562897637	21.9053	3.3271	0.10084345825159055	1113.3998548619077	nan	nan
112.12	2.5272864562897634	21.8774	3.33289	0.10109145825159054	1111.9817571435178	nan	nan
112.32	2.5334364562897633	21.8577	3.33833	0.10133745825159053	1110.980448001859	nan	nan
112.52	2.5400364562897635	21.8531	3.34487	0.10160145825159055	1110.7466397758878	nan	nan
112.72	2.5464664562897634	21.8335	3.35068	0.10185865825159053	1109.7504134217502	nan	nan
112.94	2.5534064562897636	21.8124	3.35773	0.10213625825159055	1108.6779452547958	nan	nan
113.14	2.5597864562897636	21.7891	3.3632	0.10239145825159054	1107.4936557623769	nan	nan
113.35	2.5659964562897635	21.7709	3.36958	0.10263985825159054	1106.5685884335348	nan	nan
113.55	2.5724764562897637	21.7496	3.37567	0.10289905825159056	1105.4859546915382	nan	nan
113.75	2.5788264562897636	21.7348	3.38198	0.10315305825159055	1104.7337021384135	nan	nan
113.97	2.5858264562897637	21.717	3.38815	0.10343305825159055	1103.828965959656	nan	nan
114.18	2.5928264562897634	21.6863	3.39441	0.10371305825159054	1102.268550190675	nan	nan
114.38	2.5991964562897634	21.6716	3.40061	0.10396785825159054	1101.5213804250716	nan	nan
114.58	2.6056464562897634	21.6585	3.4066	0.10422585825159053	1100.855535259806	nan	nan
114.78	2.6117564562897635	21.6217	3.41237	0.10447025825159054	1098.9850694520371	nan	nan
115	2.6189864562897633	21.6252	3.4197	0.10475945825159054	1099.162967015276	nan	nan
115.2	2.6255464562897637	21.5998	3.4258	0.10502185825159055	1097.8719389849139	nan	nan
115.42	2.6326164562897634	21.573	3.43201	0.10530465825159054	1096.5097519292563	nan	nan
115.62	2.6388364562897637	21.5474	3.43736	0.10555345825159054	1095.2085583238518	nan	nan
115.84	2.6461864562897635	21.528	3.4449	0.10584745825159053	1094.2224975447564	nan	nan
116.06	2.6529864562897636	21.506	3.45093	0.10611945825159054	1093.1042842901118	nan	nan
116.27	2.6594364562897637	21.4964	3.45679	0.10637745825159055	1092.6163366880853	nan	nan
116.47	2.6660864562897637	21.4706	3.46336	0.10664345825159055	1091.3049775076388	nan	nan
116.67	2.6724464562897636	21.4447	3.46947	0.10689785825159054	1089.988535539671	nan	nan
116.87	2.6785564562897637	21.4295	3.47498	0.10714225825159054	1089.215951836462	nan	nan
117.09	2.6855964562897636	21.3983	3.48141	0.10742385825159055	1087.6301221298754	nan	nan
117.3	2.6924364562897636	21.3872	3.48824	0.10769745825159055	1087.0659327150322	nan	nan
117.5	2.6988764562897636	21.3617	3.49476	0.10795505825159055	1085.7698218971489	nan	nan
117.7	2.7052564562897636	21.3454	3.50024	0.10821025825159054	1084.941327531208	nan	nan
117.9	2.7118564562897634	21.3274	3.50666	0.10847425825159053	1084.026425777408	nan	nan
118.12	2.7190864562897636	21.2988	3.51377	0.10876345825159055	1082.5727485463701	nan	nan
118.32	2.7257064562897635	21.2747	3.51969	0.10902825825159054	1081.3477967537824	nan	nan
118.54	2.7323164562897637	21.2481	3.52563	0.10929265825159055	1079.995775273167	nan	nan
118.74	2.7387064562897634	21.2336	3.53171	0.10954825825159054	1079.2587710826058	nan	nan
118.96	2.7455964562897637	21.2099	3.53823	0.10982385825159055	1078.0541504401026	nan	nan
119.18	2.7524564562897633	21.1871	3.54457	0.11009825825159053	1076.8952748852894	nan	nan
119.38	2.7591364562897636	21.1695	3.55101	0.11036545825159054	1076.0007042815737	nan	nan
119.6	2.7664564562897636	21.1557	3.55727	0.11065825825159054	1075.2992796036604	nan	nan
119.82	2.7739664562897635	21.1196	3.56412	0.11095865825159054	1073.4643933085392	nan	nan
120.02	2.7806364562897636	21.106	3.5706	0.11122545825159054	1072.7731342056682	nan	nan
120.24	2.7876164562897636	21.0704	3.5764	0.11150465825159055	1070.9636618481527	nan	nan
120.46	2.7945464562897637	21.0545	3.58375	0.11178185825159055	1070.155498632296	nan	nan
120.66	2.8005264562897634	21.0251	3.58933	0.11202105825159053	1068.6611591010894	nan	nan
120.88	2.8078164562897636	21.0123	3.59642	0.11231265825159055	1068.0105622983872	nan	nan
121.09	2.8144464562897635	20.9889	3.60225	0.11257785825159054	1066.8211900184474	nan	nan
121.29	2.8208664562897634	20.949	3.60827	0.11283465825159053	1064.7931577975241	nan	nan
121.49	2.8271364562897636	20.9351	3.6144	0.11308545825159054	1064.0866503320897	nan	nan
121.69	2.8331564562897635	20.9103	3.62028	0.11332625825159054	1062.8261190268543	nan	nan
121.91	2.8402064562897635	20.8941	3.62663	0.11360825825159054	1062.0027074484344	nan	nan
122.11	2.8466864562897634	20.8701	3.63273	0.11386745825159053	1060.7828384433676	nan	nan
122.32	2.8536964562897635	20.8405	3.63921	0.11414785825159054	1059.2783333371187	nan	nan
122.52	2.8605064562897637	20.8296	3.64588	0.11442025825159055	1058.7243094973176	nan	nan
122.72	2.8674864562897637	20.8114	3.65201	0.11469945825159054	1057.7992421684753	nan	nan
122.94	2.8748564562897636	20.7694	3.65874	0.11499425825159054	1055.664471409609	nan	nan
123.14	2.8812864562897635	20.7442	3.6644	0.11525145825159054	1054.383608954289	nan	nan
123.36	2.8883664562897637	20.7191	3.67162	0.11553465825159055	1053.1078292864902	nan	nan
123.58	2.8950964562897634	20.6825	3.6775	0.11580385825159054	1051.2475290537636	nan	nan
123.78	2.9016964562897636	20.6745	3.68388	0.11606785825159055	1050.8409060520746	nan	nan
124	2.9089364562897635	20.6505	3.69102	0.11635745825159054	1049.621037047008	nan	nan
124.22	2.9159264562897635	20.6233	3.69687	0.11663705825159054	1048.2385188412659	nan	nan
124.43	2.9225764562897636	20.6074	3.70332	0.11690305825159054	1047.4303556254092	nan	nan
124.63	2.9288064562897635	20.5609	3.70841	0.11715225825159054	1045.0668594280928	nan	nan
124.83	2.9352264562897634	20.5432	3.71492	0.11740905825159054	1044.167206036856	nan	nan
125.03	2.9418064562897634	20.53	3.72116	0.11767225825159054	1043.4962780840694	nan	nan
125.23	2.9477964562897636	20.4888	3.72659	0.11791185825159055	1041.402169625372	nan	nan
125.44	2.9549164562897636	20.4844	3.73431	0.11819665825159055	1041.178526974443	nan	nan
125.64	2.9611264562897635	20.4524	3.73971	0.11844505825159053	1039.5520349676874	nan	nan
125.84	2.9675264562897636	20.4223	3.74548	0.11870105825159055	1038.0221159238329	nan	nan
126.06	2.9749764562897636	20.3961	3.75242	0.11899905825159054	1036.690425593302	nan	nan
126.26	2.9819464562897635	20.3601	3.75827	0.11927785825159054	1034.8606220857018	nan	nan
126.47	2.9885164562897635	20.3216	3.76366	0.11954065825159053	1032.9037488900742	nan	nan
126.67	2.9952264562897635	20.3081	3.77003	0.11980905825159054	1032.2175725747243	nan	nan
126.87	3.0019464562897635	20.2674	3.7761	0.12007785825159054	1030.148878053632	nan	nan
127.08	3.0090864562897637	20.2367	3.78326	0.12036345825159055	1028.588462284651	nan	nan
127.28	3.0161064562897635	20.2128	3.7898	0.12064425825159054	1027.3736760671059	nan	nan
127.48	3.0226964562897636	20.1676	3.79511	0.12090785825159055	1025.0762561075635	nan	nan
127.68	3.0291264562897635	20.1361	3.80126	0.12116505825159055	1023.4751780384134	nan	nan
127.9	3.0363064562897635	20.0989	3.80745	0.12145225825159053	1021.5843810805603	nan	nan
128.12	3.0436964562897635	20.0681	3.81401	0.12174785825159054	1020.0188825240582	nan	nan
128.32	3.0506964562897636	20.0272	3.82042	0.12202785825159054	1017.9400224279239	nan	nan
128.54	3.0580764562897635	19.9631	3.827	0.12232305825159054	1014.6819556268917	nan	nan
128.74	3.0649464562897637	19.9145	3.83312	0.12259785825159054	1012.2117208916318	nan	nan
128.96	3.0729264562897636	19.833	3.83952	0.12291705825159055	1008.0692490619264	nan	nan
