Specimen name:	AWA_2_14_Rz
Specimen ID:	46NT9Z
Material:	42CrMoS4
Specimen type:	Round Tensile Specimen
Gauge diameter:	4.995	mm
Gauge length:	25	mm
Parallel length:	30	mm
Original cross-section:	19.59570381172042	mm²
Cross-section after fracture:	9.410626853010825	mm²
Yield stress at 0.2% plastic strain:	1106.0144753956063	MPa
Yield stress at 1% plastic strain:	1138.089092522478	MPa
Ultimate tensile strength:	1191.5417901976366	MPa
Uniform elongation:	4.960800775977732	%
Elongation after fracture:	14.109564896076632	%
Reduction of area:	51.97607116626135	%
Slope of linear-elastic region:	208149.984605333	MPa
Crosshead seperation speed:	0.030028062657001205	mm/s
Strain rate:	0.0010009354219000402	s-1
Test temperature:	RT	Cel
Machine type:	INSTRON 8852TT
Standard:	DIN EN ISO 6892-1
Date:	2022-08-23 00:00:00
Heat treatment batch:	Batch 2
Time	Displacement	Force	Machine Displacement	Engineering Strain	Engineering Stress	True Strain	True Stress
s	mm	kN	mm		MPa		MPa
0	0.0003003968702424109	0.0494465	0	1.2015874809696435e-05	2.5233337100362516	1.2015802619544551e-05	2.523364030098214
0.23	0.00027518827024241086	0.0490739	-0.000167847	1.1007530809696434e-05	2.504319338132082	1.1007470227314131e-05	2.504346904504354
0.450001	0.0006297348702424109	0.0480596	-0.000114441	2.5189394809696433e-05	2.4525579923929546	2.518907756229906e-05	2.4526197708445188
0.660001	0.0001670588702424109	0.0520308	-9.1553e-05	6.682354809696435e-06	2.6552146582701344	6.682332482883801e-06	2.6552324013565767
0.870001	0.0003417595702424109	0.0488072	-0.000366211	1.3670382809696434e-05	2.490709212026763	1.3670289370918006e-05	2.4907432609751594
1.09	0.0003188308702424109	0.0530784	0.000160217	1.2753234809696436e-05	2.7086753560876535	1.275315348795156e-05	2.708709900460493
1.31	0.0005432968702424109	0.0904793	0.0067215	2.1731874809696436e-05	4.617302898091533	2.173163867592367e-05	4.617403240740073
1.5	0.0008301658702424109	0.122642	0.0130081	3.3206634809696434e-05	6.258616744689026	3.320608348156458e-05	6.25882457228968
1.7	0.0008747848702424109	0.154353	0.0185471	3.4991394809696435e-05	7.876879620301244	3.499078262509456e-05	7.877155243305906
1.9	0.001103419870242411	0.195698	0.0251389	4.413679480969644e-05	9.986780871986376	4.413582080996629e-05	9.987221656484532
2.11	0.001320656870242411	0.248139	0.0315628	5.282627480969644e-05	12.662928690093038	5.282487955110751e-05	12.663597625443915
2.31	0.0016706468702424107	0.304783	0.0371246	6.682587480969643e-05	15.553562297553494	6.682364206047044e-05	15.554601677960436
2.51	0.002005846870242411	0.361736	0.0433044	8.023387480969645e-05	18.459964667543172	8.023065624442276e-05	18.4614457820373
2.72	0.002424026870242411	0.445056	0.0500793	9.696107480969644e-05	22.711917075099226	9.69563743884315e-05	22.714119246989814
2.93	0.002642636870242411	0.518652	0.0559769	0.00010570547480969643	26.46763826312726	0.00010569988837967471	26.470436037396954
3.14	0.0029437668702424107	0.602907	0.0624695	0.00011775067480969643	30.767305211022542	0.0001177437427432471	30.770928081973217
3.35	0.003270826870242411	0.689062	0.0689926	0.00013083307480969643	35.163932187414666	0.00013082451690946375	35.16853279278515
3.56001	0.0034649368702424107	0.77565	0.0749969	0.00013859747480969643	39.582655843985286	0.00013858787106694621	39.58814190013152
3.77001	0.003708166870242411	0.865812	0.0811996	0.00014832667480969643	44.18376641731785	0.0001483156754961021	44.190320048471094
3.98001	0.004391336870242411	0.977012	0.087532	0.00017565347480969645	49.85847966408013	0.0001756380495443354	49.86723747928185
4.19001	0.005076786870242411	1.09559	0.0944748	0.00020307147480969642	55.909704010973826	0.00020305085858885803	55.92105767702351
4.39001	0.00567904687024241	1.20363	0.0999146	0.00022716187480969642	61.42315742086767	0.00022713607745778166	61.43711042046413
4.59001	0.006413416870242411	1.31709	0.105682	0.00025653667480969643	67.21320206994726	0.0002565037749035444	67.2304447213096
4.81001	0.007186736870242411	1.45477	0.111801	0.00028746947480969644	74.23923192439177	0.0002874281633771413	74.26057343740335
5.01001	0.008035036870242412	1.58756	0.117767	0.00032140147480969646	81.0157172844418	0.0003213498364197702	81.04175585545978
5.21001	0.00895334687024241	1.73439	0.124191	0.0003581338748096964	88.50868622348952	0.00035806976018090995	88.54038418224106
5.41001	0.009862546870242411	1.87844	0.130051	0.0003945018748096964	95.85978733136817	0.0003944240794047183	95.89760419718925
5.62001	0.01086949687024241	2.04273	0.137093	0.0004347798748096964	104.2437679007079	0.00043468538542695823	104.28909099306546
5.82001	0.011755296870242411	2.20133	0.143333	0.00047021187480969647	112.33737870049652	0.0004701013598483356	112.39020106994649
6.03001	0.01260699687024241	2.34328	0.149162	0.0005042798748096964	119.58131346108921	0.0005041527684432008	119.64161591087094
6.23001	0.01364129687024241	2.51039	0.154922	0.0005456518748096964	128.1092031253558	0.0005455030609567078	128.17910615222152
6.44001	0.01489959687024241	2.69898	0.161057	0.0005959838748096964	137.7332514275761	0.000595806346952555	137.81533822445206
6.66001	0.015874896870242412	2.88364	0.16777	0.0006349958748096965	147.15674556558983	0.0006347943502362414	147.2501894919744
6.87001	0.017017596870242412	3.04393	0.173431	0.0006807038748096965	155.33659975914668	0.0006804723010100239	155.4423379845025
7.07001	0.018067396870242412	3.21766	0.179962	0.0007226958748096964	164.20231857533383	0.0007224348558965548	164.3209869136024
7.27001	0.01923659687024241	3.39374	0.186775	0.0007694638748096964	173.1879616372934	0.0007691679892548115	173.32122351732522
7.48001	0.02031239687024241	3.57158	0.192711	0.0008124958748096964	182.2634203045974	0.0008121659787171178	182.41150858172358
7.69001	0.02149689687024241	3.77894	0.198799	0.0008598758748096964	192.84533162517857	0.0008595063933399924	193.01115467341276
7.88001	0.02269989687024241	3.96642	0.205055	0.0009079958748096965	202.41273485811914	0.0009075838959199446	202.59652478637926
8.10001	0.02377829687024241	4.14476	0.211441	0.0009511318748096964	211.513709322396	0.0009506798354979817	211.71488675329178
8.29001	0.02481759687024241	4.32547	0.216927	0.0009927038748096964	220.73562866432417	0.0009922114701658431	220.9547537782078
8.50001	0.02603099687024241	4.49929	0.222626	0.0010412398748096965	229.60594032396642	0.0010406981605748913	229.8450151845249
8.69001	0.027384796870242412	4.70698	0.22921	0.0010953918748096965	240.20469207054967	0.0010947923708846275	240.46781033853495
8.90001	0.02860309687024241	4.91073	0.235901	0.0011441238748096964	250.6023793369869	0.0011434698638881293	250.88909950227048
9.09001	0.02980959687024241	5.10272	0.241089	0.0011923838748096965	260.39993505862253	0.0011916735497547023	260.71043174218795
9.30001	0.03094659687024241	5.28652	0.24678	0.0012378638748096963	269.779542025843	0.0012370983529994117	270.1134923750795
9.50001	0.03219749687024241	5.49538	0.25367	0.0012878998748096964	280.4380007373427	0.0012870712431525939	280.79917680338417
9.71001	0.03355839687024242	5.69993	0.259659	0.0013423358748096967	290.87651327893644	0.0013414357474347664	291.2669672578503
9.91001	0.034644196870242415	5.89195	0.265274	0.0013857678748096967	300.6755999483905	0.001384808584641677	301.09226653553816
10.11	0.036051296870242416	6.10977	0.271736	0.0014420518748096967	311.7913017416438	0.0014410131165138878	312.2409209728697
10.32	0.03721829687024241	6.29568	0.277328	0.0014887318748096963	321.2785853720896	0.0014876248121224005	321.7568830428268
10.51	0.03837799687024242	6.49969	0.283401	0.0015351198748096966	331.6895408529527	0.0015339427827922665	332.1987240593826
10.72	0.039827896870242414	6.73346	0.289589	0.0015931158748096967	343.6191965696399	0.0015918482118917733	344.16662176658434
10.92	0.04107559687024241	6.93589	0.295685	0.0016430238748096964	353.9495221320687	0.0016416755877263632	354.5310696474092
11.13	0.042279596870242415	7.13544	0.301392	0.0016911838748096967	364.13287670393396	0.0016897554336381846	364.74869235330374
11.33	0.043407196870242415	7.33221	0.307388	0.0017362878748096967	374.1743634446301	0.0017347822695418058	374.82403785494364
11.53	0.04487199687024242	7.54462	0.313484	0.0017948798748096968	385.01398431463707	0.0017932710027942446	385.70503816660374
11.73	0.046158596870242416	7.7511	0.319801	0.0018463438748096965	395.55098783254607	0.0018446414771100092	396.28131097610566
11.93	0.04728559687024241	7.95087	0.326027	0.0018914238748096964	405.74556935507934	0.0018896373849909744	406.5130062120558
12.15	0.048701396870242414	8.17224	0.3321	0.0019480558748096967	417.0424333068399	0.0019461608746091145	417.8548552690882
12.35	0.050020196870242416	8.38396	0.338768	0.0020008078748096968	427.8468423770243	0.0019988089246331746	428.7028817084647
12.56	0.05148579687024241	8.62006	0.345222	0.0020594318748096965	439.89540170760506	0.002057314152024995	440.8013363194639
12.76	0.05249439687024241	8.80138	0.351059	0.0020997758748096964	449.14845032184	0.002097574426607503	450.091561402034
12.97	0.053786696870242415	9.00817	0.356407	0.0021514678748096967	459.7012736338722	0.0021491567820359036	460.6903061561046
13.18	0.055043896870242415	9.23197	0.363022	0.0022017558748096966	471.12214435892076	0.002199335562317385	472.159440308016
13.39	0.05647129687024242	9.46295	0.36969	0.0022588518748096966	482.90942192849934	0.0022563045042807454	484.00024278158577
13.6	0.057669596870242416	9.6476	0.375366	0.0023067838748096967	492.3324057505737	0.0023041273334805322	493.46811020520533
13.82	0.05905019687024241	9.87924	0.381882	0.0023620078748096966	504.1533641721565	0.0023592227190537187	505.3441783884429
14.01	0.06040969687024241	10.0853	0.388077	0.0024163878748096963	514.6689344206083	0.002413473104162378	515.9125741932835
14.22	0.061578696870242415	10.2839	0.393852	0.0024631478748096966	524.8038089782251	0.0024601192982847673	526.0964783650018
14.42	0.06271459687024242	10.4868	0.399818	0.002508583874809697	535.1581193898085	0.002505442630567667	536.5006084185833
14.62	0.06414289687024241	10.6905	0.40564	0.0025657158748096966	545.5532550765483	0.002562430044971823	546.9529897236524
14.83	0.06537029687024241	10.8922	0.411682	0.0026148118748096968	555.8463275753968	0.002611399201943266	557.2997611533103
15.02	0.06658069687024241	11.0999	0.417946	0.0026632278748096967	566.4455896379195	0.0026596877674685774	567.9541633218063
15.24	0.06791469687024242	11.3465	0.42495	0.002716587874809697	579.0299807049302	0.0027129046190529126	580.6029665296644
15.44	0.06918629687024241	11.5363	0.430893	0.0027674518748096967	588.7157772358248	0.002763629530348992	590.3450198172662
15.66	0.07054139687024241	11.7688	0.437141	0.0028216558748096966	600.580622828201	0.0028176824764921025	602.2752546709011
15.87	0.07182929687024242	12.0006	0.444366	0.002873171874809697	612.4097463048151	0.0028690522056238187	614.1693047637574
16.08	0.07324989687024241	12.2161	0.450325	0.0029299958748096964	623.4070548001143	0.002925711803064799	625.2336348990059
16.29	0.07465689687024242	12.4435	0.457481	0.002986275874809697	635.0116392633673	0.002981825810221825	636.9079592019228
16.51	0.07572169687024241	12.6201	0.463051	0.0030288678748096962	644.0238187541787	0.0030242900958371327	645.9744818094155
16.71	0.07701669687024242	12.8387	0.469696	0.0030806678748096965	655.1793251907095	0.003075932340777863	657.197715090064
16.91	0.07824269687024242	13.0506	0.475647	0.0031297078748096967	665.9929199478042	0.0031248205337634947	668.0772832339323
17.12	0.07958809687024242	13.2496	0.48159	0.0031835238748096966	676.1482071429992	0.0031784671918838434	678.3007411033487
17.33	0.08063969687024242	13.4331	0.487061	0.0032255878748096967	685.5125046320361	0.0032203968260346235	687.7236854550076
17.52	0.08182529687024241	13.628	0.493034	0.0032730118748096966	695.4585622920538	0.0032676672303246198	697.7348064248737
17.72	0.08317909687024241	13.8593	0.499596	0.0033271638748096966	707.262169971695	0.0033216411117861387	709.6153471136445
17.93	0.08448229687024242	14.0612	0.505684	0.003379291874809697	717.5654487893327	0.0033735948989105503	719.9903118800706
18.14	0.08592169687024241	14.2966	0.512497	0.0034368678748096966	729.5782860041514	0.003430975341793864	732.0857501774778
18.34	0.08703919687024242	14.488	0.518105	0.0034815678748096966	739.3457330853591	0.0034755212478068238	741.9198154380467
18.53	0.08819819687024241	14.6777	0.523766	0.0035279278748096966	749.0264264568591	0.0035217193351665976	751.6689376657254
18.74	0.08954009687024242	14.8996	0.530174	0.003581603874809697	760.3503371534109	0.003575205205433044	763.0736108671725
18.94	0.09081219687024242	15.0986	0.536423	0.0036324878748096967	770.5056243486059	0.0036259063241826837	773.3044766865249
19.15	0.09198679687024242	15.3004	0.543022	0.0036794718748096966	780.8038000068491	0.003672719177342147	783.6767456287188
19.36	0.09345809687024241	15.5212	0.549667	0.0037383238748096965	792.0715759500605	0.0037313537078733287	795.0325960329927
19.56	0.09444369687024241	15.7134	0.555565	0.0037777478748096966	801.8798483064248	0.003770630105766203	804.9091481992173
19.77	0.09564689687024241	15.9083	0.561279	0.0038258758748096968	811.8259059664425	0.0038185758251700276	814.9318511146251
19.97	0.09697209687024241	16.1123	0.56707	0.0038788838748096965	822.2363511313662	0.0038713804018935317	825.4257104550519
20.18	0.09823759687024242	16.3225	0.573578	0.003929503874809697	832.9631921787532	0.003921803540196657	836.2363242699935
20.39	0.09945939687024241	16.5205	0.580055	0.003978375874809696	843.0674477800025	0.003970483064294922	846.4214869750879
20.59	0.10054439687024241	16.7165	0.585152	0.004021775874809697	853.0696401933604	0.004013710152668367	856.5004950918228
20.79	0.10190839687024242	16.9376	0.592178	0.004076335874809696	864.3527256147555	0.004068050127089053	867.8761176386685
21.01	0.10294439687024241	17.0984	0.597229	0.004117775874809697	872.5586059212249	0.004109321037867419	876.1516066980448
21.21	0.10447839687024242	17.3483	0.604286	0.0041791358748096965	885.3114012482562	0.004170427540257804	889.0112378855908
21.41	0.10568939687024241	17.5382	0.610252	0.004227575874809697	895.0023009385454	0.004218664781973662	898.7859910738923
21.62	0.10698539687024242	17.7304	0.616516	0.004279415874809697	904.8105732949095	0.004270285214687594	908.6826340259634
21.82	0.10809939687024242	17.9235	0.622154	0.004323975874809697	914.6647740858251	0.004314654352159355	918.6197625025105
22.03	0.10944039687024242	18.1386	0.628716	0.0043776158748096965	925.641669943546	0.004368061986457086	929.6937736122762
22.23	0.11067939687024242	18.3491	0.634842	0.004427175874809697	936.3838204691167	0.004417404760044363	940.5293563286598
22.43	0.11184239687024242	18.5341	0.640633	0.004473695874809697	945.8246653490719	0.004463718643086027	950.0559972527374
22.65	0.11295739687024241	18.7308	0.646698	0.004518295874809696	955.8625798781919	0.004508119019185632	960.1814498297406
22.84	0.11422439687024241	18.9406	0.65287	0.004568975874809696	966.5690082880005	0.004558569789267495	970.9852387682072
23.05	0.11584339687024242	19.1567	0.660057	0.004633735874809697	977.5969357396673	0.004623033170332633	982.1268617319082
23.26	0.11702339687024241	19.3562	0.665794	0.004680935874809697	987.7777387318353	0.004670014363146606	992.4014629854034
23.47	0.11824039687024242	19.5607	0.67202	0.004729615874809696	998.2136996937318	0.004718466383035992	1002.9348670542558
23.68	0.11941039687024241	19.7464	0.677956	0.004776415874809696	1007.690266689449	0.004765044994166117	1012.5034144761556
23.87	0.12044339687024241	19.9224	0.683861	0.004817735874809697	1016.6718272238929	0.004806167725310472	1021.5698835588178
24.08	0.12173139687024241	20.1295	0.690514	0.004869255874809696	1027.240470330048	0.004857439391219627	1032.242367025045
24.28	0.12296039687024242	20.3047	0.69593	0.004918415874809697	1036.1812055893354	0.004906359981887684	1041.2775756800854
24.48	0.12432639687024241	20.4933	0.702072	0.004973055874809697	1045.8057642074953	0.004960731076826459	1051.0066147070972
24.69	0.1255953968702424	20.6899	0.708359	0.005023815874809696	1055.8385755772206	0.0050112386181307735	1061.1429141744418
24.91	0.1270953968702424	20.8713	0.714119	0.005083815874809696	1065.0957067189715	0.0050709369139534145	1070.5104571809811
25.11	0.1285643968702424	21.0635	0.720444	0.005142575874809696	1074.9039790753357	0.00512939799103193	1080.4317543458653
25.31	0.1300713968702424	21.2332	0.726845	0.005202855874809696	1083.5640405679217	0.005189367784348124	1089.201668102123
25.53	0.1318763968702424	21.3957	0.732971	0.005275055874809697	1091.8566745840985	0.005261191503085897	1097.6162795498135
25.73	0.13377239687024242	21.5332	0.739227	0.0053508958748096965	1098.873518751633	0.0053366306965072505	1104.7534765300586
25.93	0.1364213968702424	21.6579	0.745522	0.005456855874809696	1105.2371585166622	0.005442021179516718	1111.2682783981718
26.13	0.13960439687024243	21.7284	0.752014	0.005584175874809697	1108.8348858898344	0.005568642166518044	1115.0268149087676
26.33	0.1433553968702424	21.7331	0.757263	0.005734215874809696	1109.074734381379	0.005717837839260709	1115.434408329619
26.54	0.14811939687024242	21.7198	0.763115	0.005924775874809697	1108.3960141819011	0.005907293409366367	1114.9630121464613
26.74	0.1540143968702424	21.6882	0.769615	0.006160575874809696	1106.7834158132168	0.006141677105738347	1113.6018390233153
26.94	0.15996939687024242	21.6753	0.776413	0.006398775874809697	1106.1251082513172	0.006378390622688827	1113.2029549085169
27.15	0.16599439687024242	21.6559	0.782234	0.006639775874809697	1105.1350953287706	0.006617829654735275	1112.47294467314
27.35	0.17120539687024242	21.6437	0.788261	0.006848215874809696	1104.5125098826331	0.006824873353628611	1112.0764499867373
27.55	0.17654239687024242	21.6649	0.794456	0.007061695874809697	1105.594379674282	0.007036878865448272	1113.4017509444407
27.77	0.1819033968702424	21.6744	0.800354	0.0072761358748096965	1106.079179816766	0.007249792506278574	1114.1271622174108
27.96	0.1868783968702424	21.6778	0.806091	0.007475135874809696	1106.2526872361818	0.007447335501721762	1114.5220763851457
28.17	0.1927313968702424	21.7153	0.81356	0.007709255874809696	1108.1663720091453	0.007679691411197686	1116.7095101228235
28.38	0.19760239687024242	21.7411	0.819778	0.007904095874809697	1109.4829871329446	0.007873022141456815	1118.2524470347137
28.58	0.2023913968702424	21.7433	0.825089	0.008095655874809697	1109.5952566396254	0.008063061847969923	1118.578157997701
28.78	0.2068563968702424	21.7707	0.831451	0.008274255874809696	1110.9935223137375	0.008240211883215207	1120.1861669926175
28.99	0.21200239687024242	21.7982	0.837654	0.008480095874809697	1112.3968911472443	0.008444341851286133	1121.830123435013
29.19	0.21664439687024242	21.8153	0.843475	0.008665775874809697	1113.2695314037157	0.008628443559670126	1122.9168756511147
29.48	0.2228693968702424	21.8359	0.851753	0.008914775874809697	1114.3207822389973	0.008875273854548029	1124.2547022653005
29.6	0.22565639687024241	21.8506	0.855461	0.009026255874809697	1115.070946669999	0.0089857627126064	1125.135862353209
29.8	0.23027139687024242	21.8763	0.861565	0.009210855874809697	1116.3824586344037	0.009168694638136823	1126.6652965620508
30	0.2350783968702424	21.8994	0.867912	0.009403135874809697	1117.5612884545496	0.00935920159129127	1128.0698690983152
30.21	0.2398593968702424	21.9087	0.873894	0.009594375874809696	1118.0358822782446	0.009548642142316151	1128.7627387743464
30.4	0.2439413968702424	21.9321	0.879181	0.009757655874809696	1119.230021576574	0.009710357383431746	1130.1510829718738
30.62	0.24920039687024242	21.9493	0.886124	0.009968015874809697	1120.1077649924403	0.009918662901060282	1131.2730169753825
30.83	0.25417939687024244	21.9714	0.892387	0.010167175874809697	1121.2355632186402	0.01011583782426206	1132.6353623869754
31.03	0.2591593968702424	21.9927	0.898483	0.010366375874809697	1122.3225361696839	0.010313013466777713	1133.9569534323884
31.24	0.2636883968702424	22.0074	0.904655	0.010547535874809697	1123.0727006006857	0.010492298689599045	1134.918350200291
31.44	0.26819439687024244	22.0249	0.910828	0.010727775874809697	1123.9657534947353	0.010670641540204246	1136.0234061891883
31.64	0.2728723968702424	22.0244	0.916718	0.010914895874809696	1123.9402376977625	0.010855758329782604	1136.2079283617425
31.85	0.27832939687024244	22.0493	0.923599	0.011133175874809697	1125.2109243870107	0.011071658242249986	1137.7380955044684
32.06	0.2831073968702424	22.0565	0.929192	0.011324295874809695	1125.5783518634196	0.011260656036506252	1138.3247341502015
32.26	0.2880733968702424	22.0762	0.935791	0.011522935874809697	1126.58367426415	0.011457052479619464	1139.5652257003032
32.47	0.2930763968702424	22.095	0.942177	0.011723055874809696	1127.5430682303293	0.011654873210730334	1140.7613186204476
32.67	0.2979083968702424	22.1058	0.94825	0.011916335874809695	1128.0942094449429	0.01184589538728601	1141.5369589431168
32.88	0.3027393968702424	22.1145	0.954483	0.012109575874809698	1128.5381843122705	0.012036841559926731	1142.20430308282
33.1	0.3077193968702424	22.1211	0.960503	0.012308775874809696	1128.874992832312	0.012233638828110651	1142.7700621097624
33.31	0.3125703968702424	22.1363	0.966202	0.012502815874809696	1129.6506730602869	0.012425301105613056	1143.7744874284144
33.5	0.3175573968702424	22.1552	0.972336	0.012702295874809698	1130.6151701858607	0.0126222984363899	1144.9765785981099
33.71	0.32291839687024243	22.1719	0.978561	0.012916735874809697	1131.467397804754	0.012834026305688003	1146.0822633331563
33.92	0.32813439687024243	22.1845	0.984619	0.013125375874809697	1132.1103958884698	0.013039984513099042	1146.9697703662857
34.12	0.3328843968702424	22.1905	0.990402	0.013315375874809696	1132.416585452144	0.01322750541682409	1147.4951379343079
34.32	0.33774639687024244	22.2085	0.996956	0.013509855874809698	1133.3351541431666	0.01341941145544092	1148.646348733496
34.54	0.3430023968702424	22.2126	1.00312	0.013720095874809697	1133.544383678344	0.013626827491862642	1149.096721300763
34.73	0.34801239687024244	22.2322	1.00934	0.013920495874809697	1134.5446029196796	0.013824495659947186	1150.3380263844106
34.93	0.35275339687024243	22.2321	1.01493	0.014110135874809698	1134.5394997602853	0.014011514531934574	1150.5480062572415
35.14	0.35746939687024243	22.2389	1.02054	0.014298775874809697	1134.8865145991163	0.01419751253209233	1151.1140025147129
35.35	0.3630983968702424	22.2518	1.02715	0.014523935874809697	1135.5448221610156	0.014419473770617988	1152.0374023410545
35.56	0.36821639687024244	22.2715	1.03365	0.014728655874809697	1136.550144561746	0.01462124264012866	1153.2900005254612
35.7601	0.3728693968702424	22.278	1.03931	0.014914775874809695	1136.881849922393	0.014804644313161653	1153.8381879101244
35.9601	0.3782273968702424	22.2934	1.04532	0.015129095874809697	1137.6677364691568	0.015015792460035482	1154.8796207278763
36.1701	0.3827263968702424	22.2935	1.05143	0.015309055874809695	1137.6728396285514	0.015193054693131569	1155.0895366976783
36.3701	0.38805939687024243	22.3123	1.05824	0.015522375874809697	1138.6322335947307	0.015403136138050756	1156.3065111077622
36.5801	0.3928713968702424	22.3224	1.06416	0.015714855874809697	1139.1476526935821	0.01559265609915374	1157.0491938757896
36.7901	0.3984503968702424	22.3241	1.07057	0.015938015874809697	1139.2344064032902	0.015812339297992042	1157.3915424576753
36.9901	0.4034553968702424	22.3442	1.07652	0.016138215874809694	1140.2601414415988	0.016009379150650965	1158.6619057576245
37.1901	0.4081443968702424	22.337	1.08178	0.016325775874809698	1139.8927139651896	0.0161939433065658	1158.5023469347138
37.3901	0.4130363968702424	22.358	1.08779	0.016521455874809698	1140.9643774380495	0.0163864614629213	1159.814770054622
37.6001	0.4178723968702424	22.3701	1.09357	0.016714895874809697	1141.5818597247926	0.01657673939142408	1160.6632816426643
37.8001	0.4226033968702424	22.3691	1.09956	0.016904135874809698	1141.5308281308467	0.016762850946825184	1160.8274203548544
38.0001	0.4277303968702424	22.3807	1.106	0.017109215874809694	1142.122794620617	0.016964501541221224	1161.663620069322
38.2101	0.4334833968702424	22.4014	1.11309	0.017339335874809694	1143.179148615293	0.01719072500682188	1163.0011158382124
38.4201	0.4386033968702424	22.4105	1.11884	0.017544135874809696	1143.6435361201989	0.01739201417500732	1163.7077737102393
38.6301	0.4437793968702424	22.4116	1.12535	0.017751175874809698	1143.6996708735392	0.01759546376732836	1164.0016848791772
38.8301	0.44847639687024243	22.4199	1.13081	0.017939055874809696	1144.1232331032884	0.01778004980856696	1164.647723709596
39.0401	0.4536513968702424	22.4388	1.13773	0.018146055874809698	1145.0877302288623	0.01798338119144355	1165.8665561631542
39.2401	0.4583903968702424	22.4368	1.14355	0.018335615874809696	1144.985667040971	0.018169545401195315	1165.9796844139971
39.4501	0.4639263968702424	22.4558	1.14996	0.018557055874809696	1145.9552673259393	0.018386974629493315	1167.2208232517391
39.6601	0.4685283968702424	22.4555	1.15597	0.018741135874809696	1145.9399578477555	0.018567684553299806	1167.416174302154
39.8601	0.4735013968702424	22.4665	1.16164	0.018940055874809694	1146.5013053811583	0.018762926087095354	1168.2161041656195
40.0701	0.4789873968702424	22.486	1.16908	0.019159495874809696	1147.4964214630995	0.01897826394991934	1169.4818744164809
40.2701	0.4835863968702424	22.4851	1.17438	0.019343455874809696	1147.4504930285484	0.019158749340280404	1169.6461510089748
40.4701	0.4888143968702424	22.508	1.18127	0.019552575874809696	1148.619116529905	0.019363879957513184	1171.0775789571128
40.6801	0.4934023968702424	22.5008	1.18645	0.019736095874809696	1148.2516890534962	0.01954386428541901	1170.913694477068
40.8901	0.49890739687024244	22.5192	1.19334	0.019956295874809696	1149.1906703820969	0.019759779196653816	1172.1242594168127
41.1001	0.5035393968702424	22.5266	1.19935	0.020141575874809695	1149.568304177295	0.019941417541632513	1172.7224213991583
41.3001	0.5085413968702425	22.5321	1.20531	0.020341655874809697	1149.8489779439965	0.020137527950704212	1173.2388101613349
41.5101	0.5141523968702424	22.5499	1.2126	0.020566095874809696	1150.75734031623	0.02035746929857978	1174.4239261058146
41.7301	0.5190193968702425	22.553	1.21855	0.0207607758748097	1150.9155382574618	0.020548207982603723	1174.8094377980608
41.9301	0.5244273968702424	22.5696	1.22501	0.020977095874809698	1151.7626627169604	0.020760105899376054	1175.9232985178003
42.1501	0.5296643968702424	22.5671	1.23142	0.021186575874809696	1151.635083732096	0.020965260856966057	1176.034287813679
42.3601	0.5343603968702424	22.5782	1.23782	0.021374415874809694	1152.2015344248935	0.02114918682176045	1176.829169193285
42.5601	0.5396143968702424	22.5844	1.24307	0.021584575874809695	1152.5179303073567	0.021354927614003472	1177.3945410211545
42.7601	0.5445163968702424	22.605	1.24947	0.021780655874809696	1153.5691811426384	0.021546846315129653	1178.6946745048922
42.9701	0.5496173968702425	22.5923	1.2561	0.0219846958748097	1152.921079899528	0.021746516987208805	1178.2676992087763
43.1701	0.5545483968702424	22.6196	1.26193	0.022181935874809697	1154.3142424142454	0.0219394953849074	1179.9191669188576
43.3701	0.5593043968702424	22.6182	1.26809	0.022372175874809695	1154.2427981827216	0.02212558975086794	1180.0657210658978
43.5801	0.5643093968702424	22.6223	1.27402	0.022572375874809696	1154.452027717899	0.022321389681451295	1180.5107528169838
43.7801	0.5692663968702424	22.6404	1.28055	0.022770655874809694	1155.3756995683163	0.022515274029986723	1181.684362029304
43.9801	0.5741703968702424	22.6485	1.28661	0.022966815874809695	1155.7890554792764	0.022707048393325165	1182.3338499065892
44.1901	0.5789543968702424	22.657	1.29267	0.023158175874809696	1156.2228240278148	0.022894094640577293	1182.99883553712
44.3901	0.5841373968702425	22.6595	1.29901	0.023365495874809697	1156.3504030126792	0.02309670163073449	1183.3691035841066
44.5901	0.5889083968702424	22.6774	1.30501	0.023556335874809698	1157.2638685443071	0.023283166983336392	1184.5247649275184
44.7901	0.5937673968702424	22.6776	1.31081	0.023750695874809696	1157.2740748630965	0.02347303591610497	1184.7601394589717
45.0001	0.5985993968702424	22.6852	1.31679	0.023943975874809696	1157.6619149770836	0.023661814060855244	1185.3809439404808
45.2001	0.6034383968702424	22.695	1.3233	0.024137535874809695	1158.1620245977517	0.02385082997596007	1186.1172020153222
45.4101	0.6088053968702424	22.7045	1.32992	0.024352215874809693	1158.6468247402358	0.024060428291599774	1186.8624423389729
45.6301	0.6137183968702424	22.7176	1.33581	0.0245487358748097	1159.3153386209246	0.024252257965391332	1187.7750646643453
45.8301	0.6191703968702424	22.7192	1.34242	0.024766815874809698	1159.3969891712377	0.024465090001567536	1188.1115609278506
46.0401	0.6243153968702424	22.7383	1.34853	0.024972615874809697	1160.3716926156005	0.024665896013788987	1189.3492091672924
46.2501	0.6289023968702424	22.731	1.35474	0.025156095874809697	1159.999161979797	0.024844889653981753	1189.1802121132596
46.4401	0.6338893968702424	22.7375	1.36018	0.025355575874809695	1160.330867340444	0.02503945572583358	1189.7517246871782
46.6501	0.6392923968702424	22.7498	1.36715	0.025571695874809695	1160.9585559459763	0.025250209177481556	1190.6462350618851
46.8501	0.6441623968702425	22.7628	1.37299	0.025766495874809697	1161.6219666672703	0.02544013398009954	1191.5528942794908
47.0501	0.6486903968702424	22.7599	1.37891	0.025947615874809697	1161.4739750448277	0.025616688792910354	1191.6114555978793
47.2501	0.6537633968702424	22.7751	1.38525	0.026150535874809696	1162.2496552728026	0.02581445711163173	1192.6431065784993
47.4601	0.6585963968702424	22.797	1.39127	0.026343855874809696	1163.3672471802136	0.026002832779159688	1194.014826269403
47.6701	0.6639653968702424	22.7934	1.39762	0.026558615874809694	1163.1835334420089	0.026212058501023018	1194.076078098599
47.8801	0.6685813968702424	22.7978	1.40289	0.026743255874809697	1163.40807245537	0.026391905413002324	1194.5213922238631
48.0901	0.6741653968702425	22.8066	1.40981	0.0269666158748097	1163.857150482092	0.02660942396706204	1195.2424391922932
48.3001	0.6787293968702424	22.8112	1.41586	0.027149175874809695	1164.0918958142424	0.026787174414445756	1195.696031428144
48.5101	0.6840843968702424	22.8261	1.42249	0.027363375874809696	1164.8522665640335	0.02699569102885509	1196.7265569726492
48.7101	0.6891213968702424	22.8325	1.42899	0.027564855874809696	1165.1788687652859	0.027191785469072055	1197.2968563511747
48.9201	0.6939543968702424	22.8343	1.4348	0.027758175874809696	1165.270725634388	0.02737990188443251	1197.6165153783147
49.1301	0.6990973968702424	22.8516	1.44098	0.027963895874809696	1166.153572209649	0.027580045671876975	1198.7637692769567
49.3301	0.7039013968702424	22.8481	1.44698	0.028156055874809696	1165.9749616308388	0.027766960837401294	1198.8042177991458
49.5301	0.7088743968702425	22.8629	1.4529	0.028354975874809698	1166.7302292212355	0.0279604146993541	1199.8128367232148
49.7301	0.7138073968702424	22.8605	1.45905	0.028552295874809695	1166.6077533957657	0.02815227556086732	1199.9170831405686
49.9401	0.7190493968702424	22.8874	1.46545	0.028761975874809696	1167.980503272905	0.028356114131964857	1201.5739303302885
50.1501	0.7238973968702425	22.8814	1.4711	0.0289558958748097	1167.6743137092308	0.028544594781558737	1201.4853695526851
50.3501	0.7291503968702424	22.895	1.4777	0.029166015874809697	1168.3683433868925	0.02874878093742293	1202.4449930377398
50.5501	0.7339583968702424	22.8807	1.48314	0.029358335874809696	1167.6385915934688	0.0289356332332397	1201.9185175458597
50.7601	0.7389873968702424	22.9161	1.48975	0.029559495874809695	1169.4451100191468	0.029131036855024026	1204.0133179245743
50.9701	0.7447113968702425	22.9189	1.4965	0.0297884558748097	1169.587998482195	0.02935339850182462	1204.4282189666887
51.1801	0.7491443968702424	22.9106	1.50161	0.029965775874809693	1169.1644362524453	0.029525574383495293	1204.1993557099843
51.3901	0.7543903968702425	22.9172	1.50838	0.0301756158748097	1169.501244772487	0.02972928855725633	1204.7916650998534
51.6001	0.7593483968702424	22.9359	1.51453	0.030373935874809695	1170.4555355792718	0.029921780895471588	1206.0068769612726
51.8101	0.7646373968702425	22.9463	1.52134	0.030585495874809698	1170.986264156307	0.03012708333615437	1206.8014597081187
52.0201	0.7693983968702424	22.9434	1.52706	0.030775935874809694	1170.8382725338645	0.03031185442734537	1206.8719161291397
52.2101	0.7740453968702424	22.9436	1.53273	0.030961815874809697	1170.8484788526537	0.030492168340059023	1207.1000738721905
52.4201	0.7789813968702424	22.9595	1.53919	0.031159255874809694	1171.6598811963904	0.030683660491813047	1208.1679312328379
52.6301	0.7844823968702425	22.9637	1.54567	0.0313792958748097	1171.8742138909624	0.030897028625609356	1208.646801576707
52.8401	0.7891073968702425	22.9645	1.55136	0.031564295874809696	1171.915039166119	0.03107638399066702	1208.9057122024976
53.0501	0.7945373968702424	22.9826	1.55798	0.0317814958748097	1172.8387110165363	0.031286915838184555	1210.1132796725256
53.2401	0.7992343968702424	22.9845	1.56334	0.0319693758748097	1172.935671045033	0.03146899207915998	1210.4336923896437
53.4501	0.8043203968702424	22.9936	1.57	0.0321728158748097	1173.4000585499389	0.0316661102830047	1211.1516425811571
53.6501	0.8096613968702424	23.0082	1.57657	0.0323864558748097	1174.145119821546	0.031873069708859704	1212.1715189352697
53.8601	0.8145863968702424	23.0079	1.58253	0.032583455874809694	1174.1298103433624	0.03206387152100886	1212.387017209984
54.0601	0.8195523968702424	23.0025	1.58813	0.032782095874809694	1173.8542397360557	0.03225622487990382	1212.335641966135
54.2701	0.8248283968702425	23.0161	1.59414	0.0329931358748097	1174.5482694137172	0.03246054527012884	1213.3003000580065
54.4801	0.8298963968702424	23.0307	1.60064	0.03319585587480969	1175.2933306853245	0.032656771270228584	1214.3081987013798
54.6801	0.8346083968702425	23.0205	1.60609	0.0333843358748097	1174.7728084270782	0.03283917890316235	1213.991818440201
54.8801	0.8398883968702424	23.0297	1.6125	0.0335955358748097	1175.2422990913785	0.033043535030303835	1214.7251939120968
55.0801	0.8442573968702424	23.0357	1.61877	0.033770295874809696	1175.5484886550528	0.03321260041557075	1215.247108932119
55.2901	0.8497143968702424	23.0395	1.62428	0.0339885758748097	1175.7424087120467	0.03342372754822935	1215.7042187797877
55.4901	0.8544843968702425	23.0455	1.63062	0.0341793758748097	1176.048598275721	0.0336082386759449	1216.2452053632298
55.7001	0.8599193968702424	23.0581	1.63712	0.034396775874809694	1176.6915963594367	0.03381843156695011	1217.1659934731842
55.8901	0.8642753968702425	23.0596	1.64278	0.0345710158748097	1176.7681437503552	0.033986863382183506	1217.4502139289189
56.1001	0.8692543968702424	23.0733	1.6485	0.0347701758748097	1177.4672765874113	0.0341793497652016	1218.408020881189
56.3001	0.8747163968702424	23.0728	1.65498	0.0349886558748097	1177.4417607904386	0.03439046614983525	1218.6388653713652
56.5101	0.8795433968702424	23.0727	1.66083	0.035181735874809696	1177.436657631044	0.03457700152038196	1218.860923129138
56.7201	0.8846853968702424	23.0833	1.66701	0.035387415874809695	1177.9775925268686	0.0347756715338928	1219.6631754848243
56.9301	0.8896703968702424	23.0899	1.67319	0.0355868158748097	1178.3144010469102	0.03496823790923352	1220.2468586796033
57.1301	0.8946313968702424	23.1032	1.67911	0.0357852558748097	1178.993121246388	0.035159840377291904	1221.1836917648307
57.3301	0.8997073968702424	23.1014	1.68539	0.03598829587480969	1178.9012643772858	0.035355846355337624	1221.3279118868827
57.5301	0.9046263968702424	23.1065	1.69144	0.0361850558748097	1179.161525506409	0.03554575324746645	1221.8295511922843
57.7401	0.9098643968702425	23.1076	1.69766	0.036394575874809695	1179.2176602597492	0.03574793607075002	1222.1347868689882
57.9501	0.9148703968702424	23.1153	1.70361	0.0365948158748097	1179.610603533131	0.035941125675501305	1222.7782363733993
58.1501	0.9200573968702425	23.1277	1.70982	0.036802295874809696	1180.2433952980577	0.036141260998847534	1223.679061936107
58.3501	0.9250333968702424	23.1234	1.71549	0.0370013358748097	1180.0239594440914	0.03633321745756324	1223.686422307805
58.5501	0.9298113968702424	23.1249	1.72047	0.037192455874809696	1180.1005068350098	0.03651750110675848	1223.9913428633115
58.7501	0.9350183968702425	23.1298	1.72713	0.0374007358748097	1180.3505616453438	0.03671829228020676	1224.4965412411245
58.9601	0.9402893968702424	23.1305	1.73392	0.0376115758748097	1180.3862837611057	0.036921510352245925	1224.782472034371
59.1701	0.9453183968702424	23.1386	1.73956	0.0378127358748097	1180.799639672066	0.03711535986965895	1225.4489045680562
59.3701	0.9505443968702424	23.1556	1.74608	0.0380217758748097	1181.6671767691428	0.03731676320843503	1226.596261322878
59.5801	0.9560123968702424	23.15	1.75246	0.038240495874809696	1181.381399843047	0.03752744950157358	1226.558010390322
59.7901	0.9607673968702424	23.1407	1.75787	0.0384306958748097	1180.906806019352	0.03771062727308358	1226.2898763379746
60.0001	0.9657523968702424	23.1465	1.76387	0.03863009587480969	1181.202789264237	0.0379026293573793	1226.832766261107
60.2001	0.9706143968702424	23.1629	1.77016	0.0388245758748097	1182.0397074049465	0.038089858473097454	1227.9318977121277
60.4101	0.9755153968702425	23.1667	1.77583	0.0390206158748097	1182.2336274619402	0.03827855395566772	1228.3651117134154
60.6101	0.9805933968702424	23.1713	1.78259	0.03922373587480969	1182.4683727940903	0.03847402663959526	1228.8491999288817
60.8201	0.9864283968702424	23.1903	1.7891	0.039457135874809694	1183.4379730790588	0.03869859213606259	1230.1330459822486
61.0401	0.9918933968702424	23.1754	1.79541	0.039675735874809694	1182.677602329268	0.038908872107848616	1229.6012065043371
61.2501	0.9968053968702424	23.1853	1.80096	0.03987221587480969	1183.1828151093305	0.03909783625307969	1230.3589357327348
61.4501	1.0017803968702423	23.184	1.80651	0.04007121587480969	1183.116474037201	0.039289187611553776	1230.5253896733896
61.6601	1.0071703968702423	23.1906	1.81282	0.040286815874809694	1183.4532825572426	0.039496459626737174	1231.1308470480653
61.8601	1.0117103968702423	23.2002	1.81877	0.04046841587480969	1183.943185859121	0.03967101163332594	1231.855491076615
62.0601	1.0175303968702425	23.1938	1.82534	0.0407012158748097	1183.6165836578687	0.03989473198501616	1231.7912177423323
62.2601	1.0224503968702423	23.2117	1.83137	0.04089801587480969	1184.5300491894968	0.04008381737435025	1232.974977945438
62.4601	1.0274903968702425	23.2086	1.83709	0.041099615874809696	1184.3718512482653	0.04027747753760458	1233.0490793875063
62.6701	1.0323503968702423	23.2091	1.84283	0.04129401587480969	1184.397367045238	0.04046418575415001	1233.3058907220868
62.8801	1.0377903968702424	23.2165	1.84969	0.0415116158748097	1184.7750008404362	0.040673134680996294	1233.9569255734016
63.0901	1.0430303968702423	23.2288	1.85598	0.041721215874809696	1185.4026894459685	0.04087436038895641	1234.8591309509238
63.3001	1.0483903968702424	23.2176	1.86178	0.04193561587480969	1184.8311355937767	0.041080152434450366	1234.5177589725517
63.5101	1.0532003968702424	23.2234	1.86842	0.042128015874809695	1185.1271188386618	0.04126479171092492	1235.0541729147644
63.7101	1.0582803968702423	23.2223	1.87401	0.042331215874809695	1185.0709840853212	0.04145975834548287	1235.23647973961
63.9201	1.0637303968702425	23.2317	1.88113	0.0425492158748097	1185.550681068411	0.04166888304872697	1235.9949329277185
64.1201	1.0688203968702423	23.2392	1.88705	0.042752815874809696	1185.9334180230037	0.04186415452264002	1236.6354110835248
64.3301	1.0739803968702424	23.2332	1.89246	0.04295921587480969	1185.6272284593297	0.04206207254538909	1236.5608445137664
64.5401	1.0793103968702424	23.2416	1.89917	0.043172415874809696	1186.0558938484733	0.04226647000286244	1237.2607921484687
64.7401	1.0841703968702423	23.2388	1.90495	0.04336681587480969	1185.9130053854255	0.04245280726180726	1237.3422763335175
64.9401	1.0893903968702423	23.2585	1.91121	0.043575615874809695	1186.918327786156	0.04265290861344988	1238.639024912537
65.1501	1.0947203968702424	23.2684	1.9177	0.04378881587480969	1187.4235405662184	0.042857185353532674	1239.419411349487
65.3501	1.0996803968702424	23.2581	1.92318	0.0439872158748097	1186.8979151485776	0.043047244054830354	1239.1062499635798
65.5601	1.1053403968702424	23.2513	1.93009	0.044213615874809695	1186.5509003097468	0.04326408143698697	1239.0126060319515
65.7701	1.1103903968702424	23.2582	1.93594	0.044415615874809695	1186.903018307972	0.043457509736810805	1239.620046849791
65.9601	1.1156703968702424	23.275	1.94212	0.0446268158748097	1187.76034908626	0.04365970764098909	1240.7663114883323
66.1601	1.1206903968702424	23.2734	1.94768	0.0448276158748097	1187.6786985359468	0.04385191092388148	1240.9195030166102
66.3701	1.1260003968702423	23.2795	1.95397	0.04504001587480969	1187.9899912590156	0.04405517738679462	1241.4970793244368
66.5701	1.1311003968702424	23.2682	1.95953	0.045244015874809695	1187.4133342474292	0.044250366172193335	1241.1366819920806
66.7701	1.1362703968702423	23.2793	1.96589	0.045450815874809695	1187.9797849402264	0.0444481951403755	1241.9744354085406
66.9701	1.1414203968702423	23.2805	1.9724	0.04565681587480969	1188.0410228529613	0.04464521991092158	1242.2831930850793
67.1801	1.1469003968702425	23.2786	1.97894	0.045876015874809696	1187.9440628244647	0.04485482694885583	1242.4422035089858
67.3801	1.1517603968702423	23.2716	1.98409	0.04607041587480969	1187.5868416668445	0.04504068256887478	1242.299461349888
67.5801	1.1567503968702424	23.2793	1.99003	0.046270015874809695	1187.9797849402264	0.04523147370169109	1242.9476284483637
67.7801	1.1618303968702424	23.2901	1.9964	0.046473215874809695	1188.53092615484	0.04542566857238124	1243.7657804599214
67.9801	1.1668803968702424	23.2877	2.00281	0.046675215874809696	1188.4084503293705	0.04561867925195169	1243.8776712959418
68.1901	1.1720203968702425	23.2906	2.00921	0.0468808158748097	1188.556441951813	0.04581509147836751	1244.276937663775
68.4001	1.1775503968702423	23.2833	2.01519	0.047102015874809694	1188.1839113160092	0.04602636350741073	1244.1497687690094
68.6001	1.1825803968702424	23.2907	2.02093	0.0473032158748097	1188.5615451112076	0.046218494426078144	1244.7843284601004
68.8101	1.1877203968702423	23.2994	2.0268	0.04750881587480969	1189.005519978535	0.046414788888343925	1245.4937643013275
69.0101	1.1927903968702425	23.3004	2.0331	0.047711615874809696	1189.0565515724809	0.046608372339097155	1245.788361014533
69.2201	1.1987003968702423	23.3045	2.0397	0.047948015874809694	1189.2657811076583	0.04683398149568094	1246.2887156595764
69.4201	1.2040203968702423	23.3029	2.04568	0.04816081587480969	1189.1841305573453	0.047037024388786215	1246.4562085103632
69.6201	1.2090803968702424	23.3083	2.05128	0.0483632158748097	1189.459701164652	0.04723010588707931	1246.9857974664646
69.8401	1.2149103968702424	23.3139	2.05866	0.048596415874809694	1189.7454780907478	0.047452523140545294	1247.5628441292201
70.0501	1.2202803968702425	23.3024	2.06419	0.0488112158748097	1189.158614760372	0.04765734741742821	1247.2028926148303
70.2601	1.2256003968702425	23.3155	2.0706	0.0490240158748097	1189.8271286410609	0.04786022321769047	1248.1572326838395
70.4601	1.2313203968702424	23.31	2.07699	0.049252815874809695	1189.5464548743596	0.048078306930425536	1248.1349673908192
70.6701	1.2365003968702424	23.3178	2.08329	0.04946001587480969	1189.944501307136	0.048275761291535456	1248.7991752319297
70.8701	1.2415803968702424	23.3121	2.08896	0.049663215874809694	1189.6536212216456	0.04846936593328409	1248.7356458286251
71.0701	1.2468903968702425	23.3095	2.09531	0.0498756158748097	1189.5209390773869	0.048671696080755285	1248.8490285098535
71.2901	1.2523603968702424	23.3085	2.10159	0.05009441587480969	1189.4699074834411	0.04888008000765308	1249.0557076994883
71.5001	1.2580603968702424	23.3192	2.10823	0.0503224158748097	1190.01594553866	0.04909717977323198	1249.9004228477113
71.7001	1.2629503968702425	23.3171	2.11404	0.050518015874809696	1189.908779191374	0.049283390965295125	1250.0206097881392
71.9201	1.2682803968702425	23.3264	2.12016	0.0507312158748097	1190.383373015069	0.049486317869453	1250.7729688852805
72.1001	1.2735903968702424	23.3281	2.12597	0.050943615874809695	1190.4701267247767	0.04968844238226016	1251.1169795710798
72.3101	1.2787303968702424	23.3179	2.13187	0.051149215874809695	1189.9496044665307	0.0498840569598375	1250.8145936655337
72.5101	1.2838303968702425	23.3231	2.13779	0.0513532158748097	1190.2149687550482	0.05007811143279285	1251.3363349829563
72.7101	1.2895403968702424	23.3302	2.144	0.051581615874809694	1190.577293072063	0.05029533166943515	1251.989193672577
72.9101	1.2944403968702425	23.3196	2.14948	0.051777615874809696	1190.0363581762385	0.05048170021514891	1251.6536036069454
73.1201	1.3001303968702425	23.3299	2.15611	0.0520052158748097	1190.561983593879	0.05069807235912972	1252.4774165630201
73.3201	1.3057303968702425	23.3278	2.16228	0.0522292158748097	1190.4548172465932	0.0509109763944086	1252.6313388857725
73.5301	1.3109903968702423	23.3356	2.16844	0.05243961587480969	1190.8528636793696	0.05111091283811603	1253.3007304141329
73.7401	1.3168903968702423	23.3319	2.17538	0.05267561587480969	1190.6640467817706	0.05133512859355708	1253.3830087459935
73.9401	1.3221203968702424	23.3374	2.18082	0.0528848158748097	1190.9447205484719	0.051533840535075245	1253.9276128117544
74.1501	1.3275703968702424	23.3333	2.18685	0.053102815874809695	1190.7354910132947	0.05174086929202723	1253.9668985481749
74.3601	1.3332703968702424	23.3286	2.19303	0.053330815874809694	1190.49564252175	0.05195734893558564	1253.9857464328404
74.5501	1.3381503968702424	23.3371	2.19881	0.05352601587480969	1190.929411070288	0.05214264866513251	1254.675117633014
74.7601	1.3437303968702423	23.3326	2.20525	0.05374921587480969	1190.6997688975325	0.05235448620535676	1254.698947818092
74.9701	1.3491403968702425	23.3327	2.21136	0.0539656158748097	1190.7048720569271	0.052559827077376664	1254.9619938026156
75.1801	1.3550903968702424	23.3405	2.21809	0.054203615874809694	1191.1029184897036	0.052785615403500324	1255.6650035508842
75.3801	1.3605203968702424	23.3364	2.22406	0.054420815874809694	1190.8936889545262	0.05299162648588922	1255.7030951275933
75.5901	1.3655003968702424	23.3281	2.22961	0.0546200158748097	1190.4701267247767	0.053180527523359666	1255.4936239449708
75.7901	1.3708103968702423	23.3312	2.23599	0.05483241587480969	1190.6283246660087	0.053381906798398854	1255.913352116423
75.9901	1.3760503968702424	23.3309	2.24187	0.0550420158748097	1190.6130151878249	0.05358059160876999	1256.1467556705481
76.1901	1.3816603968702423	23.3491	2.24853	0.055266415874809696	1191.5417901976366	nan	nan
76.3901	1.3867703968702425	23.33	2.25369	0.055470815874809704	1190.5670867532738	nan	nan
76.6001	1.3927203968702424	23.3429	2.26095	0.0557088158748097	1191.2253943151734	nan	nan
76.8001	1.3984103968702424	23.3304	2.26679	0.05593641587480969	1190.5874993908521	nan	nan
77.0001	1.4036203968702423	23.3257	2.27241	0.05614481587480969	1190.3476508993072	nan	nan
77.2101	1.4091503968702423	23.332	2.27914	0.056366015874809695	1190.6691499411652	nan	nan
77.4101	1.4144203968702425	23.3274	2.28447	0.0565768158748097	1190.434404609015	nan	nan
77.6101	1.4197003968702424	23.3311	2.29037	0.056788015874809694	1190.6232215066138	nan	nan
77.8101	1.4251903968702424	23.3313	2.2962	0.057007615874809695	1190.633427825403	nan	nan
78.0301	1.4312603968702424	23.3343	2.30285	0.057250415874809696	1190.7865226072402	nan	nan
78.2301	1.4367203968702424	23.3303	2.30889	0.057468815874809696	1190.5823962314576	nan	nan
78.4401	1.4426603968702425	23.336	2.31584	0.0577064158748097	1190.8732763169478	nan	nan
78.6401	1.4483403968702424	23.3316	2.32206	0.0579336158748097	1190.6487373035868	nan	nan
78.8601	1.4536303968702424	23.3311	2.3282	0.0581452158748097	1190.6232215066138	nan	nan
79.0601	1.4597003968702424	23.3269	2.33424	0.0583880158748097	1190.4088888120418	nan	nan
79.2701	1.4651803968702424	23.3159	2.34059	0.058607215874809694	1189.847541278639	nan	nan
79.4801	1.4711603968702425	23.3286	2.34737	0.058846415874809696	1190.49564252175	nan	nan
79.6801	1.4764003968702424	23.3103	2.35252	0.05905601587480969	1189.5617643525434	nan	nan
79.8901	1.4818303968702424	23.323	2.35921	0.059273215874809694	1190.2098655956538	nan	nan
80.1001	1.4875903968702424	23.317	2.36534	0.0595036158748097	1189.9036760319796	nan	nan
80.3001	1.4924703968702424	23.3238	2.37152	0.0596988158748097	1190.2506908708103	nan	nan
80.5101	1.4983903968702423	23.3183	2.3782	0.059935615874809695	1189.9700171041088	nan	nan
80.7201	1.5049203968702425	23.3324	2.38539	0.0601968158748097	1190.6895625787433	nan	nan
80.9401	1.5102803968702425	23.3076	2.39073	0.0604112158748097	1189.42397904889	nan	nan
81.1601	1.5162403968702425	23.3174	2.3972	0.0606496158748097	1189.9240886695577	nan	nan
81.3601	1.5219803968702423	23.3185	2.40357	0.06087921587480969	1189.980223422898	nan	nan
81.5801	1.5279403968702425	23.3203	2.40975	0.061117615874809704	1190.0720802920002	nan	nan
81.7901	1.5342503968702423	23.3211	2.41655	0.0613700158748097	1190.112905567157	nan	nan
81.9901	1.5400703968702425	23.3169	2.42269	0.0616028158748097	1189.898572872585	nan	nan
82.1901	1.5456303968702425	23.3067	2.42801	0.0618252158748097	1189.378050614339	nan	nan
82.4001	1.5513103968702424	23.3096	2.43445	0.0620524158748097	1189.5260422367812	nan	nan
82.6001	1.5571403968702424	23.3054	2.44046	0.0622856158748097	1189.3117095422092	nan	nan
82.8001	1.5626603968702424	23.3135	2.44693	0.06250641587480969	1189.7250654531695	nan	nan
83.0001	1.5681703968702425	23.2913	2.45234	0.0627268158748097	1188.592164067575	nan	nan
83.2001	1.5735803968702424	23.2908	2.4584	0.0629432158748097	1188.566648270602	nan	nan
83.4101	1.5798103968702424	23.2971	2.46548	0.0631924158748097	1188.88814731246	nan	nan
83.6101	1.5853203968702425	23.2935	2.4715	0.0634128158748097	1188.7044335742555	nan	nan
83.8201	1.5907003968702425	23.2873	2.47717	0.06362801587480969	1188.388037691792	nan	nan
84.0201	1.5963403968702423	23.2961	2.48335	0.0638536158748097	1188.8371157185143	nan	nan
84.2201	1.6021003968702423	23.2783	2.48866	0.06408401587480969	1187.928753346281	nan	nan
84.4301	1.6082703968702423	23.2761	2.49619	0.0643308158748097	1187.8164838396	nan	nan
84.6301	1.6139103968702424	23.2834	2.50169	0.0645564158748097	1188.1890144754038	nan	nan
84.8301	1.6197603968702423	23.2819	2.50758	0.06479041587480969	1188.1124670844854	nan	nan
85.0301	1.6254903968702423	23.277	2.51367	0.0650196158748097	1187.8624122741514	nan	nan
85.2301	1.6312003968702424	23.2697	2.51974	0.0652480158748097	1187.4898816383477	nan	nan
85.4401	1.6371603968702424	23.2762	2.5256	0.06548641587480969	1187.821586998995	nan	nan
85.6401	1.6430703968702425	23.2734	2.5319	0.0657228158748097	1187.6786985359468	nan	nan
85.8501	1.6492803968702423	23.2603	2.53813	0.0659712158748097	1187.0101846552582	nan	nan
86.0501	1.6550003968702425	23.2585	2.54439	0.0662000158748097	1186.918327786156	nan	nan
86.2501	1.6608703968702425	23.2582	2.54993	0.0664348158748097	1186.903018307972	nan	nan
86.4501	1.6666303968702425	23.2528	2.5563	0.0666652158748097	1186.6274477006652	nan	nan
86.6501	1.6724303968702423	23.243	2.56212	0.06689721587480969	1186.1273380799973	nan	nan
86.8601	1.6778403968702424	23.2382	2.56816	0.0671136158748097	1185.882386429058	nan	nan
87.0601	1.6842103968702424	23.2433	2.57446	0.0673684158748097	1186.1426475581814	nan	nan
87.2601	1.6895603968702424	23.2286	2.57977	0.06758241587480969	1185.3924831271793	nan	nan
87.4701	1.6957503968702423	23.2365	2.58637	0.06783001587480969	1185.7956327193504	nan	nan
87.6701	1.7018603968702424	23.2327	2.59247	0.0680744158748097	1185.6017126623567	nan	nan
87.8701	1.7077203968702424	23.2111	2.59821	0.06830881587480969	1184.4994302331295	nan	nan
88.0701	1.7132503968702424	23.2147	2.60424	0.0685300158748097	1184.683143971334	nan	nan
88.2701	1.7188403968702424	23.2049	2.61066	0.0687536158748097	1184.183034350666	nan	nan
88.4801	1.7249303968702425	23.2132	2.61639	0.0689972158748097	1184.6065965804155	nan	nan
88.6801	1.7310303968702425	23.208	2.62269	0.0692412158748097	1184.3412322918978	nan	nan
88.8801	1.7369303968702423	23.1934	2.62831	0.06947721587480969	1183.5961710202905	nan	nan
89.1001	1.7437703968702425	23.1814	2.63496	0.0697508158748097	1182.9837918929422	nan	nan
89.3001	1.7497503968702424	23.1799	2.64117	0.0699900158748097	1182.9072445020236	nan	nan
89.5101	1.7556503968702424	23.1701	2.64705	0.0702260158748097	1182.4071348813557	nan	nan
89.7101	1.7618903968702424	23.1656	2.6531	0.0704756158748097	1182.1774927086	nan	nan
89.9101	1.7678703968702425	23.1706	2.65886	0.0707148158748097	1182.4326506783284	nan	nan
90.1301	1.7748403968702424	23.1616	2.66599	0.07099361587480969	1181.973366332817	nan	nan
90.3401	1.7808903968702423	23.1375	2.67168	0.0712356158748097	1180.7435049187256	nan	nan
90.5401	1.7868503968702425	23.1318	2.67834	0.0714740158748097	1180.4526248332352	nan	nan
90.7401	1.7927103968702425	23.123	2.68311	0.0717084158748097	1180.003546806513	nan	nan
90.9501	1.7985803968702425	23.1217	2.68993	0.0719432158748097	1179.9372057343835	nan	nan
91.1501	1.8044403968702425	23.11	2.69575	0.0721776158748097	1179.3401360852188	nan	nan
91.3501	1.8106803968702425	23.0985	2.702	0.0724272158748097	1178.7532727548432	nan	nan
91.5501	1.8166703968702425	23.0958	2.70824	0.07266681587480969	1178.6154874511897	nan	nan
91.7501	1.8228703968702424	23.0817	2.71433	0.07291481587480969	1177.8959419765554	nan	nan
91.9601	1.8291003968702424	23.0656	2.72023	0.0731640158748097	1177.0743333140294	nan	nan
92.1601	1.8350303968702424	23.072	2.72599	0.07340121587480969	1177.400935515282	nan	nan
92.3601	1.8410703968702424	23.0549	2.73219	0.0736428158748097	1176.5282952588107	nan	nan
92.5701	1.8472003968702424	23.05	2.73887	0.0738880158748097	1176.2782404484765	nan	nan
92.7701	1.8536803968702424	23.0314	2.74441	0.0741472158748097	1175.3290528010866	nan	nan
92.9701	1.8594903968702423	23.0126	2.75047	0.07437961587480969	1174.369658834907	nan	nan
93.1701	1.8655903968702423	23.0121	2.75673	0.07462361587480969	1174.3441430379344	nan	nan
93.3901	1.8724603968702425	22.9993	2.76318	0.07489841587480969	1173.6909386354296	nan	nan
93.5901	1.8784903968702424	22.9835	2.76923	0.0751396158748097	1172.8846394510872	nan	nan
93.8101	1.8851703968702425	22.9722	2.77558	0.0754068158748097	1172.3079824395008	nan	nan
94.0201	1.8922703968702423	22.9522	2.78207	0.07569081587480969	1171.2873505605867	nan	nan
94.2201	1.8982003968702423	22.9486	2.788	0.0759280158748097	1171.1036368223822	nan	nan
94.4201	1.9040603968702423	22.9317	2.7938	0.0761624158748097	1170.2412028846998	nan	nan
94.6301	1.9100903968702425	22.9325	2.79963	0.0764036158748097	1170.2820281598563	nan	nan
94.8301	1.9161203968702425	22.9039	2.8054	0.0766448158748097	1168.8225245730093	nan	nan
95.0301	1.9220403968702424	22.8949	2.81118	0.0768816158748097	1168.363240227498	nan	nan
95.2401	1.9287703968702423	22.8827	2.81749	0.0771508158748097	1167.7406547813603	nan	nan
95.4401	1.9348803968702424	22.8723	2.82378	0.0773952158748097	1167.209926204325	nan	nan
95.6401	1.9411103968702423	22.8633	2.83023	0.07764441587480969	1166.7506418588137	nan	nan
95.8401	1.9478303968702424	22.8531	2.83629	0.07791321587480969	1166.2301196005676	nan	nan
96.0501	1.9542203968702425	22.8354	2.84258	0.0781688158748097	1165.3268603877286	nan	nan
96.2501	1.9602803968702425	22.8089	2.84785	0.0784112158748097	1163.9745231481675	nan	nan
96.4501	1.9667703968702424	22.8017	2.8541	0.07867081587480969	1163.6070956717583	nan	nan
96.6501	1.9730403968702424	22.7802	2.8595	0.0789216158748097	1162.5099164019257	nan	nan
96.8501	1.9795103968702423	22.776	2.86555	0.07918041587480969	1162.2955837073537	nan	nan
97.0601	1.9867503968702425	22.7607	2.87213	0.0794700158748097	1161.5148003199845	nan	nan
97.2601	1.9931803968702424	22.7417	2.87853	0.0797272158748097	1160.545200035016	nan	nan
97.4601	1.9997903968702424	22.7328	2.88487	0.0799916158748097	1160.0910188488992	nan	nan
97.6701	2.0060903968702424	22.7118	2.8905	0.0802436158748097	1159.0193553760394	nan	nan
97.8701	2.012160396870242	22.6932	2.89644	0.08048641587480969	1158.0701677286495	nan	nan
98.0701	2.018660396870242	22.6752	2.90224	0.08074641587480968	1157.1515990376267	nan	nan
98.2801	2.025580396870242	22.6617	2.90821	0.08102321587480969	1156.4626725193598	nan	nan
98.4901	2.031740396870242	22.6483	2.91371	0.08126961587480969	1155.7788491604872	nan	nan
98.7001	2.038710396870242	22.6271	2.92055	0.08154841587480968	1154.6969793688384	nan	nan
98.9001	2.0450503968702423	22.6043	2.92648	0.08180201587480969	1153.5334590268762	nan	nan
99.1001	2.050930396870242	22.5914	2.9326	0.08203721587480968	1152.8751514649769	nan	nan
99.3001	2.057170396870242	22.578	2.93857	0.08228681587480968	1152.1913281061043	nan	nan
99.5101	2.0638403968702423	22.5661	2.94458	0.0825536158748097	1151.5840521381504	nan	nan
99.7101	2.0702203968702424	22.5435	2.95081	0.08280881587480969	1150.4307381149774	nan	nan
99.9101	2.076830396870242	22.534	2.95673	0.08307321587480969	1149.9459379724933	nan	nan
100.13	2.084010396870242	22.5152	2.96375	0.08336041587480969	1148.986544006314	nan	nan
100.33	2.090320396870242	22.4911	2.96943	0.08361281587480969	1147.7566825922224	nan	nan
100.54	2.097360396870242	22.4763	2.97617	0.08389441587480968	1147.0014150018262	nan	nan
100.74	2.103920396870242	22.4559	2.9822	0.08415681587480968	1145.960370485334	nan	nan
100.94	2.1100703968702423	22.4246	2.98771	0.08440281587480969	1144.3630815948334	nan	nan
101.15	2.116470396870242	22.4162	2.99378	0.08465881587480968	1143.9344162056893	nan	nan
101.35	2.1228903968702424	22.4013	2.99964	0.0849156158748097	1143.1740454558983	nan	nan
101.55	2.1295903968702423	22.3939	3.00579	0.08518361587480969	1142.7964116607002	nan	nan
101.75	2.1357603968702423	22.3725	3.0118	0.08543041587480969	1141.7043355502622	nan	nan
101.96	2.142840396870242	22.3413	3.01809	0.08571361587480969	1140.1121498191562	nan	nan
102.16	2.149160396870242	22.3375	3.02475	0.08596641587480969	1139.9182297621626	nan	nan
102.36	2.155730396870242	22.3215	3.03091	0.08622921587480968	1139.1017242590312	nan	nan
102.57	2.162110396870242	22.2929	3.03638	0.08648441587480969	1137.642220672184	nan	nan
102.77	2.168450396870242	22.2783	3.0424	0.08673801587480968	1136.897159400577	nan	nan
102.97	2.174760396870242	22.2611	3.04842	0.08699041587480968	1136.0194159847106	nan	nan
103.17	2.181010396870242	22.2478	3.05463	0.08724041587480968	1135.340695785233	nan	nan
103.39	2.187940396870242	22.2317	3.06098	0.08751761587480969	1134.519087122707	nan	nan
103.59	2.194290396870242	22.2095	3.06699	0.08777161587480968	1133.3861857371123	nan	nan
103.81	2.201220396870242	22.1896	3.07361	0.08804881587480969	1132.3706570175927	nan	nan
104.02	2.208610396870242	22.1725	3.08038	0.08834441587480969	1131.4980167611213	nan	nan
104.22	2.2150703968702423	22.1531	3.08578	0.0886028158748097	1130.5080038385745	nan	nan
104.43	2.2212403968702423	22.1319	3.09177	0.08884961587480969	1129.4261340469259	nan	nan
104.63	2.2279403968702423	22.1203	3.09817	0.0891176158748097	1128.8341675571555	nan	nan
104.83	2.2344503968702423	22.1046	3.10464	0.08937801587480969	1128.0329715322082	nan	nan
105.03	2.2406403968702424	22.0766	3.11003	0.0896256158748097	1126.6040869017284	nan	nan
105.23	2.246890396870242	22.0581	3.11564	0.08987561587480969	1125.6600024137326	nan	nan
105.44	2.254300396870242	22.0519	3.12275	0.09017201587480969	1125.3436065312694	nan	nan
105.64	2.2608803968702422	22.0183	3.12879	0.09043521587480968	1123.6289449746937	nan	nan
105.84	2.267430396870242	21.9989	3.13519	0.09069721587480968	1122.638932052147	nan	nan
106.05	2.2734903968702422	21.9782	3.14079	0.09093961587480968	1121.582578057471	nan	nan
106.25	2.2797503968702424	21.9603	3.14686	0.0911900158748097	1120.6691125258428	nan	nan
106.45	2.286010396870242	21.9447	3.15324	0.09144041587480968	1119.87301966029	nan	nan
106.65	2.292310396870242	21.9251	3.15917	0.09169241587480968	1118.8728004189543	nan	nan
106.85	2.2986603968702424	21.9149	3.16492	0.0919464158748097	1118.3522781607078	nan	nan
107.06	2.3057703968702423	21.8946	3.17126	0.09223081587480969	1117.3163368036103	nan	nan
107.26	2.3120703968702423	21.8722	3.17737	0.09248281587480969	1116.1732290992265	nan	nan
107.46	2.318630396870242	21.8621	3.18396	0.09274521587480969	1115.6578100003749	nan	nan
107.67	2.3252203968702423	21.8314	3.19016	0.09300881587480969	1114.0911400662417	nan	nan
107.87	2.331780396870242	21.8157	3.19536	0.09327121587480969	1113.2899440412941	nan	nan
108.07	2.338120396870242	21.7966	3.2013	0.09352481587480968	1112.3152405969313	nan	nan
108.27	2.3441303968702423	21.7639	3.20688	0.0937652158748097	1110.6465074749067	nan	nan
108.48	2.351210396870242	21.7662	3.21346	0.09404841587480968	1110.7638801409819	nan	nan
108.68	2.357670396870242	21.7433	3.21931	0.09430681587480969	1109.5952566396254	nan	nan
108.88	2.364230396870242	21.7156	3.22495	0.09456921587480968	1108.1816814873291	nan	nan
109.09	2.371000396870242	21.7027	3.23144	0.09484001587480968	1107.5233739254297	nan	nan
109.29	2.3774203968702423	21.6823	3.23772	0.0950968158748097	1106.4823294089374	nan	nan
109.49	2.3839203968702423	21.6653	3.24368	0.0953568158748097	1105.6147923118601	nan	nan
109.7	2.391300396870242	21.6383	3.25047	0.09565201587480969	1104.2369392753262	nan	nan
109.9	2.3977003968702424	21.6175	3.25671	0.0959080158748097	1103.1754821212555	nan	nan
110.1	2.404350396870242	21.5965	3.26244	0.09617401587480968	1102.1038186483959	nan	nan
110.3	2.410380396870242	21.5743	3.2682	0.09641521587480968	1100.970917262801	nan	nan
110.5	2.416440396870242	21.5518	3.27396	0.09665761587480969	1099.8227063990228	nan	nan
110.71	2.422330396870242	21.5371	3.2793	0.09689321587480969	1099.072541968021	nan	nan
110.91	2.428840396870242	21.5304	3.28564	0.09715361587480968	1098.730630288585	nan	nan
111.12	2.436020396870242	21.5045	3.2924	0.09744081587480968	1097.4089120053911	nan	nan
111.32	2.4424303968702423	21.4823	3.29803	0.09769721587480969	1096.2760106197964	nan	nan
111.52	2.4490803968702424	21.472	3.30434	0.09796321587480969	1095.7503852021557	nan	nan
111.72	2.455810396870242	21.4509	3.31007	0.09823241587480969	1094.6736185699015	nan	nan
111.92	2.4623703968702424	21.4301	3.31585	0.0984948158748097	1093.6121614158305	nan	nan
112.13	2.4689203968702422	21.403	3.32191	0.0987568158748097	1092.229205219902	nan	nan
112.33	2.4751603968702423	21.3731	3.32794	0.09900641587480968	1090.7033605609256	nan	nan
112.53	2.481430396870242	21.3637	3.33418	0.09925721587480968	1090.223663577836	nan	nan
112.74	2.488700396870242	21.3476	3.34097	0.09954801587480969	1089.4020549153101	nan	nan
112.94	2.495270396870242	21.3235	3.34705	0.09981081587480968	1088.1721935012185	nan	nan
113.14	2.5016703968702423	21.2999	3.3529	0.10006681587480969	1086.9678478841001	nan	nan
113.35	2.508230396870242	21.2793	3.35908	0.10032921587480968	1085.9165970488184	nan	nan
113.55	2.5141403968702423	21.2524	3.36456	0.1005656158748097	1084.543847171679	nan	nan
113.75	2.5206603968702423	21.2413	3.37067	0.1008264158748097	1083.9773964788817	nan	nan
113.95	2.526910396870242	21.218	3.37696	0.10107641587480969	1082.7883603399468	nan	nan
114.16	2.534100396870242	21.2015	3.38353	0.10136401587480968	1081.9463390398428	nan	nan
114.36	2.540270396870242	21.1759	3.38952	0.10161081587480968	1080.6399302348327	nan	nan
114.56	2.5464703968702422	21.1555	3.39533	0.10185881587480969	1079.5988857183404	nan	nan
114.77	2.5529103968702422	21.1451	3.40186	0.10211641587480969	1079.068157141305	nan	nan
114.97	2.559590396870242	21.1352	3.40743	0.10238361587480968	1078.5629443612427	nan	nan
115.17	2.566030396870242	21.1019	3.41312	0.10264121587480968	1076.8635922828507	nan	nan
115.37	2.5726503968702423	21.0808	3.41972	0.10290601587480969	1075.7868256505963	nan	nan
115.57	2.5792203968702423	21.0508	3.42561	0.1031688158748097	1074.2558778322252	nan	nan
115.78	2.5861303968702423	21.0441	3.43211	0.10344521587480969	1073.9139661527888	nan	nan
115.98	2.592530396870242	21.0173	3.43824	0.10370121587480968	1072.546319435044	nan	nan
116.19	2.598910396870242	20.9916	3.44378	0.10395641587480968	1071.2348074706395	nan	nan
116.39	2.605430396870242	20.9755	3.44968	0.10421721587480968	1070.4131988081137	nan	nan
116.59	2.611740396870242	20.9606	3.45549	0.10446961587480968	1069.6528280583227	nan	nan
116.79	2.618380396870242	20.9385	3.46169	0.10473521587480969	1068.5250298321225	nan	nan
116.99	2.6246503968702424	20.906	3.46825	0.1049860158748097	1066.8665030288873	nan	nan
117.2	2.631980396870242	20.9009	3.47518	0.10527921587480968	1066.6062418997642	nan	nan
117.4	2.6386103968702423	20.8634	3.48125	0.1055444158748097	1064.6925571268002	nan	nan
117.6	2.644740396870242	20.844	3.48711	0.10578961587480969	1063.7025442042536	nan	nan
117.81	2.651300396870242	20.8208	3.49274	0.10605201587480968	1062.5186112247131	nan	nan
118.01	2.6579803968702422	20.8081	3.49894	0.10631921587480969	1061.8705099816027	nan	nan
118.21	2.6641503968702422	20.7749	3.5051	0.10656601587480968	1060.1762610626054	nan	nan
118.41	2.670970396870242	20.7597	3.51137	0.10683881587480969	1059.4005808346305	nan	nan
118.63	2.677480396870242	20.7455	3.51787	0.10709921587480968	1058.6759322006017	nan	nan
118.85	2.6847603968702423	20.7178	3.52489	0.10739041587480969	1057.2623570483058	nan	nan
119.06	2.6916203968702423	20.69	3.53078	0.1076648158748097	1055.8436787366152	nan	nan
119.26	2.698010396870242	20.6781	3.5368	0.10792041587480967	1055.2364027686615	nan	nan
119.46	2.704600396870242	20.6582	3.54313	0.10818401587480969	1054.220874049142	nan	nan
119.66	2.711360396870242	20.6371	3.54958	0.10845441587480968	1053.1441074168874	nan	nan
119.87	2.717410396870242	20.5913	3.55451	0.10869641587480969	1050.8068604141743	nan	nan
120.07	2.723900396870242	20.5843	3.561	0.10895601587480969	1050.4496392565543	nan	nan
120.27	2.730290396870242	20.5626	3.56656	0.10921161587480968	1049.3422536679325	nan	nan
120.47	2.736580396870242	20.5401	3.57254	0.10946321587480969	1048.1940428041542	nan	nan
120.68	2.7438003968702422	20.5238	3.57893	0.10975201587480969	1047.3622278228393	nan	nan
120.88	2.7501303968702424	20.4927	3.5849	0.1100052158748097	1045.775145251128	nan	nan
121.08	2.7568803968702422	20.4859	3.59123	0.11027521587480969	1045.4281304122972	nan	nan
121.29	2.763450396870242	20.453	3.59726	0.11053801587480969	1043.7491909714834	nan	nan
121.49	2.769890396870242	20.4161	3.60393	0.11079561587480968	1041.8661251548867	nan	nan
121.69	2.776230396870242	20.3931	3.60983	0.11104921587480968	1040.692398494136	nan	nan
121.89	2.7823703968702422	20.3834	3.61539	0.11129481587480969	1040.1973920328624	nan	nan
122.11	2.7894203968702422	20.3686	3.62162	0.11157681587480969	1039.4421244424661	nan	nan
122.31	2.796160396870242	20.3424	3.62835	0.11184641587480967	1038.1050966810885	nan	nan
122.53	2.8032603968702423	20.3123	3.63462	0.1121304158748097	1036.5690457033227	nan	nan
122.75	2.8103703968702423	20.2834	3.64087	0.11241481587480968	1035.094232638292	nan	nan
122.96	2.8175103968702424	20.2632	3.64758	0.1127004158748097	1034.0633944405888	nan	nan
123.16	2.823840396870242	20.2506	3.65417	0.11295361587480969	1033.4203963568727	nan	nan
123.36	2.830410396870242	20.2145	3.65935	0.11321641587480968	1031.5781558154329	nan	nan
123.56	2.8372203968702423	20.2039	3.66547	0.11348881587480969	1031.0372209196087	nan	nan
123.77	2.843750396870242	20.1656	3.67109	0.11375001587480968	1029.0827108714882	nan	nan
123.97	2.849880396870242	20.1429	3.67691	0.1139952158748097	1027.9242936889207	nan	nan
124.17	2.856580396870242	20.1295	3.68363	0.11426321587480968	1027.240470330048	nan	nan
124.38	2.8636703968702424	20.1005	3.68988	0.1145468158748097	1025.7605541056228	nan	nan
124.58	2.870150396870242	20.0839	3.69617	0.1148060158748097	1024.913429646124	nan	nan
124.78	2.876650396870242	20.0613	3.70205	0.11506601587480969	1023.760115622951	nan	nan
124.99	2.883210396870242	20.0447	3.70848	0.11532841587480969	1022.9129911634523	nan	nan
125.19	2.889590396870242	20.0024	3.71391	0.11558361587480968	1020.7543547395492	nan	nan
125.4	2.8968803968702423	19.9943	3.72104	0.1158752158748097	1020.3409988285889	nan	nan
125.62	2.9039303968702423	19.9611	3.72746	0.11615721587480969	1018.6467499095914	nan	nan
125.82	2.9103103968702424	19.9336	3.73359	0.1164124158748097	1017.2433810760846	nan	nan
126.03	2.917320396870242	19.9058	3.74029	0.11669281587480969	1015.8247027643941	nan	nan
126.23	2.9231803968702423	19.8925	3.74596	0.1169272158748097	1015.1459825649163	nan	nan
126.44	2.9304903968702423	19.8544	3.75243	0.1172196158748097	1013.2016788355849	nan	nan
126.65	2.937450396870242	19.8383	3.75877	0.11749801587480968	1012.380070173059	nan	nan
126.85	2.9439103968702423	19.7996	3.76481	0.11775641587480969	1010.4051474873605	nan	nan
127.07	2.951010396870242	19.7892	3.77144	0.11804041587480968	1009.8744189103251	nan	nan
127.27	2.956780396870242	19.7614	3.77673	0.11827121587480968	1008.4557405986344	nan	nan
127.48	2.9641903968702423	19.7375	3.78317	0.1185676158748097	1007.2360855033321	nan	nan
127.68	2.9708403968702424	19.7227	3.7901	0.1188336158748097	1006.4808179129358	nan	nan
127.88	2.977170396870242	19.6859	3.79587	0.11908681587480968	1004.6028552557339	nan	nan
128.09	2.984300396870242	19.659	3.8017	0.11937201587480968	1003.2301053785944	nan	nan
128.29	2.990440396870242	19.6535	3.80774	0.11961761587480968	1002.949431611893	nan	nan
128.49	2.997440396870242	19.611	3.81373	0.11989761587480968	1000.7805888692006	nan	nan
128.69	3.004230396870242	19.5851	3.81985	0.12016921587480969	999.458870586007	nan	nan
128.91	3.010600396870242	19.5658	3.82597	0.12042401587480969	998.4739608228548	nan	nan
129.13	3.0184103968702423	19.5368	3.83408	0.1207364158748097	996.9940445984294	nan	nan
129.34	3.0245803968702423	19.5037	3.83978	0.12098321587480969	995.3048988388264	nan	nan
129.54	3.0310403968702424	19.4903	3.84566	0.1212416158748097	994.6210754799542	nan	nan
129.74	3.037430396870242	19.4599	3.8516	0.12149721587480969	993.0697150240048	nan	nan
129.95	3.043940396870242	19.4483	3.85784	0.12175761587480968	992.4777485342345	nan	nan
130.15	3.0509703968702424	19.4131	3.86421	0.12203881587480969	990.6814364273457	nan	nan
130.35	3.056830396870242	19.387	3.86922	0.12227321587480969	989.3495118253629	nan	nan
130.55	3.063870396870242	19.3571	3.87585	0.12255481587480968	987.8236671663863	nan	nan
130.75	3.070430396870242	19.3317	3.88185	0.12281721587480968	986.5274646801655	nan	nan
130.96	3.0772603968702423	19.3155	3.88828	0.12309041587480969	985.7007528582451	nan	nan
131.16	3.0839103968702424	19.2855	3.89409	0.1233564158748097	984.169805039874	nan	nan
131.37	3.0912903968702423	19.2557	3.90085	0.12365161587480969	982.649063540292	nan	nan
131.57	3.097950396870242	19.2273	3.90665	0.12391801587480968	981.199766272234	nan	nan
131.77	3.1045803968702423	19.1987	3.91302	0.1241832158748097	979.7402626853867	nan	nan
131.97	3.1109603968702424	19.1793	3.92001	0.1244384158748097	978.7502497628403	nan	nan
132.17	3.117420396870242	19.1435	3.92577	0.12469681587480969	976.923318699584	nan	nan
132.38	3.124190396870242	19.1282	3.93168	0.12496761587480969	976.1425353122148	nan	nan
132.58	3.1306603968702422	19.0948	3.93697	0.12522641587480968	974.4380800744282	nan	nan
132.79	3.137750396870242	19.07	3.94408	0.12551001587480967	973.1724965445748	nan	nan
132.99	3.144320396870242	19.039	3.95011	0.12577281587480968	971.5905171322579	nan	nan
133.19	3.150720396870242	19.0132	3.95589	0.12602881587480969	970.2739020084588	nan	nan
133.39	3.1571003968702422	18.9879	3.96215	0.1262840158748097	968.9828026816325	nan	nan
133.59	3.163380396870242	18.9622	3.96769	0.12653521587480968	967.6712907172279	nan	nan
133.81	3.170620396870242	18.9346	3.97446	0.12682481587480968	966.2628187243264	nan	nan
134.01	3.1773703968702423	18.9162	3.98085	0.1270948158748097	965.3238373957255	nan	nan
134.22	3.184110396870242	18.8798	3.9866	0.12736441587480968	963.4662873761018	nan	nan
134.42	3.190220396870242	18.8477	3.99236	0.12760881587480968	961.8281732104448	nan	nan
134.62	3.196730396870242	18.8265	3.99789	0.12786921587480968	960.7463034187958	nan	nan
134.84	3.2039403968702422	18.8039	4.00518	0.1281576158748097	959.5929893956228	nan	nan
135.05	3.2112703968702423	18.7645	4.01134	0.1284508158748097	957.5823445941622	nan	nan
135.25	3.2177803968702423	18.7425	4.01732	0.1287112158748097	956.4596495273568	nan	nan
135.45	3.224660396870242	18.72	4.0237	0.1289864158748097	955.3114386635783	nan	nan
135.65	3.2313403968702423	18.6905	4.02985	0.12925361587480969	953.8060066421801	nan	nan
135.85	3.237950396870242	18.6409	4.03482	0.12951801587480968	951.2748395824731	nan	nan
136.06	3.2444803968702423	18.6231	4.04153	0.1297792158748097	950.3664772102397	nan	nan
136.26	3.2507803968702422	18.5962	4.04683	0.1300312158748097	948.9937273331002	nan	nan
136.47	3.257660396870242	18.5725	4.05363	0.13030641587480968	947.7842785565871	nan	nan
136.67	3.264300396870242	18.5453	4.05971	0.13057201587480968	946.3962192012639	nan	nan
136.87	3.270970396870242	18.5061	4.06597	0.1308388158748097	944.3957807185922	nan	nan
137.07	3.277680396870242	18.4808	4.07201	0.1311072158748097	943.1046813917659	nan	nan
137.28	3.284180396870242	18.4546	4.07736	0.13136721587480968	941.7676536303885	nan	nan
137.48	3.290570396870242	18.4363	4.08386	0.1316228158748097	940.8337754611821	nan	nan
137.68	3.2971703968702424	18.4112	4.08978	0.1318868158748097	939.552882453145	nan	nan
137.88	3.3038603968702422	18.3766	4.09616	0.1321544158748097	937.7871893026236	nan	nan
138.09	3.310960396870242	18.346	4.10271	0.13243841587480967	936.2256225278851	nan	nan
138.29	3.3175103968702424	18.3101	4.1087	0.13270041587480969	934.3935883052342	nan	nan
138.49	3.323980396870242	18.2903	4.1144	0.1329592158748097	933.3831627451093	nan	nan
138.69	3.330960396870242	18.2658	4.12054	0.1332384158748097	932.1328886934396	nan	nan
138.9	3.337750396870242	18.2323	4.12663	0.13351001587480968	930.4233302962585	nan	nan
139.1	3.3446003968702422	18.2086	4.13323	0.1337840158748097	929.2138815197454	nan	nan
139.3	3.3511203968702423	18.1625	4.1389	0.13404481587480968	926.8613250388483	nan	nan
139.51	3.358480396870242	18.1371	4.14518	0.13433921587480968	925.5651225526275	nan	nan
139.71	3.3651503968702423	18.1051	4.15192	0.1346060158748097	923.9321115463649	nan	nan
139.91	3.371440396870242	18.0707	4.15754	0.13485761587480968	922.1766247146327	nan	nan
140.12	3.3778403968702424	18.0393	4.16354	0.1351136158748097	920.5742326647377	nan	nan
140.32	3.384420396870242	18.0229	4.16945	0.13537681587480968	919.7373145240282	nan	nan
140.52	3.391370396870242	17.9911	4.17608	0.13565481587480968	918.1145098365547	nan	nan
140.72	3.397580396870242	17.9491	4.18147	0.1359032158748097	915.9711828908353	nan	nan
140.92	3.4041203968702423	17.9232	4.18763	0.1361648158748097	914.6494646076414	nan	nan
141.13	3.411570396870242	17.8896	4.19412	0.13646281587480968	912.9348030510658	nan	nan
141.33	3.417800396870242	17.8658	4.20084	0.1367120158748097	911.720251115158	nan	nan
141.54	3.4243203968702423	17.8388	4.20676	0.1369728158748097	910.342398078624	nan	nan
141.74	3.431010396870242	17.8093	4.21272	0.13724041587480967	908.8369660572257	nan	nan
141.94	3.4377503968702423	17.7742	4.21875	0.13751001587480968	907.0457571097315	nan	nan
142.14	3.444700396870242	17.7493	4.2251	0.13778801587480968	905.7750704204836	nan	nan
142.34	3.451630396870242	17.7094	4.23092	0.1380652158748097	903.7389098220498	nan	nan
142.55	3.459010396870242	17.6758	4.23779	0.13836041587480968	902.0242482654743	nan	nan
142.75	3.465360396870242	17.6373	4.2435	0.1386144158748097	900.0595318985646	nan	nan
142.95	3.472080396870242	17.6147	4.24927	0.13888321587480967	898.9062178753918	nan	nan
143.16	3.478800396870242	17.5825	4.25562	0.1391520158748097	897.26300055034	nan	nan
143.36	3.485390396870242	17.543	4.26135	0.1394156158748097	895.2472525894848	nan	nan
143.56	3.491880396870242	17.5138	4.26703	0.1396752158748097	893.7571300462702	nan	nan
143.76	3.4987003968702424	17.488	4.2733	0.1399480158748097	892.440514922471	nan	nan
143.98	3.5064303968702424	17.4651	4.28011	0.1402572158748097	891.2718914211143	nan	nan
144.2	3.5132603968702423	17.402	4.28625	0.1405304158748097	888.0517978431405	nan	nan
144.4	3.5197103968702423	17.3799	4.29241	0.1407884158748097	886.9239996169404	nan	nan
144.61	3.527000396870242	17.3477	4.29914	0.14108001587480967	885.2807822918888	nan	nan
144.81	3.5336703968702423	17.3184	4.30518	0.14134681587480968	883.7855565892797	nan	nan
145.01	3.5404503968702423	17.2881	4.31162	0.14161801587480968	882.2392992927248	nan	nan
145.22	3.5474403968702424	17.2566	4.31715	0.1418976158748097	880.6318040834351	nan	nan
145.42	3.554050396870242	17.2154	4.3233	0.1421620158748097	878.5293024128721	nan	nan
145.62	3.5608603968702424	17.1835	4.32928	0.1424344158748097	876.9013945660042	nan	nan
145.82	3.567590396870242	17.1457	4.33569	0.14270361587480968	874.9724003148566	nan	nan
146.03	3.574570396870242	17.1124	4.3424	0.14298281587480968	873.2730482364648	nan	nan
146.23	3.5812603968702423	17.0868	4.34851	0.1432504158748097	871.9666394314546	nan	nan
146.43	3.5879803968702424	17.0488	4.3536	0.1435192158748097	870.0274388615178	nan	nan
146.64	3.5949603968702424	17.0153	4.35995	0.14379841587480968	868.3178804643368	nan	nan
146.84	3.601500396870242	16.9739	4.36565	0.14406001587480968	866.2051724749847	nan	nan
147.04	3.608420396870242	16.9537	4.37225	0.14433681587480968	865.1743342772814	nan	nan
147.24	3.6148703968702423	16.8974	4.3773	0.14459481587480968	862.3012555381384	nan	nan
147.46	3.622180396870242	16.8727	4.38416	0.14488721587480968	861.0407751676793	nan	nan
147.66	3.6289203968702424	16.8342	4.38984	0.1451568158748097	859.0760588007698	nan	nan
