Specimen name:	AWA_1_11_Rz
Specimen ID:	46NT91
Material:	42CrMoS4
Specimen type:	Round Tensile Specimen
Gauge diameter:	4.994	mm
Gauge length:	25	mm
Parallel length:	30	mm
Original cross-section:	19.58785846946624	mm²
Cross-section after fracture:	8.701357333591492	mm²
Yield stress at 0.2% plastic strain:	1130.8383894485528	MPa
Yield stress at 1% plastic strain:	1144.0429266258866	MPa
Ultimate tensile strength:	1198.3596898349263	MPa
Uniform elongation:	5.42367647458903	%
Elongation after fracture:	14.687231118163101	%
Reduction of area:	55.57780169202642	%
Slope of linear-elastic region:	202553.6559947184	MPa
Crosshead seperation speed:	0.030032170394200287	mm/s
Strain rate:	0.0010010723464733428	s-1
Test temperature:	RT	Cel
Machine type:	INSTRON 8852TT
Standard:	DIN EN ISO 6892-1
Date:	2022-08-18 00:00:00
Heat treatment batch:	Batch 1
Time	Displacement	Force	Machine Displacement	Engineering Strain	Engineering Stress	True Strain	True Stress
s	mm	kN	mm		MPa		MPa
0	0.0010058891489556074	0.165507	0	4.02355659582243e-05	8.449468851227103	4.0234756529441104e-05	8.449808820388377
0.24	0.0010517764489556074	0.167899	0.000183105	4.20710579582243e-05	8.571585314531587	4.207017299614361e-05	8.571945930194149
0.440001	0.0009881828489556074	0.166671	-0.0001297	3.9527313958224296e-05	8.508893417818417	3.952653277448739e-05	8.50922975151998
0.640001	0.0009970359989556075	0.159127	-0.000419617	3.9881439958224305e-05	8.123756879704272	3.988064471477288e-05	8.124080866826505
0.850001	0.0009773190489556075	0.161921	-0.000518799	3.9092761958224303e-05	8.266396260336686	3.909199785613216e-05	8.266719416597944
1.06	0.0008919001489556074	0.16345	-9.1553e-05	3.56760059582243e-05	8.344454819029226	3.567536958476432e-05	8.344752515849068
1.26	0.0009397985489556075	0.15867	-0.00038147	3.75919419582243e-05	8.100426100552875	3.759123539883875e-05	8.100730611300683
1.47	0.0009955442489556075	0.168418	-0.000312805	3.9821769958224305e-05	8.598081319738538	3.982097709257125e-05	8.598423710554934
1.67	0.0011056088489556075	0.251844	0.00614548	4.42243539582243e-05	12.857148237648188	4.422337609032198e-05	12.857716836722743
1.87	0.0012272181489556074	0.33901	0.0124512	4.9088725958224295e-05	17.307149759553976	4.908752114624411e-05	17.307999345485644
2.08	0.0013585241489556075	0.416763	0.0184402	5.4340965958224295e-05	21.27659849338071	5.4339489541328606e-05	21.277754684295143
2.28	0.0015214481489556073	0.489739	0.0246735	6.085792595822429e-05	25.002171664830552	6.085607418977776e-05	25.003693245142525
2.49	0.0016450361489556073	0.580154	0.0312881	6.580144595822429e-05	29.618041242453845	6.579928113806668e-05	29.61999015239405
2.71	0.0016092011489556076	0.658678	0.0372925	6.43680459582243e-05	33.62685109384235	6.436597442444155e-05	33.629015588538984
2.9	0.0016786001489556075	0.750571	0.043663	6.71440059582243e-05	38.31817557646733	6.71417519004374e-05	38.32074841227655
3.11	0.0016513921489556074	0.827052	0.0492821	6.60556859582243e-05	42.22268612412211	6.605350437743476e-05	42.22547517261704
3.31	0.0015673351489556074	0.909965	0.0552597	6.269340595822429e-05	46.455563349023734	6.26914408087729e-05	46.45847580651579
3.51	0.0018104571489556075	1.00886	0.0617752	7.24182859582243e-05	51.504354167793366	7.241566388068415e-05	51.50808402484158
3.71001	0.0019177321489556075	1.10353	0.067421	7.67092859582243e-05	56.33745014648713	7.670634395132995e-05	56.341771752060566
3.92001	0.0023801091489556074	1.23246	0.0741577	9.52043659582243e-05	62.9195887810386	9.519983431030533e-05	62.92557900059486
4.12001	0.0026991491489556075	1.33479	0.0797043	0.0001079659659582243	68.14374333369238	0.00010796013805276051	68.15110053876542
4.33001	0.0034547791489556072	1.47025	0.0858994	0.0001381911659582243	75.0592517447398	0.00013818161843854985	75.06962427025435
4.53001	0.004248869148955607	1.61712	0.0922775	0.00016995476595822428	82.55726385407489	0.0001699403252830732	82.57129485453136
4.73001	0.0049517391489556075	1.76192	0.0979042	0.0001980695659582243	89.94959825478111	0.00019804995277157572	89.96741453266556
4.94001	0.005997259148955608	1.92459	0.104328	0.00023989036595822432	98.25423248795018	0.00023986159686519346	98.27780273173865
5.14001	0.006603389148955608	2.07193	0.11068	0.00026413556595822433	105.77623905286768	0.0002641006883011615	105.80417831963484
5.34001	0.007521299148955608	2.23322	0.116604	0.0003008519659582243	114.01042148028418	0.00030080671908033004	114.04472173972624
5.54001	0.008410899148955608	2.37581	0.122276	0.0003364359659582243	121.28993088771993	0.0003363793840689526	121.33073718277913
5.75001	0.009366969148955608	2.55753	0.128483	0.0003746787659582243	130.56710635247362	0.00037460859139743766	130.6160270747565
5.96001	0.010314389148955608	2.73227	0.134827	0.00041257556595822434	139.48793862581206	0.000412490480061597	139.54548794103496
6.18001	0.011437789148955607	2.90173	0.141132	0.00045751156595822426	148.13921616409712	0.00045740693945237266	148.20699156886417
6.39001	0.012447089148955608	3.09027	0.147583	0.0004978835659582244	157.76456649496143	0.000497759663059959	157.8431148799098
6.59001	0.013659389148955607	3.28238	0.153549	0.0005463755659582243	167.57217258418567	0.0005462263571756115	167.66372992482022
6.79001	0.014821389148955607	3.47025	0.160023	0.0005928555659582243	177.16331805283676	0.0005926798965248226	177.26835031202802
7.00001	0.015768089148955607	3.65246	0.165844	0.0006307235659582243	186.46550901383594	0.000630524743446811	186.58311720460935
7.20001	0.01698698914895561	3.83801	0.172596	0.0006794795659582244	195.93821376556966	0.0006792488242348158	196.0713497780137
7.40001	0.01806778914895561	4.01243	0.17767	0.0007227115659582243	204.8427093882988	0.0007224505357132956	204.99075158357596
7.61001	0.019554989148955607	4.23448	0.185268	0.0007821995659582242	216.17881335015522	0.0007818938073102369	216.34790832412708
7.81001	0.020561589148955606	4.4118	0.190495	0.0008224635659582242	225.23135986903114	0.0008221255281359975	225.41660445643464
8.01001	0.02164188914895561	4.60847	0.196289	0.0008656755659582244	235.2717632294378	0.0008653010849692087	235.4754322462254
8.21001	0.023006989148955607	4.81262	0.202324	0.0009202795659582243	245.69403579783682	0.000919856368338612	245.92014299845937
8.41001	0.024124989148955608	4.99743	0.207844	0.0009649995659582243	255.1289620450365	0.0009645342532040514	255.37516138267333
8.62001	0.02535388914895561	5.19482	0.214314	0.0010141555659582244	265.20612286931413	0.0010136416576281841	265.47508313494825
8.82001	0.02660998914895561	5.39484	0.220242	0.0010643995659582245	275.417550540787	0.0010638334943888805	275.7107048620399
9.03001	0.027975089148955606	5.63306	0.22731	0.0011190035659582242	287.5791658787444	0.0011183779481368607	287.900967990858
9.23001	0.029312289148955607	5.8438	0.233166	0.0011724915659582242	298.33787134562857	0.0011718047345391524	298.6876699835873
9.43001	0.03052358914895561	6.04478	0.239094	0.0012209435659582242	308.59830896892925	0.001220198820495777	308.97509008873044
9.64001	0.03159518914895561	6.21932	0.244514	0.0012638075659582243	317.5089308356368	0.0012630096333942846	317.91020102468616
9.83001	0.03285188914895561	6.41984	0.25069	0.0013140755659582243	327.74588452368664	0.001313212924296526	328.1765673823826
10.04	0.03428078914895561	6.63437	0.256474	0.0013712315659582244	338.6980771962247	0.001370292286502838	339.1625106910055
10.24	0.035503789148955606	6.85154	0.262783	0.0014201515659582242	349.78504723628936	0.0014191441044422949	350.28179501887075
10.44	0.036898989148955605	7.05415	0.268539	0.0014759595659582243	360.1286996736311	0.0014748714082242554	360.6602350728905
10.65	0.038179589148955605	7.2633	0.27494	0.0015271835659582242	370.8062324078004	0.0015260186070561053	371.3725215920885
10.85	0.039443789148955605	7.48289	0.281784	0.0015777515659582241	382.0167483680979	0.0015765082235748133	382.61947589105796
11.06	0.04084708914895561	7.6854	0.287331	0.0016338835659582243	392.3552956021242	0.001632550230350468	392.9963584716252
11.25	0.042052589148955606	7.8894	0.293121	0.0016821035659582242	402.7699103655502	0.0016806904142446632	403.44741106803673
11.47	0.04338948914895561	8.11475	0.299549	0.0017355795659582244	414.274486036815	0.0017340751881366886	414.9934923694783
11.67	0.044812589148955605	8.3213	0.305695	0.0017925035659582243	424.81928348478374	0.001790898948676604	425.58077356531805
11.88	0.046160789148955605	8.52841	0.311993	0.0018464315659582242	435.39267007131866	0.001844729006645115	436.19659284092523
12.08	0.04727348914895561	8.73018	0.317482	0.0018909395659582242	445.69343880081107	0.00188915399032666	446.53621815852756
12.29	0.04875378914895561	8.97139	0.324459	0.0019501515659582245	458.007699717899	0.0019482524889841513	458.9008841507248
12.5	0.05028308914895561	9.19367	0.330585	0.0020113235659582245	469.3555456473809	0.0020093035628478166	470.2995715171547
12.71	0.051765589148955606	9.41958	0.337082	0.002070623565958224	480.888710457212	0.0020684827796479646	481.884449953688
12.91	0.05289378914895561	9.61329	0.343109	0.002115751565958224	490.77799979948276	0.0021135165155994544	491.81636412109634
13.11	0.05441228914895561	9.84985	0.349487	0.0021764915659582243	502.8548687624045	0.0021741264393534618	503.9493281431669
13.31	0.055454689148955606	10.0279	0.354153	0.0022181875659582242	511.9446832654829	0.0022157310199684014	513.0802725963608
13.53	0.05708688914895561	10.2825	0.361698	0.0022834755659582244	524.9425309065036	0.002280872397722242	526.1412243493609
13.73	0.05838688914895561	10.4806	0.367477	0.0023354755659582243	535.0559386743206	0.0023327525817165543	536.3055487455152
13.95	0.05967758914895561	10.6854	0.373608	0.0023871035659582245	545.5113950642697	0.0023842589602537734	546.8135872606985
14.16	0.061135689148955605	10.9124	0.380077	0.0024454275659582243	557.1002065902387	0.002442442373691881	558.4625547924355
14.36	0.06246788914895561	11.1171	0.385887	0.0024987155659582246	567.5505577768724	0.002495598966801987	568.9687051900578
14.56	0.0638323891489556	11.3183	0.391369	0.002553295565958224	577.822226847467	0.002550041444813014	579.2975777771887
14.76	0.06494668914895561	11.5048	0.397785	0.0025978675659582245	587.343431030697	0.002594498940912897	588.8692714802503
14.98	0.06645558914895561	11.7433	0.404694	0.0026582235659582242	599.5193409379376	0.002654696738376513	601.1129973782666
15.18	0.06778768914895561	11.9625	0.410736	0.0027115075659582244	610.709946605305	0.0027078380610816343	612.3658912461314
15.39	0.06939568914895561	12.1954	0.417202	0.0027758275659582245	622.5999651268829	0.0027719820712632974	624.3281952726467
15.59	0.0706421891489556	12.387	0.422867	0.002825687565958224	632.3815346791986	0.002821702815522967	634.1684473186832
15.8	0.07185378914895561	12.5839	0.429047	0.0028741515659582244	642.4336800072308	0.002870029089538558	644.2801317746479
16	0.07321958914895561	12.799	0.435352	0.0029287835659582246	653.4149723386666	0.002924503035165529	655.3286833714031
16.2	0.0747070891489556	13.014	0.441555	0.0029882835659582243	664.391159466787	0.00298382752169839	666.3765486499896
16.4	0.07610398914895561	13.2336	0.44817	0.003044159565958224	675.602185947416	0.0030395354941250216	677.6588268045502
16.6	0.07723868914895561	13.4089	0.453388	0.0030895475659582245	684.5516073593208	0.0030847847213787854	686.6665621116106
16.81	0.07861738914895561	13.6414	0.460068	0.003144695565958224	696.4212050676372	0.003139761352549977	698.6112377432527
17.01	0.0799068891489556	13.8342	0.466	0.0031962755659582245	706.2640370597376	0.0031911783357582847	708.5214515445066
17.21	0.0813710891489556	14.0607	0.472248	0.003254843565958224	717.8273225691296	0.003249558028598258	720.1637382114628
17.42	0.0827397891489556	14.2526	0.4776	0.003309591565958224	727.6242077313914	0.0033041269216325096	730.0323466724863
17.62	0.0838453891489556	14.4449	0.483826	0.0033538155659582243	737.441513706915	0.0033482040696484845	739.914756534569
17.82	0.08507628914895561	14.6545	0.489998	0.0034030515659582245	748.1420198560036	0.0033972742891815568	750.6879857282337
18.02	0.0865836891489556	14.8677	0.496353	0.003463347565958224	759.0263133244466	0.0034573639892674615	761.6550852591971
18.24	0.08810478914895561	15.0798	0.502926	0.0035241915659582246	769.8544495564205	0.0035179961544726493	772.5675641145627
18.44	0.0894441891489556	15.2941	0.508812	0.0035777675659582242	780.794900261333	0.0035713825803778848	783.5884029311537
18.66	0.09087668914895561	15.5379	0.516209	0.0036350675659582244	793.24138594429	0.003628476675246729	796.1248719783118
18.87	0.09228008914895561	15.7373	0.521885	0.0036912035659582244	803.4211613552072	0.0036844077919983313	806.3867524109678
19.07	0.0934305891489556	15.9345	0.527817	0.0037372235659582243	813.4886222931856	0.003730257496412354	816.5288111430586
19.27	0.09463148914895561	16.1189	0.534012	0.0037852595659582243	822.9026172067921	0.003778113498437443	826.0175172104261
19.48	0.0959734891489556	16.3274	0.540394	0.0038389395659582243	833.5469661194113	0.0038315896420662633	836.7469025477315
19.68	0.0972691891489556	16.5342	0.546566	0.003890767565958224	844.1045265756684	0.003883218105626423	847.3887410899475
19.89	0.09876408914895561	16.7509	0.552235	0.0039505635659582245	855.1675021601509	0.0039427805810974435	858.5458957369763
20.08	0.0998795891489556	16.91	0.557423	0.003995183565958224	863.2898806349599	0.003987224012969065	866.7388821787307
20.29	0.1013878891489556	17.1461	0.565022	0.004055515565958224	875.3432656626309	0.004047314129263781	878.8932339020824
20.49	0.10254088914895561	17.334	0.570858	0.004101635565958224	884.9359426922765	0.0040932467894463165	888.5656274284179
20.69	0.1040378891489556	17.5439	0.577	0.004161515565958224	895.6517644513114	0.004152880408660021	899.3790332107534
20.89	0.10508588914895561	17.7338	0.583046	0.004203435565958225	905.346545547265	0.004194625809546827	909.1521114163357
21.1	0.1065308891489556	17.9297	0.589214	0.004261235565958224	915.3476388421432	0.004252182211555509	919.2481507559932
21.3	0.1077528891489556	18.1417	0.595512	0.0043101155659582245	926.1706698708015	0.0043008536216920055	930.1625724917455
21.5	0.1091968891489556	18.3365	0.600994	0.004367875565958224	936.1156059292101	0.004358364084066703	940.2044424112605
21.72	0.1104478891489556	18.5362	0.607384	0.004417915565958224	946.3106969500736	0.0044081852250080055	950.4914177083622
21.92	0.11177488914895561	18.7369	0.613483	0.004470995565958225	956.556840004091	0.004461030357178587	960.8336013943364
22.13	0.1130848891489556	18.9487	0.6199	0.004523395565958224	967.3696606261184	0.004513195759175865	971.7454562596371
22.33	0.1146928891489556	19.1711	0.626564	0.004587715565958224	978.7236327995789	0.004577224074648802	983.2137384445447
22.54	0.1158858891489556	19.3636	0.632114	0.004635435565958224	988.5511491817334	0.004624725020456701	993.1335143374192
22.74	0.1169978891489556	19.5408	0.638004	0.0046799155659582245	997.5975694566307	0.004668998807527837	1002.266241850493
22.94	0.11859888914895561	19.7518	0.644737	0.004743955565958224	1008.3695484521348	0.004732738470365276	1013.1532087840573
23.14	0.11959588914895561	19.9288	0.649967	0.004783835565958224	1017.4057583204014	0.0047724293869886815	1022.2728601720653
23.34	0.12113588914895561	20.1368	0.656548	0.004845435565958224	1028.0245812164435	0.004833734226547066	1033.005808084949
23.55	0.12241788914895561	20.3417	0.663036	0.004896715565958224	1038.4851428097081	0.0048847656486450146	1043.5703091735209
23.75	0.1237518891489556	20.5454	0.669529	0.004950075565958224	1048.8844419631878	0.004937864223370083	1054.0764992108634
23.95	0.12497888914895561	20.7161	0.675163	0.004999155565958225	1057.599024022584	0.004986701277808777	1062.8861260700785
24.16	0.12626888914895562	20.9063	0.681683	0.005050755565958225	1067.309120728484	0.005038043286507663	1072.6998382106015
24.36	0.1277688891489556	21.1144	0.688103	0.005110755565958224	1077.9330488278415	0.005097739982206489	1083.4421011568686
24.57	0.1292188891489556	21.3048	0.694118	0.005168755565958224	1087.6533559403722	0.005155443400756032	1093.2751702777223
24.77	0.1305798891489556	21.4927	0.700058	0.005223195565958224	1097.246032970018	0.005209601994041926	1102.9771635841923
24.97	0.1317558891489556	21.6465	0.705921	0.005270235565958225	1105.0978356691105	0.005256396476709784	1110.9219615865172
25.17	0.1336668891489556	21.824	0.711933	0.005346675565958224	1114.1595715539543	0.005332432841084885	1120.1166213117601
25.37	0.13525788914895562	21.9888	0.717903	0.0054103155659582245	1122.5729466177415	0.005395732384791015	1128.646420504751
25.58	0.13750688914895562	22.1562	0.72485	0.0055002755659582245	1131.119056967729	0.005485204289167969	1137.3405234789584
25.78	0.13983388914895561	22.2622	0.730251	0.005593355565958224	1136.5305724820582	0.005577770839651181	1142.8875920855323
25.97	0.14261088914895562	22.3306	0.736095	0.005704435565958225	1140.0225315497953	0.005688226885098686	1146.5257166247616
26.19	0.1481148891489556	22.3179	0.742725	0.005924595565958224	1139.3741707287388	0.005907114162496113	1146.1245018886054
26.39	0.1543338891489556	22.2725	0.748684	0.006173355565958224	1137.056408423545	0.0061543784680211525	1144.0758619312949
26.59	0.1611188891489556	22.2231	0.754261	0.006444755565958225	1134.534437985735	0.0064240769271017555	1141.8462351197147
26.79	0.1667138891489556	22.1916	0.759895	0.006668555565958224	1132.9262989413826	0.0066464191069329085	1140.4812809180087
26.99	0.17277988914895562	22.169	0.765869	0.006911195565958225	1131.772522992101	0.006887422723539596	1139.5944242346773
27.2	0.1790688891489556	22.1499	0.772224	0.0071627555659582245	1130.7974291588584	0.007137224873224007	1138.8970547385372
27.4	0.1850658891489556	22.151	0.778038	0.007402635565958224	1130.853586395328	0.007375370532024391	1139.2248833738695
27.61	0.1916438891489556	22.1666	0.785255	0.0076657555659582245	1131.6499981125312	0.007636522960054559	1140.324950384279
27.81	0.1971258891489556	22.1548	0.790585	0.007885035565958223	1131.0475841213135	0.007854111126852421	1139.9659345489013
28.01	0.2030778891489556	22.1673	0.796917	0.008123115565958225	1131.685734535739	0.00809030064917457	1140.878548541719
28.21	0.2091158891489556	22.1558	0.802788	0.008364635565958223	1131.0986361544674	0.008329845869341882	1140.5598640350518
28.41	0.21463088914895562	22.1607	0.808628	0.008585235565958225	1131.3487911169223	0.008548592010767651	1141.061686995923
28.62	0.22123588914895562	22.1617	0.81525	0.008849435565958224	1131.3998431500763	0.008810508795772914	1141.4120931613681
28.82	0.2271138891489556	22.1498	0.821663	0.009084555565958224	1130.7923239555432	0.009043539214108866	1141.0650696560763
29.02	0.2331508891489556	22.1313	0.82745	0.009326035565958225	1129.8478613421933	0.009282816596236174	1140.3848626811923
29.23	0.2390378891489556	22.1326	0.833454	0.009561515565958224	1129.9142289852934	0.009516093581807775	1140.7179214739342
29.44	0.24532488914895562	22.1266	0.839958	0.009812995565958224	1129.6079167863693	0.009765160805261085	1140.6927542650653
29.65	0.2510788891489556	22.1295	0.845852	0.010043155565958225	1129.755967682516	0.009993058223467867	1141.102282617521
29.85	0.2574538891489556	22.1038	0.851933	0.010298155565958225	1128.443930430457	0.010245490819830852	1140.0648215734911
30.06	0.2637268891489556	22.1181	0.858665	0.010549075565958223	1129.1739745045597	0.010493822309142873	1141.0857160887217
30.25	0.2685668891489556	22.1336	0.863949	0.010742675565958225	1129.9652810184477	0.010685382978683646	1142.1041314332258
30.46	0.2749348891489556	22.1612	0.870964	0.010997395565958223	1131.3743171334993	0.010937363938041081	1143.8164880321822
30.66	0.2794978891489556	22.182	0.876328	0.011179915565958225	1132.4361994231035	0.011117882233336913	1145.0967405164884
30.86	0.2848738891489556	22.2042	0.882507	0.011394955565958225	1133.5695545591234	0.01133052207562861	1146.4865292642478
31.07	0.28985888914895563	22.2141	0.88826	0.011594355565958225	1134.0749696873484	0.011527656088693695	1147.2238381243567
31.27	0.2950508891489556	22.2308	0.893932	0.011802035565958224	1134.927538641021	0.011732934700081616	1148.321993816848
31.48	0.3009148891489556	22.2407	0.901192	0.012036595565958224	1135.4329537692463	0.011964731837898921	1149.099701026028
31.67	0.3052198891489556	22.243	0.906296	0.012208795565958224	1135.5503734455006	0.012134869313493273	1149.4140758097442
31.89	0.3108868891489556	22.2708	0.912449	0.012435475565958224	1136.9696199671832	0.012358790131761608	1151.108377895522
32.09	0.3162678891489556	22.277	0.91922	0.012650715565958225	1137.286142572738	0.012571363800727648	1151.6736260795317
32.3	0.3221178891489556	22.2887	0.925575	0.012884715565958224	1137.8834513606405	0.012802413820830303	1152.544755978633
32.5	0.3271498891489556	22.3003	0.931446	0.013085995565958224	1138.4756549452275	0.013001113633770593	1153.373742317792
32.71	0.3322788891489556	22.3189	0.937363	0.013291155565958224	1139.4252227618927	0.013203603087016298	1154.5695006533977
32.91	0.3374908891489556	22.3288	0.943264	0.013499635565958224	1139.930637890118	0.013409327330137421	1155.319286072105
33.11	0.3426198891489556	22.3311	0.949505	0.013704795565958224	1140.048057566372	0.013611734149646787	1155.672183130687
33.31	0.3477158891489556	22.3404	0.955273	0.013908635565958226	1140.5228414747048	0.013812798117321213	1156.3859580314274
33.52	0.3540088891489556	22.3669	0.962532	0.014160355565958224	1141.8757203532873	0.014061034249714503	1158.0450865656244
33.72	0.3590078891489556	22.3697	0.968414	0.014360315565958223	1142.0186660461186	0.014258182845233704	1158.4184144727556
33.92	0.3640698891489556	22.3771	0.974194	0.014562795565958225	1142.3964510914584	0.014457776412443094	1159.0329370639795
34.12	0.3691738891489556	22.3825	0.97979	0.014766955565958225	1142.6721320704903	0.014658985703909817	1159.545920671234
34.33	0.3746638891489556	22.3887	0.985828	0.014986555565958223	1142.9886546760454	0.01487536665820062	1160.1181176606078
34.53	0.3798588891489556	22.4033	0.992119	0.015194355565958224	1143.7340143600945	0.015080077479375363	1161.1123156471624
34.74	0.3855458891489556	22.4099	0.998558	0.015421835565958225	1144.0709577789112	0.015304127698166302	1161.714631965566
34.94	0.3906848891489556	22.4307	1.00459	0.015627395565958224	1145.1328400685154	0.015506545244280872	1163.0282839358354
35.14	0.39604088914895563	22.4246	1.01054	0.015841635565958224	1144.8214226662758	0.015717466501273814	1162.9572664322568
35.34	0.4009818891489556	22.4364	1.01574	0.016039275565958223	1145.4238366574934	0.01591200546223398	1163.79560521346
35.54	0.4062228891489556	22.4435	1.02177	0.016248915565958224	1145.7863060928873	0.01611831478554588	1164.4040910372219
35.7501	0.4116128891489556	22.4613	1.02829	0.016464515565958224	1146.6950322830294	0.01633044503224614	1165.5748104914603
35.9501	0.4170218891489556	22.4745	1.03424	0.016680875565958223	1147.3689191206627	0.016543277820063925	1166.5080372887624
36.1501	0.4221238891489556	22.4742	1.04027	0.016884955565958225	1147.3536035107165	0.016743989296978908	1166.726618124437
36.3601	0.4279408891489556	22.4894	1.04696	0.017117635565958224	1148.1295944146582	0.016972779566990667	1167.7828583943397
36.5601	0.4334068891489556	22.4911	1.05321	0.017336275565958223	1148.21638287102	0.017187716852761117	1168.1221784938198
36.7601	0.4385068891489556	22.5102	1.05891	0.017540275565958222	1149.1914767042624	0.01738822041703859	1169.3486118837056
36.9601	0.4436558891489556	22.5159	1.06459	0.017746235565958224	1149.4824732932402	0.01759060961342592	1169.8814600432422
37.1601	0.4488498891489556	22.5203	1.07051	0.017953995565958225	1149.707102239118	0.017794726111075406	1170.3489384548698
37.3701	0.4545298891489556	22.5238	1.07621	0.018181195565958222	1149.8857843551575	0.018017894004771842	1170.792082679034
37.5701	0.4597398891489556	22.5452	1.08219	0.018389595565958223	1150.978297864654	0.018222551757534337	1172.1443232675801
37.7801	0.4655948891489556	22.5588	1.08912	0.018623795565958223	1151.672605515549	0.018452496245922562	1173.1211206795851
37.9801	0.4708078891489556	22.5626	1.09475	0.018832315565958224	1151.8666032415344	0.01865718286428816	1173.5589186036675
38.1801	0.4762048891489556	22.5684	1.10114	0.019048195565958225	1152.162705033828	0.01886905004651827	1174.1093255631158
38.3801	0.4812108891489556	22.5688	1.10662	0.019248435565958222	1152.1831258470895	0.019065527828589484	1174.3608485051413
38.5801	0.4865498891489556	22.582	1.11286	0.019461995565958224	1152.857012684723	0.01927503281519294	1175.293910753777
38.7901	0.4916998891489556	22.5979	1.11874	0.019667995565958225	1153.6687400118722	0.019477079768154847	1176.3590916750102
38.9901	0.4969988891489556	22.5955	1.12461	0.019879955565958226	1153.5462151323027	0.01968492974848539	1176.4786626324121
39.1901	0.5022538891489556	22.6	1.13087	0.020090155565958227	1153.7759492814957	0.019891011199970433	1176.9554875908223
39.4001	0.5079428891489556	22.6207	1.13677	0.020317715565958225	1154.8327263677847	0.020114064643512723	1178.2962892283854
39.6001	0.5133918891489556	22.6322	1.14365	0.020535675565958224	1155.4198247490563	0.020327661565051378	1179.1471514125792
39.8101	0.5184048891489557	22.6296	1.14963	0.020736195565958227	1155.2870894628556	0.02052412731121749	1179.243348484784
40.0101	0.5235398891489557	22.6421	1.15553	0.020941595565958225	1155.9252398772812	0.020725334378841123	1180.1321587552745
40.2101	0.5288528891489556	22.6473	1.16096	0.021154115565958222	1156.1907104496825	0.020933473497501222	1180.6489023548224
40.4101	0.5340468891489556	22.6648	1.16732	0.021361875565958224	1157.0841210298781	0.0211369088699717	1181.8016080426644
40.6201	0.5400278891489556	22.6721	1.17467	0.021601115565958225	1157.4568008719027	0.021371117714803517	1182.4591589901408
40.8201	0.5453428891489556	22.6859	1.18036	0.021813715565958222	1158.1613189294287	0.021579200770214586	1183.42512052005
41.0201	0.5503878891489556	22.6836	1.18587	0.022015515565958224	1158.0438992531742	0.02177667323766154	1183.5388327432454
41.2201	0.5557098891489556	22.6956	1.19191	0.022228395565958223	1158.6565236510228	0.021984945841150915	1184.4115991838157
41.4301	0.5609998891489556	22.7018	1.19866	0.022439995565958226	1158.9730462565778	0.022191923169771283	1184.9803962756405
41.6301	0.5664108891489557	22.7156	1.20456	0.022656435565958227	1159.6775643141038	0.022403590451091887	1185.9517243272737
41.8301	0.5716028891489556	22.7198	1.20978	0.022864115565958226	1159.8919828533508	0.02260664878809917	1186.411887193338
42.0301	0.5768218891489556	22.7313	1.21614	0.023072875565958224	1160.4790812346223	0.022810721544620407	1187.2546706728463
42.2301	0.5821058891489556	22.74	1.2226	0.02328423556595822	1160.9232339230625	0.023017293505693884	1187.954443975721
42.4401	0.5879168891489556	22.7431	1.22891	0.023516675565958222	1161.0814952258402	0.023244418674277744	1188.3862720547038
42.6401	0.5932638891489556	22.758	1.23468	0.02373055556595822	1161.8421705198355	0.023453362662600903	1189.4133307062298
42.8501	0.5981028891489556	22.7643	1.24041	0.023924115565958224	1162.163798328706	0.023642417978719767	1189.967539346495
43.0501	0.6035778891489556	22.7731	1.24693	0.024143115565958224	1162.6130562204617	0.023856278146497188	1190.682157595284
43.2501	0.6087708891489556	22.7804	1.25266	0.024350835565958226	1162.9857360624862	0.02405908079631443	1191.3054104868988
43.4501	0.6139068891489556	22.7941	1.25877	0.024556275565958227	1163.6851489166966	0.024259616974428414	1192.2609221055081
43.6501	0.6190128891489556	22.7941	1.26502	0.02476051556595822	1163.6851489166966	0.0244589419412271	1192.4985931603228
43.8601	0.6248588891489556	22.8119	1.27201	0.024994355565958224	1164.5938751068388	0.02468710581029038	1193.7021485111964
44.0601	0.6299708891489556	22.81	1.27787	0.025198835565958224	1164.496876243846	0.024886579695544274	1193.8408415453866
44.2601	0.6353558891489556	22.8214	1.28356	0.02541423556595822	1165.0788694218022	0.02509666321039595	1194.688458262208
44.4701	0.6407498891489556	22.8359	1.28978	0.025629995565958224	1165.8191239025357	0.025307053603271012	1195.699062878867
44.6701	0.6460008891489556	22.8465	1.29605	0.025840035565958222	1166.3602754539688	0.025511823838806028	1196.4990664544202
44.8801	0.6517008891489556	22.8453	1.30249	0.026068035565958225	1166.299013014184	0.02573405601786508	1196.7021371659798
45.0801	0.6571908891489556	22.8598	1.30843	0.026287635565958225	1167.0392674949176	0.02594805401434006	1197.7179704499868
45.2801	0.6622898891489556	22.861	1.31497	0.026491595565958224	1167.1005299347025	0.026146769977145854	1198.018885158548
45.4801	0.6674488891489556	22.8675	1.32056	0.026697955565958224	1167.4323681502037	0.026347784053592206	1198.6004256413394
45.6801	0.6726078891489556	22.8841	1.32674	0.026904315565958226	1168.279831900561	0.026548757731499954	1199.7116011673584
45.8901	0.6776688891489556	22.8858	1.33269	0.027106755565958224	1168.3666203569228	0.02674587448856198	1200.0372487463628
46.0901	0.6830238891489556	22.8974	1.33911	0.027320955565958226	1168.95882394151	0.026954399713971816	1200.8958960288508
46.2901	0.6882668891489556	22.8937	1.34447	0.027530675565958226	1168.7699314188399	0.027158521508023312	1200.946957211979
46.5001	0.6941138891489556	22.9164	1.35134	0.02776455556595822	1169.9288125714368	0.027386109250618164	1202.4113660962919
46.7001	0.6995238891489556	22.9234	1.3573	0.027980955565958223	1170.2861768035152	0.027596641147321816	1203.0319023161096
46.9001	0.7047118891489557	22.926	1.36339	0.028188475565958226	1170.4189120897156	0.027798492218116477	1203.411236995092
47.1001	0.7100148891489556	22.9327	1.36952	0.028400595565958225	1170.7609607118477	0.028004775528408972	1204.0112692614377
47.3001	0.7154378891489556	22.9423	1.37561	0.02861751556595822	1171.2510602301265	0.028215682763138832	1204.7693556779072
47.5101	0.7205538891489556	22.9428	1.38137	0.028822155565958223	1171.2765862467036	0.02841460961727325	1205.0353022262705
47.7101	0.7257138891489556	22.9508	1.38675	0.029028555565958226	1171.685002511936	0.028615207259828697	1205.6973257131538
47.9201	0.7311848891489556	22.9666	1.39391	0.029247395565958224	1172.49162463577	0.028827851245397614	1206.7839509792655
48.1201	0.7363858891489556	22.961	1.39965	0.029455435565958227	1172.2057332501074	0.02902995909463367	1206.7335636959028
48.3201	0.7416948891489556	22.9753	1.40613	0.029667795565958225	1172.9357773242102	0.029236221641277163	1207.7341961778634
48.5201	0.7469368891489556	22.9895	1.41223	0.029877475565958225	1173.6607161949978	0.029439839404541184	1208.726735565839
48.7201	0.7522708891489556	22.9909	1.41854	0.03009083556595822	1173.7321890414134	0.02964698822290873	1209.0507713403308
48.9301	0.7577428891489556	22.9963	1.42407	0.030309715565958226	1174.0078700204454	0.029859451766177686	1209.5917146329614
49.1301	0.7628658891489556	23.0007	1.4303	0.030514635565958223	1174.232498966323	0.030058323640496216	1210.0637757419847
49.3301	0.7682088891489556	23.0193	1.43581	0.030728355565958224	1175.1820667829886	0.030265693661095865	1211.293479185834
49.5401	0.7738528891489556	23.0229	1.44222	0.030954115565958222	1175.365854102343	0.030484699258770048	1211.7482645825082
49.7401	0.7791808891489556	23.043	1.44887	0.031167235565958223	1176.3919999687394	0.030691399025145838	1213.056886549674
49.9501	0.7842608891489556	23.0376	1.45419	0.03137043556595823	1176.1163189897075	0.030888437851152813	1213.011600192646
50.1501	0.7897768891489556	23.0469	1.46067	0.03159107556595822	1176.5911028980402	0.03110234392710304	1213.7608813399263
50.3601	0.7955758891489556	23.0441	1.46728	0.031823035565958224	1176.4481572052086	0.03132717519071197	1213.8863087534562
50.5801	0.8016758891489556	23.0641	1.47404	0.032067035565958225	1177.4691978682897	0.031563621893518065	1215.2271445141525
50.7801	0.8067818891489557	23.0739	1.48014	0.03227127556595823	1177.9695077931992	0.031761496437206	1215.9840863874897
50.9901	0.8118668891489557	23.073	1.48599	0.032474675565958226	1177.9235609633608	0.0319585182553589	1216.1762464471442
51.1901	0.8168758891489556	23.0709	1.4915	0.03267503556595822	1177.8163516937373	0.03215255745701934	1216.3015428754973
51.3901	0.8223858891489556	23.0898	1.49832	0.032895435565958225	1178.7812351203488	0.0323659609733039	1217.557757286611
51.5901	0.8276308891489557	23.0899	1.50426	0.03310523556595823	1178.7863403236643	0.032569058681501784	1217.810339802013
51.8101	0.8333598891489556	23.1074	1.51089	0.03333439556595823	1179.67975090386	0.03279085078951882	1219.0036623616402
52.0301	0.8389428891489557	23.1021	1.51737	0.03355771556595823	1179.4091751281435	0.033006943346712676	1218.9874527629752
52.2301	0.8443048891489556	23.1008	1.52304	0.03377219556595822	1179.3428074850433	0.03321443804759667	1219.1718034187345
52.4501	0.8503178891489556	23.1188	1.53014	0.034012715565958224	1180.2617440818162	0.03344707346319513	1220.4056510766527
52.6601	0.8558918891489556	23.1285	1.53642	0.034235675565958225	1180.7569488034105	0.0336626761942982	1221.1809606248949
52.8601	0.8613438891489557	23.1401	1.54296	0.03445375556595823	1181.3491523879973	0.03387351499641703	1222.0510673224253
53.0601	0.8665238891489556	23.1318	1.54846	0.034660955565958225	1180.9254205128188	0.034073793888232756	1221.8574240399244
53.2701	0.8719598891489556	23.147	1.55483	0.034878395565958224	1181.7014114167603	0.03428392760777869	1222.9172606850052
53.4701	0.8772838891489556	23.1501	1.56061	0.03509135556595822	1181.859672719538	0.034489689069399025	1223.3327307240063
53.6701	0.8825348891489556	23.1577	1.56645	0.035301395565958224	1182.2476681715086	0.03469258777120888	1223.9826607625628
53.8701	0.8877608891489556	23.1601	1.57237	0.035510435565958225	1182.3701930510783	0.03489447960664007	1224.3566736065281
54.0801	0.8933668891489556	23.1683	1.57907	0.035734675565958225	1182.7888197229415	0.03511100637082749	1225.0553944587834
54.2801	0.8988398891489556	23.1856	1.58537	0.03595359556595822	1183.6720198965068	0.03532235090935235	1226.2292849826067
54.4801	0.9042798891489556	23.1824	1.5914	0.03617119556595823	1183.5086533904137	0.03553237687084964	1226.3175763462023
54.6801	0.9094908891489556	23.1886	1.59759	0.036379635565958225	1183.825175995969	0.035733520309719026	1226.8923044725086
54.8901	0.9150478891489556	23.1957	1.60323	0.036601915565958223	1184.1876454313624	0.035947974703421225	1227.531181643692
55.0901	0.9202858891489556	23.1967	1.60941	0.03681143556595822	1184.2386974645167	0.036150076229003306	1227.832223970946
55.3001	0.9261838891489556	23.2076	1.61604	0.03704735556595822	1184.7951646258957	0.03637759413140503	1228.6886923626193
55.5001	0.9317488891489556	23.2124	1.62281	0.037269955565958225	1185.040214385035	0.03659221896209968	1229.2066105190386
55.7001	0.9369808891489556	23.2174	1.62823	0.037479235565958224	1185.2954745508055	0.036793959010105765	1229.7194428567593
55.9001	0.9424068891489557	23.2258	1.63472	0.037696275565958226	1185.7243116292993	0.03700313649859021	1230.4217020257336
56.1001	0.9474108891489557	23.2122	1.64077	0.037896435565958224	1185.0300039784045	0.03719600670819045	1229.9384171678992
56.3101	0.9525928891489556	23.2215	1.64646	0.03810371556595822	1185.504787886737	0.03739569840915293	1230.6769251264548
56.5101	0.9581258891489556	23.2386	1.65302	0.038325035565958225	1186.3777776536713	0.037608872110121316	1231.8457481769105
56.7201	0.9638328891489556	23.2397	1.65941	0.03855331556595822	1186.4339348901408	0.03782870203015017	1232.174896780122
56.9101	0.9687498891489557	23.243	1.66438	0.03874999556595823	1186.602406599549	0.038018062918888644	1232.583244593837
57.1201	0.9747048891489556	23.253	1.6707	0.03898819556595822	1187.1129269310895	0.038247350710834814	1233.396317885156
57.3201	0.9800148891489556	23.2588	1.67679	0.03920059556595822	1187.409028723383	0.038451759474510204	1233.9561698297357
57.5201	0.9853448891489556	23.2478	1.68311	0.039413795565958226	1186.8474563586885	0.03865689612867477	1233.6256193715874
57.7301	0.9907778891489556	23.2599	1.6895	0.039631115565958226	1187.4651859598523	0.03886595366237987	1234.5257559751794
57.9301	0.9960998891489556	23.2731	1.69513	0.039843995565958225	1188.1390727974858	0.0390706976380148	1235.4792807457704
58.1301	1.0017558891489555	23.2891	1.70173	0.04007023556595822	1188.9559053279509	0.03928824507098667	1236.5976485319788
58.3401	1.0077958891489556	23.2618	1.70766	0.04031183556595822	1187.562184822845	0.03952051010002986	1235.4349963417735
58.5401	1.0128358891489555	23.2836	1.71359	0.04051343556595822	1188.6751191456033	0.03971427937362307	1236.8324319939663
58.7401	1.0182758891489554	23.2856	1.71953	0.04073103556595822	1188.7772232119114	0.039923385034982085	1237.1973505705569
58.9401	1.0237558891489555	23.3017	1.72631	0.04095023556595822	1189.5991609456917	0.040133984038633434	1238.3135268154838
59.1601	1.0296358891489554	23.3043	1.73317	0.04118543556595822	1189.7318962318923	0.04035990591707917	1238.731522584916
59.3601	1.0347658891489555	23.2888	1.73867	0.04139063556595822	1188.9405897180045	0.04055696954755913	1238.1515963765978
59.5701	1.0399258891489556	23.3011	1.7444	0.04159703556595822	1189.5685297257994	0.040755146429291234	1239.0510541649483
59.7701	1.0456158891489555	23.3113	1.75061	0.041824635565958224	1190.0892604639705	0.040973633165854395	1239.8643100738368
59.9801	1.0515858891489556	23.3105	1.75701	0.04206343556595822	1190.0484188374473	0.04120282014029257	1240.1059438235866
60.1801	1.0570358891489555	23.3224	1.76288	0.042281435565958224	1190.6559380319804	0.04141199857694596	1240.998580357105
60.3801	1.0625858891489555	23.3214	1.76934	0.04250343556595822	1190.6048859988264	0.04162497019230358	1241.2096840553925
60.5801	1.0679858891489555	23.3306	1.77543	0.042719435565958225	1191.0745647038439	0.041832142292478475	1241.9565978249614
60.7801	1.0734958891489554	23.332	1.78165	0.04293983556595822	1191.1460375502593	0.042043490333715246	1242.2936525377102
60.9901	1.0788458891489554	23.3325	1.7877	0.04315383556595822	1191.1715635668363	0.042248658494389926	1242.575185351845
61.1901	1.0851558891489554	23.3509	1.79424	0.04340623556595822	1192.1109209768708	0.042490587787222686	1243.8559684335441
61.3901	1.0900358891489554	23.3383	1.79948	0.04360143556595822	1191.4676653591298	0.0426776498697146	1243.4173659992086
61.5901	1.0951558891489555	23.336	1.80483	0.04380623556595822	1191.3502456828755	0.04287387411808693	1243.538815186822
61.8001	1.1009658891489555	23.3538	1.812	0.044038635565958224	1192.2589718730176	0.043096496022782226	1244.7644302355775
62.0001	1.1064958891489556	23.3493	1.81785	0.04425983556595822	1192.0292377238243	0.04330834313552497	1244.7882557752953
62.2001	1.1120458891489555	23.3718	1.82407	0.04448183556595822	1193.1779084697905	0.04352091130889374	1246.2526519952776
62.4201	1.1179358891489555	23.3628	1.83025	0.04471743556595822	1192.718440171404	0.04374645226542604	1246.053750168099
62.6201	1.1234158891489554	23.3466	1.8364	0.04493663556595821	1191.8913972343084	0.04395624775629896	1245.4509865860273
62.8301	1.1288358891489556	23.3712	1.84216	0.04515343556595822	1193.147277249898	0.04416370293133852	1247.0219759538998
63.0301	1.1343458891489555	23.3745	1.84838	0.04537383556595822	1193.3157489593063	0.044374558827705156	1247.4610615308543
63.2301	1.1400158891489556	23.379	1.8542	0.045600635565958225	1193.5454831084996	0.04459149117577587	1247.9719157151258
63.4401	1.1460458891489556	23.3761	1.86132	0.04584183556595822	1193.397432212353	0.04482214538156797	1248.1049610646683
63.6401	1.1514958891489555	23.3799	1.86766	0.04605983556595822	1193.5914299383383	0.04503056818059108	1248.568054934235
63.8401	1.1569758891489554	23.3868	1.87336	0.04627903556595822	1193.9436889671013	0.04524009447083603	1249.198251412561
64.0401	1.1623758891489555	23.3882	1.87928	0.04649503556595822	1194.015161813517	0.04544651904742701	1249.5309392283295
64.2601	1.1685658891489554	23.3869	1.88625	0.046742635565958215	1193.9487941704167	0.0456830903690399	1249.7571075407398
64.4701	1.1740058891489555	23.3885	1.89177	0.04696023556595822	1194.030477423463	0.04589095176502287	1250.1024299162023
64.6701	1.1802458891489556	23.4025	1.89878	0.04720983556595822	1194.7452058876197	0.046129327821125214	1251.1489306007911
64.8701	1.1853458891489554	23.3983	1.90415	0.04741383556595822	1194.5307873483728	0.0463241122145763	1251.168073678183
65.0801	1.1912258891489556	23.4052	1.91051	0.047649035565958224	1194.8830463771358	0.04654864008362409	1251.8180711511204
65.2801	1.1965558891489554	23.3919	1.91628	0.047862235565958214	1194.2040543361868	0.0467521226453002	1251.3613300986476
65.4901	1.2027658891489554	23.4076	1.92334	0.04811063556595822	1195.0055712567053	0.04698914861503887	1252.4980487947262
65.7001	1.2084358891489555	23.4061	1.92892	0.04833743556595822	1194.9289932069742	0.047205514576121245	1252.6887964220116
65.9001	1.2137458891489554	23.4015	1.93472	0.04854983556595822	1194.6941538544656	0.04740810057456804	1252.6963585757114
66.1101	1.2198558891489555	23.419	1.94131	0.048794235565958216	1195.5875644346615	0.04764115723367354	1253.9253456934168
66.3101	1.2254658891489556	23.423	1.94769	0.04901863556595822	1195.7917725672778	0.04785509433353966	1254.4078536795246
66.5101	1.2310658891489554	23.425	1.95411	0.04924263556595822	1195.893876633586	0.04806860444682514	1254.7828429762146
66.7201	1.2367458891489556	23.4234	1.96023	0.04946983556595822	1195.8121933805394	0.048285118146545895	1254.9688259548425
66.9201	1.2421858891489554	23.4238	1.96575	0.04968743556595822	1195.832614193801	0.04849243944044982	1255.2504701592268
67.1201	1.2475858891489555	23.4195	1.97102	0.04990343556595822	1195.6130904512386	0.048698193812629555	1255.278291272388
67.3201	1.2533358891489554	23.4408	1.97775	0.050133435565958215	1196.7004987574198	0.048917237586652056	1256.695206103625
67.5201	1.2590558891489554	23.4404	1.98352	0.050362235565958216	1196.6800779441583	0.04913509092865085	1256.9475619266714
67.7301	1.2648658891489555	23.4272	1.98983	0.05059463556595822	1196.0061911065247	0.04935632345763891	1256.517688480189
67.9301	1.2708158891489556	23.4476	1.99644	0.050832635565958226	1197.0476525828674	0.049582836175244976	1257.8967396616981
68.1401	1.2767558891489554	23.4423	2.00313	0.051070235565958216	1196.777076807151	0.049808917032048816	1257.896764039631
68.3401	1.2821458891489554	23.4334	2.00885	0.05128583556595822	1196.3227137120798	0.0500140202528745	1257.6771236913385
68.5401	1.2874658891489554	23.4334	2.01431	0.05149863556595822	1196.3227137120798	0.050216418552507934	1257.9317011648163
68.7401	1.2931458891489556	23.4406	2.02044	0.05172583556595822	1196.690288350789	0.05043246777027077	1258.590093429401
68.9401	1.2988758891489556	23.4492	2.0264	0.05195503556595822	1197.129335835914	0.05065037154460467	1259.3262330563207
69.1501	1.3052858891489556	23.4604	2.03299	0.052211435565958225	1197.7011186072393	0.05089407849915105	1260.2348133886774
69.3501	1.3107058891489556	23.438	2.03873	0.05242823556595822	1196.5575530645885	0.05110009951428306	1259.2909543248854
69.5601	1.3162258891489556	23.438	2.04465	0.05264903556595822	1196.5575530645885	0.05130987803770126	1259.5551542326018
69.7601	1.3217358891489555	23.4449	2.05085	0.05286943556595822	1196.9098120933515	0.051519232649239424	1260.189758282084
69.9601	1.3276358891489555	23.4525	2.05713	0.05310543556595822	1197.2978075453223	0.05174335688189083	1260.8808291171833
70.1701	1.3338658891489554	23.4554	2.06398	0.053354635565958215	1197.445858441469	0.05197996236478395	1261.3351458285795
70.3901	1.3401858891489555	23.455	2.07016	0.05360743556595822	1197.4254376282072	0.052219928716980536	1261.6163446209005
70.6001	1.3457658891489555	23.4552	2.07609	0.05383063556595822	1197.435648034838	0.052431749888754896	1261.8943700178884
70.8001	1.3515558891489554	23.4563	2.08247	0.05406223556595822	1197.4918052713076	0.05265149540248927	1262.2308893361894
71.0001	1.3570858891489554	23.4521	2.08831	0.054283435565958216	1197.2773867320607	0.05286132816742957	1262.2697166093094
71.2101	1.3633358891489555	23.4645	2.09486	0.05453343556595822	1197.9104319431708	0.05309842794085546	1263.2366032973327
71.4101	1.3689558891489555	23.4552	2.10063	0.05475823556595822	1197.435648034838	0.053311580065739654	1263.0051113250056
71.6101	1.3751158891489554	23.4636	2.10732	0.05500463556595822	1197.864485113332	0.05354516081975878	1263.7525845743949
71.8201	1.3805458891489555	23.4558	2.11331	0.05522183556595822	1197.4662792547306	0.05375101550288247	1263.592565223515
72.0201	1.3862658891489554	23.4686	2.11916	0.055450635565958216	1198.1197452791023	0.05396781844509703	1264.5562466389526
72.2201	1.3921158891489556	23.4705	2.12479	0.05568463556595822	1198.216744142095	0.05418950011955711	1264.9390068686764
72.4201	1.3978958891489555	23.4621	2.13111	0.05591583556595822	1197.7879070636009	0.054408480939162576	1264.7632187178624
72.6301	1.4039158891489556	23.4524	2.13767	0.05615663556595822	1197.2927023420068	0.05463650341882147	1264.5286322932081
72.8301	1.4096858891489554	23.4577	2.14325	0.05638743556595822	1197.5632781177233	0.05485500773697715	1265.090800298744
73.0301	1.4154358891489556	23.4709	2.14899	0.056617435565958225	1198.2371649553568	0.05507270718864508	1266.0782804349533
73.2401	1.4214758891489554	23.4643	2.15543	0.05685903556595821	1197.9002215365401	0.05530133523759878	1266.0116728373555
73.4401	1.4270858891489555	23.4586	2.16148	0.05708343556595822	1197.6092249475619	0.055513639975222726	1265.972873973053
73.6401	1.4325558891489556	23.4614	2.16691	0.057302235565958225	1197.7521706403934	0.05572060316435931	1266.386047672067
73.8401	1.4382558891489554	23.4639	2.17326	0.05753023556595822	1197.8798007232783	0.055936223081298836	1266.7941078385916
74.0401	1.4441158891489554	23.4674	2.1789	0.05776463556595821	1198.0584828393175	0.05615784702995813	1267.2638944872356
74.2501	1.4507458891489555	23.4727	2.18615	0.05802983556595822	1198.329058615034	0.05640853300632051	1267.867896840374
74.4501	1.4563458891489556	23.4575	2.19144	0.05825383556595822	1197.5530677110924	0.056620224854527904	1267.3151271990432
74.6501	1.4620858891489554	23.4463	2.19737	0.05848343556595822	1196.981284939767	0.056837162501000786	1266.9848627911997
74.8601	1.4682858891489554	23.465	2.20388	0.058731435565958216	1197.9359579597478	0.05707143253614528	1268.2924564868053
75.0601	1.4739258891489555	23.4502	2.20949	0.05895703556595822	1197.1803878690678	0.05728449503700774	1267.7625945755321
75.2601	1.4795258891489556	23.4656	2.21584	0.059181035565958225	1197.96658917964	0.05749600155198705	1268.8634925007102
75.4601	1.4853258891489556	23.4608	2.22134	0.05941303556595822	1197.7215394205007	0.05771501472122829	1268.881811840205
75.6701	1.4916958891489556	23.4558	2.22857	0.05966783556595822	1197.4662792547306	0.05795549634200933	1268.9165003010814
75.8701	1.4976958891489556	23.4733	2.23483	0.059907835565958224	1198.3596898349263	nan	nan
76.0701	1.5036058891489554	23.4605	2.24026	0.060144235565958215	1197.7062238105545	nan	nan
76.2801	1.5095658891489554	23.4585	2.24682	0.060382635565958215	1197.6041197442464	nan	nan
76.4801	1.5152558891489556	23.4568	2.25264	0.06061023556595822	1197.5173312878846	nan	nan
76.6801	1.5213058891489555	23.4604	2.25923	0.06085223556595822	1197.7011186072393	nan	nan
76.8901	1.5277058891489554	23.4619	2.2658	0.061108235565958215	1197.7776966569702	nan	nan
77.0901	1.5338158891489555	23.452	2.27234	0.06135263556595822	1197.2722815287452	nan	nan
77.2901	1.5396558891489556	23.4521	2.27824	0.06158623556595822	1197.2773867320607	nan	nan
77.4901	1.5453058891489555	23.4478	2.28442	0.06181223556595822	1197.057862989498	nan	nan
77.6901	1.5511858891489554	23.4493	2.28983	0.062047435565958216	1197.1344410392292	nan	nan
77.9001	1.5571458891489556	23.4569	2.29604	0.06228583556595822	1197.5224364912	nan	nan
78.1001	1.5629158891489554	23.4471	2.30191	0.06251663556595821	1197.0221265662901	nan	nan
78.3101	1.5695058891489555	23.4492	2.3085	0.06278023556595821	1197.129335835914	nan	nan
78.5101	1.5754558891489554	23.4446	2.31501	0.06301823556595822	1196.8944964834052	nan	nan
78.7101	1.5812558891489554	23.442	2.32096	0.06325023556595821	1196.7617611972046	nan	nan
78.9101	1.5874158891489556	23.4533	2.32721	0.06349663556595822	1197.3386491718454	nan	nan
79.1101	1.5933258891489555	23.4464	2.33327	0.06373303556595822	1196.9863901430826	nan	nan
79.3201	1.5993858891489554	23.4458	2.3386	0.06397543556595822	1196.95575892319	nan	nan
79.5201	1.6052858891489554	23.44	2.34514	0.06421143556595822	1196.6596571308967	nan	nan
79.7201	1.6114658891489555	23.4479	2.35189	0.06445863556595822	1197.0629681928135	nan	nan
79.9301	1.6177258891489554	23.4312	2.35779	0.06470903556595822	1196.210399239141	nan	nan
80.1301	1.6240058891489555	23.4431	2.36409	0.06496023556595822	1196.8179184336743	nan	nan
80.3301	1.6299058891489555	23.4294	2.37048	0.06519623556595822	1196.1185055794638	nan	nan
80.5301	1.6359758891489555	23.4238	2.37695	0.06543903556595822	1195.832614193801	nan	nan
80.7401	1.6419058891489555	23.4256	2.38261	0.06567623556595822	1195.9245078534782	nan	nan
80.9401	1.6477858891489554	23.4246	2.38834	0.06591143556595822	1195.8734558203244	nan	nan
81.1401	1.6539658891489555	23.4302	2.39487	0.06615863556595822	1196.159347205987	nan	nan
81.3401	1.6602258891489554	23.4235	2.40078	0.06640903556595822	1195.8172985838548	nan	nan
81.5601	1.6667658891489554	23.4141	2.40746	0.06667063556595822	1195.337409472207	nan	nan
81.7701	1.6735158891489554	23.415	2.41391	0.06694063556595822	1195.3833563020453	nan	nan
81.9701	1.6793358891489556	23.4049	2.41968	0.06717343556595823	1194.8677307671896	nan	nan
82.1701	1.6855458891489554	23.4068	2.42588	0.06742183556595821	1194.964729630182	nan	nan
82.3701	1.6912658891489556	23.404	2.43178	0.06765063556595823	1194.8217839373508	nan	nan
82.5901	1.6982058891489555	23.4049	2.43892	0.06792823556595823	1194.8677307671896	nan	nan
82.8101	1.7049858891489555	23.3962	2.44555	0.06819943556595823	1194.4235780787492	nan	nan
83.0201	1.7108758891489555	23.3956	2.45168	0.06843503556595822	1194.392946858857	nan	nan
83.2201	1.7168158891489556	23.3903	2.4572	0.06867263556595822	1194.1223710831403	nan	nan
83.4201	1.7231558891489556	23.3904	2.46323	0.06892623556595823	1194.127476286456	nan	nan
83.6201	1.7291658891489554	23.3872	2.46964	0.06916663556595821	1193.9641097803628	nan	nan
83.8301	1.7361358891489556	23.3893	2.47674	0.06944543556595822	1194.0713190499862	nan	nan
84.0301	1.7427758891489555	23.3869	2.48319	0.06971103556595822	1193.9487941704167	nan	nan
84.2301	1.7486258891489554	23.3582	2.48856	0.06994503556595821	1192.4836008188954	nan	nan
84.4401	1.7549258891489554	23.3637	2.49467	0.07019703556595822	1192.7643870012428	nan	nan
84.6401	1.7607458891489556	23.3534	2.50039	0.07042983556595822	1192.238551059756	nan	nan
84.8401	1.7669158891489556	23.3473	2.50629	0.07067663556595823	1191.9271336575162	nan	nan
85.0501	1.7737258891489556	23.3484	2.51324	0.07094903556595822	1191.983290893986	nan	nan
85.2501	1.7798658891489556	23.3422	2.51888	0.07119463556595823	1191.6667682884304	nan	nan
85.4501	1.7861158891489555	23.3355	2.52545	0.07144463556595822	1191.3247196662985	nan	nan
85.6501	1.7920658891489556	23.316	2.53063	0.07168263556595822	1190.3292050197945	nan	nan
85.8501	1.7983758891489554	23.3257	2.53704	0.07193503556595822	1190.8244097413888	nan	nan
86.0601	1.8050058891489555	23.3247	2.54333	0.07220023556595823	1190.7733577082347	nan	nan
86.2601	1.8113158891489556	23.3128	2.54959	0.07245263556595823	1190.1658385137016	nan	nan
86.4601	1.8178258891489556	23.3015	2.55513	0.07271303556595822	1189.5889505390608	nan	nan
86.6601	1.8241258891489556	23.3024	2.56163	0.07296503556595822	1189.6348973688994	nan	nan
86.8701	1.8307358891489556	23.2876	2.56756	0.07322943556595822	1188.8793272782198	nan	nan
87.0801	1.8370958891489555	23.2819	2.57361	0.07348383556595822	1188.5883306892415	nan	nan
87.2801	1.8433958891489555	23.2743	2.57942	0.07373583556595822	1188.2003352372708	nan	nan
87.4801	1.8497058891489555	23.2656	2.58583	0.07398823556595822	1187.7561825488303	nan	nan
87.6801	1.8559058891489555	23.2485	2.59143	0.07423623556595822	1186.8831927818962	nan	nan
87.8801	1.8621258891489556	23.2432	2.59787	0.07448503556595823	1186.6126170061798	nan	nan
88.0901	1.8694058891489556	23.2513	2.60505	0.07477623556595822	1187.0261384747275	nan	nan
88.2901	1.8754958891489555	23.2175	2.61024	0.07501983556595822	1185.3005797541207	nan	nan
88.4901	1.8815658891489555	23.2004	2.61604	0.07526263556595822	1184.4275899871864	nan	nan
88.6901	1.8879358891489555	23.2026	2.62187	0.07551743556595822	1184.5399044601254	nan	nan
88.9001	1.8946358891489554	23.1922	2.62814	0.07578543556595822	1184.0089633153234	nan	nan
89.1001	1.9010058891489554	23.1807	2.63371	0.07604023556595822	1183.4218649340519	nan	nan
89.3001	1.9070858891489555	23.1744	2.63998	0.07628343556595822	1183.1002371251811	nan	nan
89.5001	1.9132358891489556	23.1518	2.64616	0.07652943556595822	1181.9464611759	nan	nan
89.7201	1.9207458891489555	23.155	2.65287	0.07682983556595822	1182.1098276819928	nan	nan
89.9201	1.9273758891489554	23.1422	2.65878	0.07709503556595822	1181.456361657621	nan	nan
90.1301	1.9345358891489555	23.1247	2.66536	0.07738143556595822	1180.5629510774252	nan	nan
90.3301	1.9406958891489554	23.108	2.6713	0.07762783556595822	1179.7103821237524	nan	nan
90.5301	1.9471858891489555	23.0935	2.67705	0.07788743556595822	1178.9701276430187	nan	nan
90.7401	1.9535658891489556	23.0774	2.68293	0.07814263556595823	1178.1481899092387	nan	nan
90.9401	1.9599858891489554	23.0741	2.68894	0.07839943556595821	1177.9797181998304	nan	nan
91.1401	1.9665158891489556	23.0532	2.6949	0.07866063556595822	1176.9127307069107	nan	nan
91.3401	1.9729458891489555	23.0352	2.701	0.07891783556595822	1175.9937941101377	nan	nan
91.5501	1.9801458891489554	23.0313	2.70773	0.07920583556595821	1175.7946911808372	nan	nan
91.7501	1.9867458891489556	23.0139	2.71335	0.07946983556595823	1174.9063858039565	nan	nan
91.9601	1.9928958891489554	22.9948	2.72	0.07971583556595822	1173.9312919707143	nan	nan
92.1601	1.9993258891489556	22.9825	2.72477	0.07997303556595822	1173.3033519629194	nan	nan
92.3601	2.0058458891489557	22.9598	2.7312	0.08023383556595823	1172.1444708103227	nan	nan
92.5601	2.0126258891489557	22.9535	2.73798	0.08050503556595823	1171.822843001452	nan	nan
92.7601	2.0188358891489555	22.9289	2.74333	0.08075343556595822	1170.5669629858623	nan	nan
92.9801	2.0258958891489556	22.9184	2.75004	0.08103583556595823	1170.0309166377447	nan	nan
93.1901	2.0331158891489554	22.9032	2.75686	0.08132463556595822	1169.2549257338032	nan	nan
93.3901	2.0396958891489554	22.8867	2.76286	0.08158783556595822	1168.4125671867616	nan	nan
93.5901	2.0461958891489553	22.8682	2.76893	0.08184783556595822	1167.4681045734117	nan	nan
93.8001	2.0527158891489554	22.8489	2.77469	0.08210863556595821	1166.4828003335385	nan	nan
94.0001	2.0595758891489555	22.8449	2.78159	0.08238303556595822	1166.2785922009223	nan	nan
94.2001	2.0658858891489555	22.8279	2.78702	0.08263543556595822	1165.4107076373036	nan	nan
94.4001	2.0720558891489556	22.794	2.79264	0.08288223556595822	1163.6800437133813	nan	nan
94.6001	2.0786058891489554	22.784	2.79852	0.08314423556595822	1163.1695233818407	nan	nan
94.8101	2.0858258891489556	22.7688	2.80478	0.08343303556595823	1162.3935324778993	nan	nan
95.0101	2.0924158891489557	22.7606	2.81097	0.08369663556595823	1161.9749058060358	nan	nan
95.2201	2.0991358891489553	22.7298	2.81676	0.08396543556595822	1160.4025031848912	nan	nan
95.4201	2.1056658891489555	22.7244	2.82343	0.08422663556595822	1160.1268222058593	nan	nan
95.6201	2.1122858891489553	22.6877	2.82923	0.08449143556595821	1158.253212589106	nan	nan
95.8301	2.1194658891489553	22.6803	2.83554	0.08477863556595822	1157.875427543766	nan	nan
96.0301	2.1258458891489553	22.6663	2.84179	0.08503383556595821	1157.1606990796092	nan	nan
96.2301	2.1324058891489557	22.6423	2.84703	0.08529623556595822	1155.9354502839121	nan	nan
96.4301	2.1387258891489553	22.6245	2.85353	0.08554903556595822	1155.02672409377	nan	nan
96.6401	2.1451158891489555	22.6142	2.85918	0.08580463556595821	1154.5008881522833	nan	nan
96.8401	2.1518858891489554	22.5968	2.86539	0.08607543556595822	1153.612582775403	nan	nan
97.0401	2.1583258891489554	22.5727	2.87143	0.08633303556595821	1152.3822287763903	nan	nan
97.2501	2.1655958891489555	22.5559	2.87773	0.08662383556595822	1151.5245546194024	nan	nan
97.4401	2.1715358891489553	22.5422	2.88361	0.08686143556595821	1150.8251417651918	nan	nan
97.6601	2.1786258891489556	22.5149	2.88974	0.08714503556595822	1149.4314212600864	nan	nan
97.8601	2.1850158891489553	22.4978	2.89543	0.08740063556595822	1148.5584314931523	nan	nan
98.0701	2.1917958891489553	22.4697	2.90206	0.08767183556595821	1147.1238693615232	nan	nan
98.2701	2.1979858891489554	22.457	2.90728	0.08791943556595821	1146.475508540467	nan	nan
98.4801	2.2045658891489555	22.4417	2.91324	0.08818263556595822	1145.69441243321	nan	nan
98.6801	2.2108458891489553	22.4269	2.91927	0.08843383556595821	1144.93884234253	nan	nan
98.8801	2.2174458891489555	22.4099	2.9256	0.08869783556595821	1144.0709577789112	nan	nan
99.0801	2.2238658891489553	22.391	2.93174	0.08895463556595821	1143.1060743522996	nan	nan
99.2801	2.2302958891489557	22.3723	2.93731	0.08921183556595823	1142.151401332319	nan	nan
99.4901	2.2374658891489556	22.3476	2.94395	0.08949863556595822	1140.890416113414	nan	nan
99.6901	2.2443558891489555	22.3391	2.95015	0.08977423556595822	1140.4564738316044	nan	nan
99.8901	2.2504958891489557	22.3011	2.95558	0.09001983556595823	1138.5164965717508	nan	nan
100.11	2.2578458891489555	22.2985	2.96312	0.09031383556595822	1138.3837612855502	nan	nan
100.32	2.2642258891489555	22.2721	2.96906	0.09056903556595822	1137.0359876102832	nan	nan
100.52	2.2708758891489556	22.2534	2.97511	0.09083503556595822	1136.0813145903026	nan	nan
100.72	2.2772158891489553	22.2412	2.98079	0.09108863556595821	1135.4584797858233	nan	nan
100.93	2.2842758891489554	22.2104	2.98719	0.09137103556595821	1133.8860771646787	nan	nan
101.14	2.2907358891489555	22.1948	2.99313	0.09162943556595822	1133.0896654474755	nan	nan
101.34	2.2971158891489556	22.1793	2.9992	0.09188463556595822	1132.2983589335877	nan	nan
101.55	2.3043758891489556	22.1593	3.00642	0.09217503556595823	1131.2773182705068	nan	nan
101.75	2.3109558891489557	22.1292	3.01265	0.09243823556595823	1129.74065207257	nan	nan
101.95	2.3176758891489553	22.1322	3.01857	0.09270703556595822	1129.893808172032	nan	nan
102.15	2.3238058891489555	22.0925	3.02414	0.09295223556595822	1127.8670424558163	nan	nan
102.36	2.3302958891489554	22.0811	3.03035	0.09321183556595822	1127.28504927786	nan	nan
102.56	2.3368258891489555	22.0532	3.036	0.09347303556595822	1125.8606975528621	nan	nan
102.77	2.3439358891489555	22.0488	3.0431	0.09375743556595822	1125.6360686069843	nan	nan
102.98	2.3513558891489557	22.0154	3.04985	0.09405423556595822	1123.9309306996392	nan	nan
103.18	2.3573158891489556	22.0106	3.05548	0.09429263556595822	1123.6858809404996	nan	nan
103.39	2.3644358891489556	21.9678	3.06194	0.09457743556595823	1121.5008539215064	nan	nan
103.59	2.3710058891489556	21.9561	3.06757	0.09484023556595822	1120.903545133604	nan	nan
103.79	2.3771458891489554	21.941	3.07345	0.09508583556595822	1120.1326594329778	nan	nan
104	2.3836658891489555	21.9168	3.07961	0.09534663556595822	1118.8972002306498	nan	nan
104.2	2.3903758891489555	21.8941	3.08564	0.09561503556595823	1117.738319078053	nan	nan
104.4	2.3968658891489554	21.8762	3.09183	0.09587463556595821	1116.8244876845956	nan	nan
104.6	2.4033158891489554	21.8598	3.09742	0.09613263556595822	1115.987234340869	nan	nan
104.82	2.4107358891489556	21.8325	3.10514	0.09642943556595823	1114.5935138357636	nan	nan
105.03	2.4175258891489553	21.8221	3.11172	0.09670103556595822	1114.0625726909614	nan	nan
105.23	2.4240558891489554	21.8045	3.11757	0.09696223556595822	1113.1640569074502	nan	nan
105.43	2.4303558891489554	21.7758	3.12321	0.09721423556595822	1111.698863555929	nan	nan
105.64	2.4371758891489557	21.754	3.12947	0.09748703556595822	1110.5859292331709	nan	nan
105.84	2.4438258891489557	21.7448	3.13525	0.09775303556595823	1110.1162505281536	nan	nan
106.05	2.4504558891489556	21.7212	3.1417	0.09801823556595822	1108.911422545718	nan	nan
106.26	2.4568658891489554	21.6955	3.14803	0.09827463556595822	1107.599385293659	nan	nan
106.46	2.4643058891489553	21.6842	3.15493	0.09857223556595822	1107.0224973190182	nan	nan
106.67	2.4706958891489554	21.6455	3.16076	0.09882783556595821	1105.0467836359564	nan	nan
106.87	2.4774758891489554	21.6353	3.16677	0.09909903556595821	1104.5260528977851	nan	nan
107.07	2.4837958891489555	21.6115	3.17247	0.09935183556595822	1103.311014508719	nan	nan
107.28	2.4910558891489556	21.5833	3.17896	0.09964223556595822	1101.871347173775	nan	nan
107.48	2.4970258891489556	21.5767	3.18446	0.09988103556595823	1101.5344037549578	nan	nan
107.68	2.5042258891489553	21.5508	3.19136	0.10016903556595821	1100.212156096268	nan	nan
107.88	2.5096158891489555	21.5197	3.19625	0.10038463556595822	1098.6244378651772	nan	nan
108.08	2.5168058891489555	21.5108	3.20333	0.10067223556595822	1098.170074770106	nan	nan
108.29	2.5237758891489555	21.4953	3.20971	0.10095103556595822	1097.3787682562183	nan	nan
108.49	2.5307058891489556	21.4762	3.21598	0.10122823556595822	1096.4036744229759	nan	nan
108.7	2.5374758891489555	21.4422	3.22197	0.10149903556595823	1094.6679052957386	nan	nan
108.9	2.5428458891489556	21.4166	3.2269	0.10171383556595823	1093.3609732469947	nan	nan
109.1	2.5502458891489557	21.4057	3.23468	0.10200983556595823	1092.8045060856157	nan	nan
109.3	2.5567058891489554	21.3843	3.24035	0.10226823556595821	1091.711992576119	nan	nan
109.5	2.5624358891489556	21.3688	3.24569	0.10249743556595822	1090.9206860622312	nan	nan
109.71	2.5698958891489556	21.3456	3.2521	0.10279583556595823	1089.7362788930575	nan	nan
109.91	2.5762758891489557	21.3236	3.25786	0.10305103556595822	1088.6131341636683	nan	nan
110.11	2.5829258891489557	21.3088	3.26415	0.10331703556595823	1087.8575640729887	nan	nan
110.32	2.5895258891489554	21.2796	3.26936	0.10358103556595821	1086.3668447048901	nan	nan
110.52	2.5969158891489554	21.2531	3.27676	0.10387663556595822	1085.0139658263079	nan	nan
110.72	2.6026658891489554	21.2354	3.28184	0.10410663556595821	1084.110344839481	nan	nan
110.92	2.6096858891489556	21.2129	3.2882	0.10438743556595823	1082.9616740935153	nan	nan
111.13	2.6162858891489553	21.1961	3.29436	0.10465143556595821	1082.1039999365273	nan	nan
111.33	2.6228758891489554	21.1759	3.30042	0.10491503556595821	1081.0727488668153	nan	nan
111.53	2.6292858891489557	21.1475	3.30599	0.10517143556595823	1079.6228711252404	nan	nan
111.73	2.6356658891489553	21.1256	3.31195	0.10542663556595822	1078.5048315991667	nan	nan
111.94	2.6430058891489554	21.1081	3.3186	0.10572023556595822	1077.6114210189708	nan	nan
112.14	2.6493358891489556	21.0685	3.32441	0.10597343556595823	1075.5897605060707	nan	nan
112.35	2.6560358891489555	21.0653	3.33104	0.10624143556595822	1075.4263939999776	nan	nan
112.55	2.6623358891489555	21.0404	3.33678	0.10649343556595822	1074.1551983744419	nan	nan
112.76	2.6697358891489555	21.0266	3.34357	0.10678943556595823	1073.4506803169159	nan	nan
112.98	2.6773858891489555	20.9844	3.35063	0.10709543556595821	1071.2962845178151	nan	nan
113.19	2.6837858891489557	20.9706	3.35622	0.10735143556595822	1070.5917664602894	nan	nan
113.39	2.6903458891489556	20.961	3.36254	0.10761383556595822	1070.1016669420103	nan	nan
113.59	2.6971258891489556	20.9397	3.36856	0.10788503556595823	1069.014258635829	nan	nan
113.8	2.7041358891489553	20.897	3.37498	0.10816543556595822	1066.8343368201513	nan	nan
114	2.7104858891489556	20.8917	3.38126	0.10841943556595822	1066.5637610444348	nan	nan
114.2	2.7171058891489555	20.856	3.3869	0.10868423556595821	1064.7412034608353	nan	nan
114.4	2.7234858891489555	20.8343	3.39259	0.10893943556595823	1063.6333743413925	nan	nan
114.6	2.7298758891489556	20.817	3.39887	0.10919503556595822	1062.7501741678275	nan	nan
114.81	2.7364458891489556	20.8022	3.40503	0.10945783556595823	1061.9946040771474	nan	nan
115.01	2.7430158891489556	20.7743	3.41101	0.10972063556595822	1060.5702523521495	nan	nan
115.21	2.7498658891489556	20.7591	3.41717	0.10999463556595822	1059.7942614482079	nan	nan
115.42	2.7571658891489554	20.7306	3.42392	0.11028663556595822	1058.3392785033175	nan	nan
115.62	2.7639458891489554	20.7035	3.42989	0.11055783556595822	1056.955768404843	nan	nan
115.83	2.7701758891489554	20.6736	3.43551	0.11080703556595822	1055.429312613537	nan	nan
116.03	2.7768958891489555	20.6634	3.44201	0.11107583556595822	1054.9085818753654	nan	nan
116.23	2.7835958891489554	20.6409	3.44772	0.11134383556595821	1053.7599111293994	nan	nan
116.43	2.7897658891489554	20.6119	3.45353	0.11159063556595822	1052.279402167932	nan	nan
116.63	2.7964158891489554	20.5959	3.45963	0.11185663556595822	1051.4625696374674	nan	nan
116.84	2.8034658891489554	20.5612	3.46654	0.11213863556595821	1049.691064087022	nan	nan
117.04	2.8099758891489555	20.5452	3.47266	0.11239903556595822	1048.874231556557	nan	nan
117.24	2.8168858891489554	20.528	3.47841	0.11267543556595822	1047.9961365863073	nan	nan
117.45	2.8236358891489557	20.4974	3.4846	0.11294543556595822	1046.4339443717934	nan	nan
117.65	2.8303958891489556	20.4733	3.49059	0.11321583556595823	1045.2035903727808	nan	nan
117.85	2.8369958891489553	20.4428	3.49642	0.11347983556595821	1043.6465033615823	nan	nan
118.05	2.8435158891489554	20.4307	3.50288	0.11374063556595822	1043.0287737604185	nan	nan
118.25	2.8499258891489556	20.3931	3.50867	0.11399703556595822	1041.1092173138263	nan	nan
118.46	2.8572658891489553	20.3865	3.51551	0.11429063556595821	1040.7722738950094	nan	nan
118.66	2.8639858891489554	20.3555	3.52115	0.11455943556595821	1039.189660867234	nan	nan
118.87	2.8702058891489557	20.3266	3.52696	0.11480823556595823	1037.714257109082	nan	nan
119.07	2.8765358891489554	20.3067	3.53268	0.11506143556595821	1036.6983216493165	nan	nan
119.27	2.8832358891489553	20.2889	3.53858	0.11532943556595822	1035.7895954591745	nan	nan
119.47	2.8898358891489555	20.2698	3.5446	0.11559343556595822	1034.814501625932	nan	nan
119.67	2.8961758891489553	20.239	3.55073	0.11584703556595821	1033.2420990047874	nan	nan
119.88	2.9041258891489554	20.2256	3.55801	0.11616503556595821	1032.558001760523	nan	nan
120.08	2.9103958891489556	20.1898	3.56376	0.11641583556595822	1030.7303389736082	nan	nan
120.28	2.9173658891489556	20.1771	3.57041	0.11669463556595822	1030.0819781525518	nan	nan
120.49	2.9239358891489555	20.1409	3.57615	0.11695743556595822	1028.233894552375	nan	nan
120.69	2.9304158891489553	20.111	3.58176	0.11721663556595821	1026.7074387610692	nan	nan
120.89	2.9368058891489555	20.1064	3.58788	0.11747223556595822	1026.4725994085607	nan	nan
121.09	2.9438158891489556	20.0744	3.5941	0.11775263556595822	1024.838934347631	nan	nan
121.3	2.9509258891489556	20.0321	3.60011	0.11803703556595822	1022.6794333452146	nan	nan
121.5	2.9572858891489555	20.0185	3.60657	0.11829143556595823	1021.9851256943197	nan	nan
121.7	2.9639258891489555	19.9986	3.61266	0.11855703556595822	1020.969190234554	nan	nan
121.91	2.9703958891489557	19.9743	3.61835	0.11881583556595823	1019.7286258289107	nan	nan
122.11	2.9771658891489556	19.948	3.62453	0.11908663556595822	1018.3859573569592	nan	nan
122.31	2.9838558891489555	19.9258	3.63004	0.11935423556595821	1017.2526022209394	nan	nan
122.52	2.9910858891489553	19.9031	3.63696	0.11964343556595822	1016.0937210683423	nan	nan
122.72	2.9980258891489555	19.8761	3.64317	0.11992103556595822	1014.7153161731833	nan	nan
122.92	3.0044358891489553	19.8453	3.64883	0.12017743556595821	1013.1429135520386	nan	nan
123.12	3.0110058891489553	19.8191	3.65472	0.12044023556595822	1011.8053502834023	nan	nan
123.32	3.0176558891489553	19.7988	3.66073	0.12070623556595822	1010.7689940103752	nan	nan
123.53	3.0239558891489553	19.7653	3.66642	0.12095823556595821	1009.0587508997146	nan	nan
123.73	3.0307858891489556	19.7479	3.67294	0.12123143556595822	1008.1704455228343	nan	nan
123.94	3.0378458891489557	19.7057	3.67888	0.12151383556595823	1006.0160497237333	nan	nan
124.14	3.0445358891489556	19.6991	3.68512	0.12178143556595822	1005.6791063049167	nan	nan
124.34	3.0511358891489553	19.6722	3.69091	0.1220454355659582	1004.3058066130727	nan	nan
124.54	3.0580258891489556	19.6453	3.69773	0.12232103556595822	1002.9325069212288	nan	nan
124.74	3.0646958891489553	19.6083	3.70339	0.12258783556595822	1001.0435816945289	nan	nan
124.95	3.0713058891489555	19.6008	3.70962	0.12285223556595821	1000.6606914458736	nan	nan
125.15	3.0781058891489557	19.5701	3.71502	0.12312423556595822	999.0933940280443	nan	nan
125.35	3.0846058891489556	19.5345	3.72117	0.12338423556595822	997.2759416477602	nan	nan
125.56	3.0921758891489555	19.5198	3.72804	0.12368703556595823	996.5254767603957	nan	nan
125.76	3.0987258891489553	19.4844	3.7342	0.12394903556595821	994.7182347867424	nan	nan
125.97	3.1054658891489555	19.4591	3.74081	0.12421863556595822	993.4266183479449	nan	nan
126.17	3.1120858891489553	19.4291	3.74645	0.12448343556595821	991.8950573533234	nan	nan
126.37	3.1186958891489556	19.4041	3.75207	0.12474783556595823	990.6187565244722	nan	nan
126.57	3.1251958891489555	19.3936	3.75809	0.1250078355659582	990.0827101763547	nan	nan
126.77	3.1319258891489556	19.3513	3.76414	0.12527703556595823	987.9232091739385	nan	nan
126.98	3.1392258891489555	19.3214	3.77089	0.12556903556595822	986.3967533826325	nan	nan
127.18	3.1461758891489553	19.3047	3.77749	0.12584703556595822	985.5441844289599	nan	nan
127.38	3.1528358891489554	19.2641	3.78303	0.12611343556595822	983.4714718829055	nan	nan
127.59	3.1594658891489553	19.249	3.78897	0.12637863556595821	982.7005861822794	nan	nan
127.79	3.1661058891489553	19.2136	3.79451	0.12664423556595822	980.893344208626	nan	nan
127.99	3.1727558891489553	19.1974	3.80066	0.1269102355659582	980.0663012715304	nan	nan
128.19	3.1791358891489554	19.1601	3.80638	0.12716543556595822	978.1620604348843	nan	nan
128.39	3.1861358891489555	19.1443	3.81278	0.12744543556595822	977.3554383110506	nan	nan
128.6	3.1935258891489555	19.1046	3.81972	0.12774103556595823	975.3286725948349	nan	nan
128.8	3.1999458891489554	19.0753	3.825	0.12799783556595823	973.8328480234211	nan	nan
129.01	3.2066358891489557	19.0553	3.83197	0.12826543556595824	972.8118073603401	nan	nan
129.2	3.2132358891489554	19.0184	3.8375	0.12852943556595822	970.9279873369559	nan	nan
129.41	3.2196058891489554	18.9973	3.84333	0.12878423556595822	969.8507894374053	nan	nan
129.61	3.2260958891489553	18.9774	3.84936	0.12904383556595822	968.8348539776397	nan	nan
129.81	3.2332458891489555	18.9465	3.85587	0.12932983556595823	967.2573461531797	nan	nan
130.02	3.2405058891489555	18.9054	3.86198	0.12962023556595823	965.1591075905484	nan	nan
130.22	3.2472758891489555	18.893	3.86831	0.1298910355659582	964.526062379438	nan	nan
130.42	3.2540558891489555	18.8534	3.87388	0.1301622355659582	962.5044018665378	nan	nan
130.63	3.2607158891489556	18.8265	3.88068	0.1304286355659582	961.1311021746939	nan	nan
130.83	3.2676358891489556	18.8104	3.88636	0.13070543556595823	960.3091644409137	nan	nan
131.04	3.2752358891489557	18.7713	3.89267	0.13100943556595823	958.3130299445903	nan	nan
131.24	3.2818458891489555	18.7339	3.89847	0.13127383556595823	956.4036839046289	nan	nan
131.44	3.2884958891489555	18.7031	3.90452	0.13153983556595822	954.8312812834843	nan	nan
131.64	3.2954858891489556	18.6882	3.91087	0.1318194355659582	954.0706059894889	nan	nan
131.84	3.3020758891489557	18.6555	3.91644	0.13208303556595824	952.4012045053515	nan	nan
132.05	3.3086558891489557	18.6143	3.92228	0.13234623556595823	950.2978607394048	nan	nan
132.25	3.3154858891489556	18.5903	3.92904	0.13261943556595823	949.0726119437076	nan	nan
132.45	3.3224758891489556	18.5702	3.93491	0.13289903556595822	948.0464660773113	nan	nan
132.66	3.3294858891489554	18.5365	3.9416	0.1331794355659582	946.3260125600198	nan	nan
132.87	3.3358558891489554	18.4955	3.94699	0.1334342355659582	944.2328792007038	nan	nan
133.07	3.3424658891489556	18.4758	3.95279	0.13369863556595823	943.227154147569	nan	nan
133.29	3.3497458891489553	18.4397	3.95842	0.13398983556595823	941.3841757507078	nan	nan
133.51	3.3572258891489555	18.4198	3.96605	0.13428903556595823	940.3682402909423	nan	nan
133.72	3.3643958891489554	18.3738	3.97276	0.1345758355659582	938.0198467658561	nan	nan
133.92	3.3715458891489556	18.3529	3.9787	0.1348618355659582	936.9528592729366	nan	nan
134.12	3.3786158891489553	18.3185	3.98467	0.1351446355659582	935.1966693324372	nan	nan
134.33	3.3852858891489555	18.2824	3.99059	0.13541143556595822	933.353690935576	nan	nan
134.53	3.3921558891489556	18.2565	3.99683	0.1356862355659582	932.0314432768862	nan	nan
134.73	3.3986158891489553	18.214	4.00262	0.1359446355659582	929.8617318678391	nan	nan
134.93	3.4053458891489554	18.1966	4.00871	0.13621383556595823	928.9734264909587	nan	nan
135.13	3.4121358891489555	18.1759	4.01459	0.1364854355659582	927.9166494046698	nan	nan
135.35	3.4198658891489555	18.1381	4.02122	0.13679463556595822	925.986882551447	nan	nan
135.55	3.4265258891489556	18.0931	4.02745	0.13706103556595822	923.6895410595147	nan	nan
135.76	3.4343158891489556	18.0638	4.03381	0.13737263556595822	922.193716488101	nan	nan
135.97	3.4410558891489553	18.0341	4.03977	0.13764223556595823	920.6774711034258	nan	nan
136.17	3.4475058891489554	17.9976	4.04505	0.1379002355659582	918.814071893303	nan	nan
136.37	3.4542858891489554	17.9647	4.05119	0.1381714355659582	917.1344600025349	nan	nan
136.57	3.4610958891489556	17.9495	4.05731	0.1384438355659582	916.3584690985933	nan	nan
136.77	3.4677058891489554	17.9065	4.0632	0.1387082355659582	914.1632316729692	nan	nan
136.97	3.4742158891489554	17.877	4.06962	0.1389686355659582	912.6571966949248	nan	nan
137.18	3.4815758891489557	17.8464	4.07584	0.13926303556595823	911.0950044804108	nan	nan
137.38	3.4885258891489555	17.8264	4.08171	0.1395410355659582	910.0739638173299	nan	nan
137.58	3.4955758891489555	17.786	4.08833	0.1398230355659582	908.0114616779064	nan	nan
137.79	3.5024558891489557	17.742	4.09425	0.14009823556595824	905.7651722191283	nan	nan
137.99	3.5091558891489556	17.7081	4.09991	0.14036623556595823	904.0345082952061	nan	nan
138.19	3.5160958891489553	17.6712	4.10626	0.14064383556595822	902.1506882718215	nan	nan
138.39	3.5219758891489557	17.6517	4.11172	0.14087903556595824	901.1551736253177	nan	nan
138.61	3.5293658891489557	17.6196	4.11792	0.14117463556595822	899.5164033610727	nan	nan
138.81	3.5364858891489557	17.5919	4.12422	0.14145943556595822	898.1022620427054	nan	nan
139.02	3.5445658891489553	17.5543	4.13116	0.14178263556595821	896.1827055961136	nan	nan
139.22	3.5512558891489556	17.5114	4.1369	0.14205023556595822	893.9925733738046	nan	nan
139.43	3.5578158891489555	17.4723	4.14218	0.14231263556595822	891.9964388774814	nan	nan
139.63	3.5645758891489554	17.4492	4.14844	0.14258303556595822	890.8171369116229	nan	nan
139.83	3.5715758891489555	17.4238	4.15488	0.14286303556595822	889.5204152695101	nan	nan
140.03	3.5783958891489553	17.3763	4.16033	0.1431358355659582	887.0954436946927	nan	nan
140.23	3.5853058891489553	17.3442	4.16676	0.14341223556595822	885.4566734304478	nan	nan
140.44	3.5927858891489555	17.3052	4.1731	0.14371143556595822	883.4656441374399	nan	nan
140.64	3.5998258891489554	17.2774	4.17908	0.14399303556595822	882.0463976157574	nan	nan
140.85	3.6065758891489557	17.2353	4.18475	0.14426303556595824	879.8971070199718	nan	nan
141.05	3.6130958891489553	17.1938	4.19039	0.14452383556595821	877.7784476440788	nan	nan
141.25	3.6202858891489553	17.179	4.19757	0.1448114355659582	877.022877553399	nan	nan
141.46	3.6278258891489554	17.1427	4.20396	0.14511303556595823	875.1696887499071	nan	nan
141.66	3.6345258891489554	17.1006	4.20945	0.14538103556595822	873.0203981541215	nan	nan
141.86	3.6411258891489555	17.0626	4.21503	0.14564503556595823	871.0804208942676	nan	nan
142.06	3.6478558891489556	17.0245	4.22092	0.14591423556595823	869.1353384310985	nan	nan
142.26	3.6548058891489554	17.0012	4.22717	0.14619223556595823	867.9458260586092	nan	nan
142.47	3.6619858891489554	16.9512	4.23306	0.14647943556595822	865.3932244009068	nan	nan
142.67	3.6693758891489554	16.9056	4.23901	0.14677503556595822	863.0652516890821	nan	nan
142.88	3.6761658891489555	16.8791	4.24535	0.1470466355659582	861.7123728104999	nan	nan
143.07	3.6828758891489555	16.8473	4.25087	0.1473150355659582	860.0889181562011	nan	nan
143.29	3.6899358891489555	16.8237	4.25757	0.14759743556595822	858.8840901737655	nan	nan
143.51	3.6975458891489557	16.7647	4.26379	0.14790183556595823	855.8720202176768	nan	nan
143.71	3.7043358891489553	16.7275	4.26944	0.14817343556595822	853.972884584346	nan	nan
143.92	3.7121158891489556	16.7098	4.27646	0.14848463556595823	853.0692635975196	nan	nan
144.12	3.7192158891489555	16.6569	4.28231	0.1487686355659582	850.3686110436703	nan	nan
144.32	3.7259058891489554	16.6089	4.28837	0.1490362355659582	847.9181134522759	nan	nan
144.53	3.7325458891489554	16.5839	4.29384	0.14930183556595822	846.6418126234248	nan	nan
144.73	3.7394358891489556	16.5523	4.29993	0.14957743556595823	845.0285683757568	nan	nan
144.93	3.7470758891489555	16.5074	4.30685	0.14988303556595822	842.7363320871401	nan	nan
145.13	3.7541558891489557	16.4709	4.31253	0.15016623556595823	840.8729328770173	nan	nan
145.35	3.7612658891489557	16.4333	4.31847	0.15045063556595822	838.953376430425	nan	nan
145.55	3.7687758891489556	16.362	4.32493	0.15075103556595823	835.3133664665413	nan	nan
