Specimen name:	AWA_4_02_Rz
Specimen ID:	46NTAV
Material:	42CrMoS4
Specimen type:	Round Tensile Specimen
Gauge diameter:	5.004	mm
Gauge length:	25	mm
Parallel length:	30	mm
Original cross-section:	19.666382577842715	mm²
Cross-section after fracture:	13.663761129582781	mm²
Yield stress at 0.2% plastic strain:	1085.8016537577498	MPa
Yield stress at 1% plastic strain:	1154.9496031280007	MPa
Ultimate tensile strength:	1203.7902703404502	MPa
Uniform elongation:	5.085031405728753	%
Elongation after fracture:	10.63843464180778	%
Reduction of area:	30.522244873964947	%
Slope of linear-elastic region:	203052.3321876089	MPa
Crosshead seperation speed:	0.029900807648897538	mm/s
Strain rate:	0.0009966935882965845	s-1
Test temperature:	RT	Cel
Machine type:	INSTRON 8852TT
Standard:	DIN EN ISO 6892-1
Date:	2022-09-13 00:00:00
Heat treatment batch:	Batch 4
Time	Displacement	Force	Machine Displacement	Engineering Strain	Engineering Stress	True Strain	True Stress
s	mm	kN	mm		MPa		MPa
0	0.0008009619332469891	0.132317	0	3.203847732987956e-05	6.728080239274709	3.203796410874585e-05	6.728295796720928
0.24	0.0007859788332469891	0.142753	9.1553e-05	3.143915332987956e-05	7.258731972438784	3.143865912999236e-05	7.258960180826246
0.430001	0.0008851199332469891	0.14801	0.000549317	3.5404797329879565e-05	7.526040918514248	3.540417059484136e-05	7.526307376467664
0.640001	0.0007911904932469891	0.137402	0.000457764	3.1647619729879567e-05	6.986643296302241	3.1647118954605806e-05	6.9868644069324715
0.850001	0.000987777933246989	0.153571	0.000984192	3.951111732987956e-05	7.808807715000013	3.951033678627934e-05	7.809116249717847
1.04	0.0016060029332469893	0.259909	0.00737	6.424011732987957e-05	13.21590277069198	6.423805402188824e-05	13.216751761836589
1.25	0.0022138119332469892	0.361299	0.0135269	8.855247732987956e-05	18.371400971679478	8.854855679079947e-05	18.373027804747544
1.45	0.002577341933246989	0.466607	0.0199509	0.00010309367732987957	23.72612238946813	0.00010308836354191355	23.72856840267404
1.66	0.003202151933246989	0.569858	0.02565	0.00012808607732987955	28.97624907602657	0.0001280778750086282	28.97996053010645
1.86	0.003792171933246989	0.67574	0.0318146	0.00015168687732987956	34.36015735610309	0.00015167537403878894	34.365369341077
2.06	0.004239861933246989	0.793317	0.0379944	0.00016959447732987958	40.338735243246866	0.00016958009781229078	40.345576469966595
2.26	0.004913591933246989	0.903406	0.0438766	0.00019654367732987958	45.93656186765275	0.0001965243651517749	45.94559040844611
2.46	0.00527133193324699	1.0268	0.0505219	0.0002108532773298796	52.210923688469904	0.0002108310509019558	52.22193253284204
2.66	0.005777511933246989	1.14568	0.0560074	0.00023110047732987957	58.25575676997098	0.00023107377772801883	58.269219703167735
2.87	0.006320381933246989	1.27702	0.062294	0.0002528152773298796	64.93415832552574	0.00025278332493281787	64.95057467277098
3.08	0.007399851933246989	1.42293	0.0683823	0.0002959940773298796	72.35341804054781	0.0002959502797253759	72.37483422376239
3.29	0.007906491933246988	1.55684	0.0743637	0.0003162596773298795	79.16249944990015	0.0003162096777797085	79.1875353564328
3.48	0.00884800193324699	1.71392	0.0804596	0.00035392007732987956	87.14973347111642	0.0003538574623927125	87.1805775115258
3.68001	0.00984370193324699	1.87085	0.0863571	0.0003937480773298796	95.12934026351179	0.0003936705788983184	95.16679725833822
3.88001	0.01080626193324699	2.02606	0.092453	0.0004322504773298796	103.02148816542787	0.0004321570840043041	103.06601925286262
4.08001	0.01161846193324699	2.16829	0.0981369	0.0004647384773298796	110.25362653337788	0.0004646305198505193	110.30486563589311
4.29001	0.01262076193324699	2.34009	0.104546	0.0005048304773298796	118.9893459428823	0.0005047030932941927	119.0494153911918
4.50001	0.01366696193324699	2.5248	0.111076	0.0005466784773298796	128.381515512903	0.0005465291030883309	128.4516989243209
4.71001	0.01482296193324699	2.67347	0.117516	0.0005929184773298796	135.94111623822909	0.0005927427706192557	136.02171823787558
4.92001	0.01594886193324699	2.84947	0.123993	0.0006379544773298795	144.8903980547179	0.0006377510708770399	144.982831532879
5.11001	0.01707386193324699	3.04226	0.130508	0.0006829544773298796	154.69342101722287	0.0006827213700492612	154.79906958172006
5.32001	0.01815086193324699	3.20462	0.136185	0.0007260344773298796	162.94913349293378	0.0007257710417998884	163.06744018190068
5.53001	0.01937246193324699	3.41813	0.143402	0.0007748984773298796	173.80573099656178	0.0007745983985152423	173.94041279286222
5.74001	0.020479361933246988	3.582	0.148697	0.0008191744773298795	182.1382242424028	0.0008188391370399744	182.28742722704834
5.95001	0.021862161933246988	3.78211	0.155327	0.0008744864773298796	192.31345597136627	0.0008741043367985352	192.48163148802178
6.14001	0.02280636193324699	3.93404	0.160622	0.0009122544773298797	200.03882180306596	0.0009118386261030736	200.2213081138956
6.36001	0.024104961933246988	4.13739	0.166954	0.0009641984773298795	210.3788016745603	0.0009637339365603813	210.5816485947974
6.57001	0.02547726193324699	4.35447	0.173973	0.0010190904773298797	221.416927224125	0.001018571557150613	221.64257110617876
6.78001	0.026814461933246988	4.55076	0.180069	0.0010725784773298794	231.39791885911697	0.0010720036760110616	231.64611128658416
7.00001	0.02803916193324699	4.76236	0.186241	0.0011215664773298797	242.15739631575923	0.001120937991530167	242.42899193370445
7.20001	0.02945216193324699	4.94844	0.191475	0.0011780864773298797	251.6192279090105	0.0011773930779919893	251.9156571188463
7.41001	0.03061426193324699	5.16012	0.198471	0.0012245704773298795	262.38277322102385	0.001223821302452212	262.70407941887026
7.62001	0.03205096193324699	5.37551	0.204819	0.0012820384773298795	273.33496532587344	0.001281217367722243	273.68539126862083
7.83001	0.033296461933246986	5.57873	0.211227	0.0013318584773298794	283.6683349323897	0.0013309723405466375	284.04614100901944
8.04001	0.034434461933246986	5.7553	0.216492	0.0013773784773298795	292.6466002183978	0.0013764307617372023	293.04968534700237
8.24001	0.03605056193324699	5.99038	0.222961	0.0014420224773298795	304.599993226467	0.0014409837613653196	305.03923326329414
8.45001	0.03716626193324699	6.19397	0.229225	0.0014866504773298798	314.9521766640747	0.0014855465065193815	315.4204004678485
8.65001	0.03851126193324699	6.40128	0.235138	0.0015404504773298797	325.49351537644003	0.0015392652005773897	325.9949220175695
8.86001	0.03967146193324699	6.6041	0.241089	0.0015868584773298796	335.80654570610056	0.0015856007477998168	336.3394231698972
9.07001	0.04107116193324699	6.83621	0.247803	0.0016428464773298795	347.6089195835166	0.0016414984812210538	348.17998767254284
9.26001	0.04245946193324699	7.02477	0.254059	0.0016983784773298796	357.19685469327305	0.0016969378635114565	357.80351014345405
9.47001	0.04365336193324699	7.22936	0.259514	0.0017461344773298795	367.59988632301986	0.0017446117568489668	368.24176515839105
9.68001	0.04502416193324699	7.44006	0.266083	0.0018009664773298794	378.31360040673684	0.001799346681710546	378.99493051898736
9.89001	0.046282561933246986	7.64449	0.271896	0.0018513024773298794	388.7084963257414	0.0018495909289688581	389.42811332794844
10.09	0.04755656193324699	7.84993	0.27829	0.0019022624773298797	399.1547489188065	0.0019004554673056214	399.9140460203228
10.3	0.04890676193324699	8.06349	0.284935	0.0019562704773298796	410.01388883204146	0.001954359472129193	410.81598689805884
10.5	0.05016296193324699	8.27673	0.290855	0.0020065184773298797	420.85675732379195	0.0020045081079097175	421.7012141836713
10.7	0.05140846193324699	8.47483	0.296303	0.0020563384773298796	430.9297841865557	0.0020542271073285636	431.81592168280594
10.9	0.05272666193324699	8.69154	0.302696	0.0021090664773298793	441.9490959050289	0.0021068455188447133	442.8811959278884
11.11	0.05404706193324699	8.89733	0.309044	0.0021618824773298796	452.41314536534276	0.002159548971978083	453.3912094168218
11.31	0.05535806193324699	9.10155	0.314346	0.0022143224773298795	462.79736316399806	0.002211874478419707	463.8221457677011
11.52	0.056666161933246986	9.31219	0.320236	0.0022666464773298794	473.5080263561867	0.0022640815093889787	474.5813016561143
11.74	0.05798226193324699	9.54097	0.327393	0.0023192904773298795	485.1410757537794	0.002316605074522071	486.2662588309367
11.94	0.05929886193324699	9.75019	0.333801	0.0023719544773298795	495.7795345131305	0.0023691458337484045	496.9555009997875
12.13	0.06056226193324699	9.94454	0.339287	0.00242249047732988	505.66188065537244	0.0024195609774432685	506.88684174600877
12.35	0.061896461933246986	10.1628	0.34568	0.0024758584773298797	516.7600070716614	0.002472798589255897	518.0394317159149
12.56	0.06308606193324699	10.359	0.351631	0.0025234424773298795	526.7364223693609	0.0025202639424720522	528.0656114319245
12.76	0.06439076193324698	10.5742	0.357857	0.0025756304773298794	537.678953317704	0.0025723192256405145	539.063815616888
12.97	0.06567816193324698	10.7999	0.364777	0.002627126477329879	549.155390283508	0.002623681612643725	550.5980909494903
13.16	0.06684926193324699	10.9789	0.370483	0.0026739704773298795	558.2572166764143	0.0026704017785876438	559.7499799925633
13.37	0.06837116193324698	11.2241	0.37706	0.002734846477329879	570.7251933889316	0.002731113589071218	572.2860391735948
13.58	0.06954206193324698	11.4094	0.383171	0.0027816824773298793	580.1473633923144	0.002777820758353969	581.761149147332
13.8	0.07094476193324699	11.618	0.38916	0.0028377904773298794	590.7542962725392	0.002833771551384381	592.4307331889431
14.01	0.07214846193324698	11.8202	0.395416	0.002885938477329879	601.0358007230736	0.0028817821515625254	602.7703530666331
14.21	0.07336026193324698	12.0133	0.401863	0.002934410477329879	610.8545866251417	0.0029301134989184524	612.6470847242596
14.41	0.07462956193324698	12.2371	0.407631	0.002985182477329879	622.2344120258815	0.0029807356676127507	624.0918952894529
14.62	0.07595706193324699	12.4192	0.413353	0.0030382824773298794	631.493867814419	0.003033676224829532	633.4125245675408
14.82	0.07703446193324698	12.6117	0.419418	0.0030813784773298793	641.2821448012037	0.003076640760640009	643.25817780009
15.04	0.07836466193324698	12.8253	0.425797	0.003134586477329879	652.1433186421242	0.003129683903493923	654.1875182700207
15.24	0.07954666193324698	13.0129	0.431847	0.0031818664773298794	661.6824394874269	0.003176815052659678	663.7878246602698
15.45	0.08114176193324699	13.2668	0.43914	0.0032456704773298796	674.5927954715548	0.0032404146582733274	676.7823013920363
15.65	0.08250276193324699	13.4716	0.445717	0.0033001104773298794	685.006505221651	0.0032946770633777308	687.267102366572
15.85	0.08369516193324698	13.6716	0.451141	0.0033478064773298792	695.1761436494792	0.0033422150490960752	697.5034588460741
16.05	0.08477196193324699	13.8514	0.456848	0.0033908784773298796	704.3186485960966	0.0033851424121150073	706.7069075428032
16.26	0.08599146193324698	14.051	0.462929	0.0034396584773298796	714.4679477470692	0.003433756382364655	716.9254734803179
16.46	0.08726756193324699	14.2422	0.468536	0.0034907024773298797	724.190122084073	0.0034846241164963117	726.7180543372897
16.67	0.08852256193324698	14.47	0.475136	0.003540902477329879	735.7733402533693	0.0035346482415639416	738.3786418966257
16.88	0.08969556193324699	14.6489	0.481995	0.0035878224773298797	744.8700818270615	0.0035814015956713687	747.5425434493311
17.08	0.09097446193324699	14.8401	0.487144	0.0036389784773298794	754.5922561640652	0.0036323734140894944	757.3382011434061
17.29	0.09239626193324699	15.0639	0.494072	0.0036958504773298793	765.972081564805	0.003689037603037857	768.8029998480777
17.49	0.09350236193324699	15.2479	0.499802	0.0037400944773298794	775.3281489184069	0.0037331177144040795	778.2279494462949
17.69	0.09481156193324698	15.4635	0.505913	0.003792462477329879	786.2910191436057	0.0037852892219897775	789.2729983299693
17.9	0.09614346193324698	15.6557	0.511658	0.003845738477329879	796.0640416727485	0.003838362529707491	799.1254957882281
18.09	0.09702626193324698	15.8175	0.516975	0.0038810504773298792	804.2912791608616	0.0038735386305574398	807.412774213761
18.3	0.09843676193324698	16.043	0.524254	0.003937470477329879	815.7575464882378	0.00392973892896685	818.9695677441943
18.5	0.09967796193324699	16.2301	0.529778	0.003987118477329879	825.2712432374711	0.003979190985367069	828.5616974601922
18.71	0.10107796193324699	16.4619	0.536613	0.00404311847732988	837.0578541753241	0.004034967037922436	840.4421782521346
18.91	0.10223696193324698	16.6468	0.542305	0.004089478477329879	846.4596849018511	0.004081139287781399	849.9212635651847
19.11	0.10358296193324698	16.8362	0.548088	0.00414331847732988	856.0903324930046	0.004134758569464682	859.6373873858863
19.32	0.10471196193324699	17.0323	0.5541	0.0041884784773298794	866.06166297149	0.004179731217984292	869.6891436068865
19.53	0.10604196193324698	17.2375	0.560478	0.004241678477329879	876.4957119984417	0.004232707917052667	880.2135249954974
19.74	0.10760596193324698	17.4433	0.566925	0.004304238477329879	886.9602699406769	0.004295001738162059	890.7779584624185
19.95	0.10870996193324699	17.6556	0.573082	0.0043483984773298795	897.7553411318165	0.0043389715109286575	901.6591390902088
20.16	0.10996396193324698	17.8336	0.57885	0.004398558477329879	906.8063193325837	0.004388913092506949	910.7949599557803
20.35	0.11122096193324699	18.0082	0.584343	0.00444883847732988	915.6844136800775	0.00443897164855922	919.7581457327485
20.57	0.11265596193324698	18.2236	0.591606	0.004506238477329879	926.6371142668487	0.004496115783511822	930.8127620856798
20.78	0.11407396193324698	18.4093	0.597267	0.004562958477329879	936.0796235470872	0.004552579742146164	940.3509160008072
20.98	0.11558896193324698	18.6019	0.603416	0.0046235584773298795	945.8729853530857	0.004612902663395213	950.2462844129924
21.19	0.11713196193324699	18.7824	0.609787	0.00468527847732988	955.0510840342005	0.00467433672358965	959.5257643229766
21.4	0.11879096193324698	18.9655	0.616776	0.0047516384773298795	964.3613880148772	0.004740385077199701	968.9436846922199
21.61	0.12053696193324698	19.1384	0.622749	0.004821478477329879	973.1530404357347	0.004809892376475334	977.8450768753438
21.81	0.12243596193324698	19.3044	0.62883	0.004897438477329879	981.5938403308322	0.004885485037115917	986.4011357735785
22.02	0.12422596193324699	19.4576	0.635056	0.00496903847732988	989.3837833665484	0.004956733551234963	994.3000694549431
22.23	0.126365961933247	19.6309	0.641113	0.005054638477329881	998.1957750642617	0.005041906677335881	1003.2412938368096
22.43	0.128781961933247	19.7738	0.647331	0.00515127847732988	1005.461981720945	0.005138056031249889	1010.6413963871577
22.63	0.131057961933247	19.8954	0.653053	0.005242318477329881	1011.6451218850643	0.00522862536075826	1016.9484878000229
22.84	0.133269961933247	20.0254	0.659004	0.00533079847732988	1018.2553868631528	0.005316640065929681	1023.6835011289759
23.04	0.135897961933247	20.1502	0.664818	0.005435918477329879	1024.6012412421176	0.005421197197504776	1030.1708900612807
23.25	0.139037961933247	20.28	0.671585	0.00556151847732988	1031.201336581778	0.005546110335488259	1036.9363818690247
23.45	0.141908961933247	20.3895	0.67749	0.00567635847732988	1036.769213621014	0.005660308662240776	1042.6542873357862
23.66	0.144952961933247	20.4992	0.683174	0.00579811847732988	1042.3472602986776	0.005781374081209594	1048.3909132084095
23.87	0.148235961933247	20.5991	0.689438	0.00592943847732988	1047.4269946933778	0.005911928538976479	1053.6376486179067
24.07	0.151409961933247	20.6976	0.695839	0.00605639847732988	1052.4355416190833	0.006038132210828054	1058.809510630833
24.28	0.154944961933247	20.7979	0.701828	0.00619779847732988	1057.535615290639	0.006178671115352827	1064.0900079168093
24.47	0.158200961933247	20.8904	0.708191	0.006328038477329881	1062.2390730635097	0.006308100509788779	1068.9609627899788
24.68	0.161605961933247	20.9542	0.714081	0.00646423847732988	1065.483187721987	0.006443434892543844	1072.3707251410076
24.89	0.165425961933247	21.0414	0.720627	0.006617038477329879	1069.9171500765199	0.00659524197757575	1076.9968330261313
25.09	0.169150961933247	21.1213	0.726715	0.00676603847732988	1073.9799206284374	0.0067432515659918155	1081.246510095289
25.28	0.172677961933247	21.1905	0.732391	0.00690711847732988	1077.4986155244658	0.006883373610866585	1084.9410261210523
25.49	0.176448961933247	21.2578	0.738556	0.00705795847732988	1080.92069885543	0.007033167668378257	1088.5497922652378
25.69	0.179952961933247	21.3162	0.744339	0.00719811847732988	1083.8902332763557	0.007172335673707836	1091.6922035918997
25.9	0.18384896193324698	21.3948	0.750732	0.0073539584773298795	1087.8869011784923	0.007327049966868569	1095.88717627779
26.11	0.188248961933247	21.4421	0.757233	0.00752995847732988	1090.2920206666736	0.007501749857980501	1098.5018743104577
26.32	0.191918961933247	21.5048	0.762871	0.00767675847732988	1093.4802023137977	0.007647442107837143	1101.8745857267024
26.52	0.195568961933247	21.553	0.768967	0.00782275847732988	1095.9310851749044	0.007792319344499497	1104.5042893620257
26.73	0.20036096193324698	21.6232	0.776321	0.00801443847732988	1099.500628263072	0.00798249343283104	1108.312508404072
26.94	0.204565961933247	21.678	0.782158	0.00818263847732988	1102.287109192297	0.00814934220204372	1111.3067261050387
27.15	0.208892961933247	21.7241	0.788284	0.00835571847732988	1104.6312108499114	0.008321002711082147	1113.8611982690454
27.36	0.21307296193324698	21.7753	0.79483	0.00852291847732988	1107.2346382874355	0.008486803466089805	1116.6715088448352
27.56	0.217342961933247	21.8193	0.801071	0.00869371847732988	1109.4719587415575	0.008656145714492084	1119.1173956093485
27.77	0.222100961933247	21.8597	0.807182	0.008884038477329879	1111.526225703979	0.008844807588770225	1121.4010674616943
27.97	0.226350961933247	21.9111	0.813286	0.009054038477329879	1114.139822779931	0.009013296406483328	1124.2272876045058
28.17	0.23072496193324699	21.9462	0.818817	0.00922899847732988	1115.9245943240146	0.009186671495343322	1126.223460705846
28.39	0.235238961933247	21.9825	0.825203	0.00940955847732988	1117.7703836986655	0.009365564343554768	1128.2881094883055
28.58	0.239669961933247	22.0228	0.831612	0.00958679847732988	1119.8195658418729	0.009541136726184125	1130.55505035057
28.79	0.244414961933247	22.0624	0.838226	0.00977659847732988	1121.8331542505828	0.00972911676072883	1132.8008665582472
29.01	0.249106961933247	22.092	0.844986	0.00996427847732988	1123.3382607379015	0.009914962383483357	1134.5315159921333
29.22	0.25368496193324697	22.1349	0.851288	0.010147398477329879	1125.5196481806704	0.010096259291560846	1136.940744544824
29.42	0.257943961933247	22.1503	0.85688	0.010317758477329879	1126.3027103396134	0.010264893726871307	1137.9236296772597
29.62	0.26261696193324696	22.175	0.862465	0.010504678477329879	1127.5586606854501	0.010449887714581321	1139.4033018802795
29.83	0.26767296193324697	22.2116	0.869492	0.010706918477329878	1129.4197045177427	0.010650005308384511	1141.512309220704
30.04	0.27218196193324695	22.2417	0.875328	0.010887278477329877	1130.9502351011308	0.01082843874547127	1143.2632052546787
30.24	0.276607961933247	22.2676	0.881187	0.01106431847732988	1132.2672032775347	0.01100355668669096	1144.7949682160329
30.45	0.281641961933247	22.2999	0.888603	0.011265678477329878	1133.9095998836287	0.011202693327069916	1146.6838608582755
30.66	0.28613196193324697	22.3058	0.894012	0.011445278477329878	1134.2096042172498	0.011380276782436395	1147.1909489891782
30.85	0.290927961933247	22.3387	0.899742	0.011637118477329879	1135.8825097386275	0.011569927980888649	1149.1009090807827
31.06	0.295602961933247	22.3812	0.906075	0.011824118477329879	1138.0435579045409	0.011754759789985962	1151.4999197655661
31.27	0.301166961933247	22.3936	0.912918	0.01204667847732988	1138.6740754870661	0.011974694779148422	1152.3913159649296
31.48	0.305978961933247	22.4123	0.918503	0.012239158477329879	1139.6249366800682	0.012164865551542496	1153.5729868848125
31.68	0.310770961933247	22.4273	0.924385	0.01243083847732988	1140.3876595621552	0.012354209988770402	1154.5636343597128
31.88	0.31536996193324696	22.4421	0.930283	0.012614798477329879	1141.1402128058146	0.012535894783571038	1155.5354666247374
32.09	0.320652961933247	22.4786	0.937653	0.01282611847732988	1142.9961718188931	0.012744560461249268	1157.6563761377768
32.29	0.325574961933247	22.4933	0.943962	0.01302299847732988	1143.7436402433389	0.012938928342817494	1158.6386119286835
32.5	0.33049096193324695	22.5133	0.949898	0.013219638477329878	1144.7606040861215	0.013133021584200523	1159.89392541523
32.69	0.334881961933247	22.5255	0.955093	0.013395278477329879	1145.3809520302189	0.013306354957966074	1160.723648845293
32.91	0.33979796193324696	22.5545	0.96106	0.013591918477329878	1146.855549602254	0.013500376904342717	1162.4435167377212
33.1	0.344510961933247	22.5637	0.967232	0.01378043847732988	1147.3233529699341	0.013686351621711912	1163.1339718491402
33.31	0.350052961933247	22.5771	0.973434	0.01400211847732988	1148.0047187445987	0.01390499439494488	1164.0792168289943
33.52	0.35475896193324696	22.5882	0.979637	0.014190358477329879	1148.5691336773432	0.014090617803649477	1164.867741420221
33.73	0.360318961933247	22.6203	0.986893	0.014412758477329878	1150.2013606450096	0.01430988198502848	1166.7789350562823
33.94	0.365081961933247	22.6263	0.992226	0.01460327847732988	1150.5064497978444	0.014497677445576673	1167.3076158742065
34.14	0.36983596193324697	22.6413	0.99855	0.01479343847732988	1151.2691726799317	0.014685082893676496	1168.3004023568187
34.35	0.375231961933247	22.6522	1.00465	0.01500927847732988	1151.823417974248	0.01489775380894399	1169.1114564113336
34.56	0.38012296193324696	22.6772	1.01046	0.015204918477329878	1153.0946227777267	0.015090482242130093	1170.6273325137097
34.75	0.385408961933247	22.6942	1.01669	0.015416358477329879	1153.9590420440918	0.015298733778902333	1171.7488883043998
34.96	0.390460961933247	22.7142	1.02296	0.015618438477329879	1154.9760058868749	0.015497725938928168	1173.0149275776112
35.16	0.39518596193324695	22.7016	1.0282	0.015807438477329877	1154.3353186659217	0.01568380213564243	1172.5824031979423
35.37	0.400616961933247	22.7182	1.03484	0.016024678477329878	1155.1793986554314	0.01589763870118841	1173.69077710252
35.57	0.405680961933247	22.7316	1.0407	0.01622723847732988	1155.8607644300957	0.016096984066771125	1174.6171927010917
35.7801	0.41066096193324697	22.7409	1.04652	0.01642643847732988	1156.33365261699	0.016292984008026347	1175.3280962209692
35.9901	0.41622196193324695	22.7691	1.05321	0.01664887847732988	1157.7675716353137	0.016511805218468206	1177.0431032404636
36.1901	0.421413961933247	22.7743	1.0592	0.016856558477329878	1158.0319822344372	0.016716063340377146	1177.5524160615903
36.3901	0.42665196193324695	22.8023	1.06595	0.01706607847732988	1159.4557316143332	0.016922088876387385	1179.2430941210532
36.6001	0.431523961933247	22.8111	1.07205	0.01726095847732988	1159.9031957051575	0.017113680490769962	1179.9242366039464
36.8101	0.43670796193324696	22.7989	1.07802	0.017468318477329877	1159.28284776106	0.0173175012182412	1179.5335697510563
37.0201	0.441831961933247	22.8257	1.08432	0.017673278477329878	1160.6455793103892	0.017518922093328882	1181.1579918470236
37.2201	0.44667896193324697	22.8349	1.09004	0.017867158477329878	1161.1133826780692	0.01770941695854141	1181.8591794965268
37.4301	0.45251996193324695	22.8587	1.09715	0.01810079847732988	1162.3235696509805	0.017938929412534162	1183.3625543506835
37.6201	0.45684596193324695	22.8471	1.10201	0.018273838477329878	1161.7337306221668	0.01810887849486532	1182.963065169222
37.8301	0.46256396193324695	22.8708	1.1092	0.01850255847732988	1162.9388327758643	0.01833346868680152	1184.4561765348576
38.0401	0.467240961933247	22.8794	1.11474	0.01868963847732988	1163.376127228261	0.018517133243150644	1185.1192064593133
38.2501	0.47294796193324695	22.8858	1.12167	0.01891791847732988	1163.7015556579513	0.01874119994350803	1185.7163668198302
38.4501	0.478085961933247	22.9027	1.12776	0.01912343847732988	1164.560890105103	0.01894288378078178	1186.8312986401324
38.6601	0.48276996193324695	22.9096	1.13347	0.019310798477329878	1164.911742630863	0.019126711148995255	1187.407118536683
38.8601	0.48798096193324697	22.9215	1.13904	0.01951923847732988	1165.5168361173187	0.019331181356857723	1188.2668371908358
39.0601	0.49310396193324696	22.9267	1.14537	0.01972415847732988	1165.7812467164424	0.019532157857255473	1188.7753007765766
39.2601	0.49844196193324697	22.9392	1.15154	0.019937678477329877	1166.4168491181815	0.01974152589749783	1189.67249322644
39.4701	0.503906961933247	22.9461	1.15814	0.02015627847732988	1166.7677016439418	0.019955829753544627	1190.2853963566313
39.6701	0.508496961933247	22.9591	1.16393	0.02033987847732988	1167.4287281417503	0.02013578598612038	1191.1740866030973
39.8801	0.513607961933247	22.974	1.16988	0.02054431847732988	1168.1863662046237	0.020336130524030917	1192.1859589528062
40.0801	0.5187219619332469	22.9871	1.17573	0.02074887847732988	1168.8524775216465	0.020536552492800463	1193.1048555356692
40.2801	0.5238839619332469	22.9801	1.18192	0.020955358477329877	1168.4965401766724	0.020738814893951966	1192.9828040555942
40.5001	0.529305961933247	22.9986	1.18888	0.02117223847732988	1169.4372317312464	0.0209512208191633	1194.1968356857287
40.7001	0.534264961933247	23.0069	1.19476	0.02137059847732988	1169.8592717260015	0.021145449304397212	1194.8598644970393
40.9001	0.539695961933247	23.0239	1.2009	0.02158783847732988	1170.7236909923668	0.02135812127744297	1195.9970849350934
41.1101	0.545138961933247	23.0322	1.20754	0.02180555847732988	1171.1457309871216	0.021571217787540675	1196.6832177096364
41.3101	0.5500489619332469	23.0282	1.21325	0.022001958477329876	1170.942338218565	0.021763408098003256	1196.7053629233974
41.5101	0.555073961933247	23.0462	1.21963	0.02220295847732988	1171.8576056770694	0.021960061573377043	1197.8763114372605
41.7101	0.5601409619332469	23.043	1.22541	0.022405638477329876	1171.6948914622244	0.022158319568541387	1197.9474636060613
41.9201	0.5652689619332469	23.0643	1.23189	0.02261075847732988	1172.777957954788	0.022358924317719218	1199.2953571096398
42.1201	0.570504961933247	23.0701	1.23786	0.022820198477329877	1173.072877469195	0.02256371245786148	1199.8426333614145
42.3301	0.5758399619332469	23.0744	1.24413	0.023033598477329876	1173.2915246953935	0.022772329516510943	1200.3166505720812
42.5401	0.5808939619332469	23.0777	1.2501	0.02323575847732988	1173.4593237294525	0.022969918362740604	1200.7255411586011
42.7401	0.5857969619332469	23.0982	1.25651	0.023431878477329877	1174.5017116683048	0.023161566480939328	1202.0224930475326
42.9401	0.591029961933247	23.1116	1.26231	0.02364119847732988	1175.1830774429693	0.023366073103673956	1202.965813823998
43.1501	0.596577961933247	23.1152	1.26857	0.02386311847732988	1175.3661309346703	0.02358284432025342	1203.4140321714053
43.3501	0.6018269619332469	23.1227	1.27451	0.024073078477329878	1175.7474923757138	0.023787889771423144	1204.0513540291984
43.5701	0.607384961933247	23.1148	1.28106	0.02429539847732988	1175.3457916578147	0.024004960091899362	1203.9012860147943
43.7601	0.611775961933247	23.1184	1.28574	0.02447103847732988	1175.5288451495157	0.02417641936345136	1204.2952567503808
43.9701	0.617214961933247	23.1317	1.2929	0.02468859847732988	1176.205126104966	0.02438876006828863	1205.2439821903488
44.1801	0.622344961933247	23.1432	1.29835	0.02489379847732988	1176.7898803145663	0.02458899598072661	1206.0846504452782
44.3801	0.627523961933247	23.1556	1.30551	0.02510095847732988	1177.4203978970916	0.024791103815395312	1206.9747784150677
44.5801	0.632545961933247	23.1688	1.31169	0.025301838477329877	1178.0915940333282	0.02498704580390705	1207.8994772570595
44.7801	0.637554961933247	23.1642	1.31719	0.02550219847732988	1177.8576923494884	0.02518244233817076	1207.8956529978348
44.9901	0.6432049619332469	23.161	1.32389	0.025728198477329878	1177.694978134643	0.025402797887942325	1207.9949482778457
45.1901	0.648013961933247	23.1738	1.32926	0.02592055847732988	1178.345834994024	0.025590315366176942	1208.8892171165048
45.4001	0.6535169619332469	23.2014	1.33629	0.026140678477329878	1179.7492450970642	0.02580485087504019	1210.5886907970194
45.6101	0.6588219619332469	23.1893	1.34181	0.026352878477329877	1179.1339819721807	0.02601162375385097	1210.2075565075836
45.8201	0.663877961933247	23.212	1.3487	0.02655511847732988	1180.288235933739	0.02620865158067435	1211.630929876358
46.0201	0.6687169619332469	23.205	1.35403	0.02674867847732988	1179.9322985887652	0.02639718676076846	1211.4939282687328
46.2301	0.674680961933247	23.2212	1.36079	0.02698723847732988	1180.7560393014194	0.026629504849090945	1212.6213841175943
46.4401	0.679362961933247	23.2301	1.36678	0.02717451847732988	1181.2085882114575	0.026811846867566217	1213.3073628173906
46.6501	0.6851259619332469	23.2484	1.37296	0.027405038477329877	1182.139110127604	0.02703624314386216	1214.5356779262074
46.8501	0.690030961933247	23.2338	1.37899	0.02760123847732988	1181.3967265223723	0.027227191466304146	1214.004739307453
47.0601	0.695807961933247	23.256	1.38593	0.02783231847732988	1182.5255563878613	0.027452039406722098	1215.43798428083
47.2601	0.700841961933247	23.2579	1.39176	0.02803367847732988	1182.6221679529256	0.02764792766105588	1215.7754175694806
47.4801	0.705783961933247	23.261	1.39764	0.02823135847732988	1182.7797973485572	0.02784019859603403	1216.1712778072479
47.6701	0.711183961933247	23.2704	1.40356	0.02844735847732988	1183.257770354665	0.028050245988476528	1216.9183283190303
47.8701	0.716369961933247	23.2864	1.40995	0.02865479847732988	1184.0713414288914	0.028251927757174198	1218.000667100318
48.0801	0.721847961933247	23.2789	1.41611	0.02887391847732988	1183.689979987848	0.028464921139985992	1217.8677479724493
48.2801	0.726866961933247	23.2913	1.42198	0.029074678477329877	1184.320497570373	0.028660028054642617	1218.7542352513428
48.4901	0.731837961933247	23.2858	1.42757	0.029273518477329882	1184.0408325136077	0.028853231518383714	1218.7018737021078
48.7001	0.737372961933247	23.3151	1.43446	0.02949491847732988	1185.5306845432847	0.029068311560295587	1220.497815436262
48.9101	0.7422899619332469	23.3062	1.44073	0.029691598477329877	1185.0781356332463	0.029259338452690853	1220.2649998007314
49.1201	0.7483519619332469	23.3245	1.44782	0.029934078477329876	1186.0086575493926	0.029494798715041886	1221.5107337792688
49.3301	0.7533549619332469	23.3235	1.4536	0.030134198477329878	1185.9578093572534	0.029689083538383017	1221.695697370164
49.5301	0.758606961933247	23.3304	1.45921	0.03034427847732988	1186.3086618830137	0.029892997341004666	1222.3063422792602
49.7401	0.763840961933247	23.337	1.46567	0.03055363847732988	1186.6442599511317	0.030096170917917893	1222.9005596708773
49.9501	0.7686479619332469	23.3365	1.47155	0.030745918477329878	1186.6188358550623	0.03028273283698374	1223.102521845926
50.1601	0.7741999619332469	23.3491	1.4782	0.030967998477329877	1187.2595230760153	0.030498165248854996	1224.0265741788287
50.3601	0.779217961933247	23.3568	1.48431	0.03116871847732988	1187.6510541554867	0.030692837114191216	1224.6686155117632
50.5601	0.784268961933247	23.3638	1.49024	0.03137075847732988	1188.006991500461	0.030888750940717878	1225.2756719002014
50.7701	0.789538961933247	23.3528	1.49625	0.03158155847732988	1187.4476613869301	0.031093118243831035	1224.9491091437899
50.9801	0.795422961933247	23.3765	1.50316	0.031816918477329884	1188.6527635406278	0.031321246745086996	1226.4720316160528
51.1901	0.8008129619332469	23.3936	1.50896	0.03203251847732988	1189.5222676262072	0.03153017671538792	1227.625661643139
51.4001	0.805946961933247	23.3952	1.51543	0.03223787847732988	1189.6036247336299	0.031729142898287675	1227.9539218239838
51.6001	0.811336961933247	23.386	1.52116	0.03245347847732988	1189.1358213659498	0.031937987673132495	1227.7274151512715
51.8101	0.816386961933247	23.3806	1.52728	0.03265547847732988	1188.8612411283984	0.03213361899802119	1227.6840738005985
52.0101	0.8214729619332469	23.3893	1.53342	0.03285891847732988	1189.3036204000089	0.032330606248226514	1228.382851107526
52.2101	0.826525961933247	23.4045	1.5393	0.03306103847732988	1190.0765129205238	0.03252627694685589	1229.4216783051556
52.4201	0.8321949619332469	23.4181	1.54603	0.03328779847732988	1190.768048333616	0.03274575586237586	1230.4060951597887
52.6201	0.837094961933247	23.4068	1.55155	0.03348379847732988	1190.1934637624438	0.032935423652349805	1230.0456618521007
52.8301	0.842501961933247	23.4329	1.55771	0.03370007847732988	1191.5206015772756	0.033144674511163236	1231.674939357785
53.0501	0.848289961933247	23.4339	1.56445	0.03393159847732988	1191.5714497694146	0.033368621555066764	1232.0033737600402
53.2501	0.8531049619332469	23.419	1.57001	0.03412419847732988	1190.8138117065414	0.033554883454615644	1231.4493785667612
53.4601	0.8590359619332469	23.4309	1.57761	0.03436143847732988	1191.4189051929973	0.03378426865971617	1232.3577726045141
53.6601	0.863921961933247	23.4395	1.58334	0.03455687847732988	1191.8561996453936	0.03397319830375253	1233.0430294989917
53.8701	0.8692049619332469	23.4393	1.58907	0.03476819847732988	1191.846030006966	0.034177438810078	1233.2843693326658
54.0801	0.874892961933247	23.4491	1.59552	0.03499571847732988	1192.3443422899297	0.03439728997189681	1234.0712892207453
54.2801	0.879816961933247	23.4591	1.60136	0.03519267847732988	1192.852824211321	0.034587572171221326	1234.832510124565
54.4901	0.884627961933247	23.4656	1.60742	0.03538511847732988	1193.1833374602252	0.03477345265427981	1235.4042712214311
54.7001	0.890541961933247	23.473	1.61403	0.03562167847732988	1193.559614082055	0.03500190192965302	1236.0762108984118
54.8901	0.8949799619332469	23.4654	1.6189	0.035799198477329874	1193.1731678217975	0.035173301187437486	1235.8878108744743
55.1001	0.9009529619332469	23.4693	1.62548	0.03603811847732988	1193.37147577114	0.03540393705744913	1236.3783384024464
55.3101	0.906380961933247	23.4765	1.63168	0.03625523847732988	1193.737582754542	0.03561348267999881	1237.016823496659
55.5101	0.911610961933247	23.4891	1.63815	0.03646443847732988	1194.3782699754952	0.03581534306955014	1237.9306029196762
55.7201	0.9168249619332469	23.4827	1.64436	0.036672998477329875	1194.0528415458048	0.0360165453603255	1237.8423395856655
55.9301	0.9221999619332469	23.4866	1.64993	0.036887998477329875	1194.2511494951473	0.036223918088772934	1238.3046840792736
56.1301	0.927332961933247	23.4978	1.65683	0.03709331847732988	1194.8206492471058	0.036421914087090126	1239.1405121129187
56.3301	0.9323579619332469	23.4904	1.66222	0.03729431847732988	1194.4443726252762	0.03661570621836606	1238.9903614614175
56.5401	0.937956961933247	23.5016	1.66887	0.03751827847732988	1195.0138723772343	0.03683159077699904	1239.8487356253556
56.7301	0.942950961933247	23.5133	1.67455	0.03771803847732988	1195.6087962252623	0.03702410861121873	1240.7048148051208
56.9401	0.9487819619332469	23.5074	1.68093	0.037951278477329875	1195.3087918916415	0.03724884575896817	1240.672288719122
57.1501	0.9537819619332469	23.5059	1.68659	0.03815127847732988	1195.2325196034328	0.03744151446885313	1240.832168303984
57.3601	0.959484961933247	23.5181	1.69312	0.03837939847732988	1195.8528675475304	0.037661227091882896	1241.7489812713948
57.5701	0.964295961933247	23.5264	1.69872	0.03857183847732988	1196.274907542285	0.03784653717247277	1242.417430050489
57.7701	0.9696649619332469	23.5283	1.70514	0.038786598477329876	1196.3715191073495	0.038053299758018584	1242.7747008486795
57.9801	0.975233961933247	23.5178	1.71138	0.03900935847732988	1195.8376130898887	0.03826771927318594	1242.4864712195867
58.1901	0.980482961933247	23.5355	1.71788	0.03921931847732988	1196.7376260907513	0.03846977596025087	1243.6728601822083
58.3901	0.9858349619332469	23.5419	1.72344	0.03943339847732988	1197.0630545204417	0.03867575553443432	1244.267318951836
58.6001	0.9911009619332469	23.5372	1.72958	0.039644038477329877	1196.8240680173876	0.038878383870422785	1244.2710074204633
58.8001	0.996622961933247	23.5464	1.73598	0.039864918477329876	1197.291871385068	0.039090818637863484	1245.0218142314034
59.0001	1.0018709619332469	23.5476	1.74181	0.04007483847732987	1197.3528892156348	0.03929267063863508	1245.3366128513157
59.2001	1.007170961933247	23.552	1.74794	0.040286838477329875	1197.5766212610472	0.039496481353937296	1245.8231971660175
59.4101	1.012440961933247	23.5623	1.75401	0.04049763847732988	1198.1003576400801	0.039699097245257046	1246.6205927833478
59.6001	1.017560961933247	23.5594	1.75967	0.040702438477329884	1197.9528978828769	0.03989590677157672	1246.7125020076935
59.8101	1.0229209619332469	23.5755	1.76588	0.040916838477329874	1198.771553776317	0.040101900252836144	1247.8214958134004
60.0101	1.028220961933247	23.5565	1.77169	0.04112883847732988	1197.8054381256732	0.040305546121972534	1247.0697845176112
60.2101	1.033280961933247	23.5746	1.77805	0.04133123847732988	1198.7257904033916	0.04049993160179729	1248.27061191548
60.4301	1.039320961933247	23.5763	1.78458	0.041572838477329885	1198.812232330028	0.040731915401489883	1248.6502596293317
60.6401	1.044920961933247	23.5599	1.79094	0.04179683847732987	1197.9783219789463	0.040946951651024424	1248.0500284020432
60.8501	1.050050961933247	23.5651	1.79663	0.04200203847732988	1198.24273257807	0.041143899641478354	1248.5713699369949
61.0701	1.055840961933247	23.5763	1.80358	0.04223363847732988	1198.812232330028	0.041366139384818354	1249.4424347524553
61.2601	1.060820961933247	23.5721	1.80979	0.04243283847732988	1198.5986699230439	0.041557249092590155	1249.4586136830308
61.4701	1.066130961933247	23.5863	1.81573	0.042645238477329886	1199.3207142514198	0.04176098247128934	1250.4660321214733
61.6601	1.071620961933247	23.6008	1.82265	0.042864838477329886	1200.0580130374371	0.04197157843362788	1251.4983059297122
61.8801	1.077430961933247	23.5865	1.82886	0.04309723847732988	1199.3308838898474	0.042194401277368995	1251.0187330060749
62.0901	1.0825709619332469	23.6019	1.8349	0.04330283847732987	1200.1139460487902	0.04239148716030832	1252.082286408932
62.2901	1.087880961933247	23.6006	1.84081	0.04351523847732988	1200.0478433990093	0.04259505066503252	1252.2682114887225
62.4901	1.092980961933247	23.6009	1.84681	0.04371923847732988	1200.063097856651	0.0427905246310886	1252.5289426196894
62.6901	1.098520961933247	23.6037	1.85344	0.04394083847732988	1200.2054727946406	0.04300281972958516	1252.9435076143172
62.9101	1.104220961933247	23.5928	1.85944	0.04416883847732988	1199.651227500324	0.043221199064178845	1252.6384287969163
63.1101	1.109570961933247	23.6106	1.866	0.04438283847732988	1200.556325320401	0.04342612576348954	1253.840422790033
63.3301	1.115340961933247	23.5927	1.87189	0.04461363847732988	1199.6461426811102	0.043647093106886435	1253.1667219914086
63.5401	1.121000961933247	23.6022	1.8783	0.04484003847732988	1200.129200506432	0.04386380047243671	1253.9430400349077
63.7501	1.126450961933247	23.6186	1.88497	0.04505803847732988	1200.963110857514	0.04407242308728515	1255.0761529163856
63.9701	1.132210961933247	23.6085	1.89135	0.04528843847732988	1200.4495441169086	0.04429286501255741	1254.8160294407858
64.1701	1.1378509619332469	23.6198	1.89781	0.04551403847732988	1201.024128688081	0.04450866732134764	1255.6875870933918
64.3801	1.143600961933247	23.6165	1.9045	0.04574403847732988	1200.8563296540217	0.044728630608960845	1255.7883478034603
64.5801	1.148980961933247	23.6123	1.91033	0.045959238477329876	1200.6427672470375	0.044934395932494486	1255.8233945130255
64.7901	1.154470961933247	23.6198	1.91631	0.04617883847732988	1201.024128688081	0.045144324716091803	1256.4860279341437
65.0101	1.160160961933247	23.6174	1.92297	0.04640643847732988	1200.902093026947	0.04536185468096743	1256.631682124299
65.2101	1.165650961933247	23.6332	1.92915	0.04662603847732988	1201.7054944627453	0.045571693757258475	1257.7362610859839
65.4101	1.170380961933247	23.6224	1.93455	0.04681523847732988	1201.1563339876425	0.04575244876825212	1257.3887542118293
65.6201	1.176450961933247	23.6355	1.94142	0.04705803847732988	1201.8224453046653	0.04598436347269999	1258.3778521787308
65.8201	1.181730961933247	23.6246	1.94736	0.04726923847732988	1201.268200010349	0.04618605114877621	1258.0512330318709
66.0301	1.1868609619332469	23.6378	1.95345	0.04747443847732988	1201.9393961465853	0.04638197010813509	1259.0007940624253
66.2301	1.1924209619332469	23.6426	1.95921	0.047696838477329875	1202.1834674688535	0.04659426778831209	1259.5238181368318
66.4401	1.1985209619332469	23.6414	1.96635	0.047940838477329877	1202.1224496382863	0.046827132470776744	1259.7532078263675
66.6401	1.203930961933247	23.6421	1.97304	0.04815723847732988	1202.1580433727836	0.04703361135947763	1260.050654954927
66.8501	1.209410961933247	23.6439	1.97847	0.04837643847732988	1202.249570118634	0.047242718423397737	1260.4101224818744
67.0501	1.214640961933247	23.6488	1.98464	0.04858563847732988	1202.4987262601162	0.04744224516066487	1260.9228946436397
67.2501	1.220070961933247	23.6446	1.99085	0.048802838477329885	1202.2851638531317	0.047649359868467425	1260.9600925083462
67.4601	1.225720961933247	23.6404	1.99683	0.04902883847732988	1202.0716014461473	0.047864820435067734	1261.0077758316356
67.6701	1.231090961933247	23.6424	2.00285	0.04924363847732988	1202.1732978304253	0.04806956028950461	1261.3726850958863
67.8801	1.237250961933247	23.6484	2.00946	0.049490038477329884	1202.4783869832602	0.04830436854920683	1261.9890886232192
68.0801	1.241920961933247	23.6399	2.01487	0.04967683847732988	1202.0461773500776	0.048482343918906	1261.7600311445892
68.2801	1.247880961933247	23.6512	2.02142	0.04991523847732988	1202.6207619212498	0.04870943565128698	1262.649864050337
68.4801	1.253350961933247	23.6563	2.02776	0.05013403847732988	1202.8800877011597	0.04891781171483255	1263.1853243015837
68.6901	1.258790961933247	23.639	2.03378	0.050351638477329874	1202.0004139771524	0.049125001892957404	1262.523104271331
68.8901	1.264710961933247	23.66	2.0403	0.05058843847732988	1203.0682260120743	0.049350424791592316	1263.9295689477165
69.0901	1.269790961933247	23.6518	2.04643	0.050791638477329884	1202.6512708365335	0.04954382150536329	1263.735899399164
69.3001	1.275700961933247	23.6569	2.05261	0.051028038477329875	1202.9105966164432	0.04976876944318	1264.292764825375
69.5001	1.281240961933247	23.6517	2.05843	0.05124963847732988	1202.6461860173195	0.04997958840705891	1264.2813682668466
69.7101	1.286820961933247	23.66	2.06495	0.05147283847732988	1203.0682260120743	0.05019188461189309	1264.9935624868017
69.9201	1.292690961933247	23.6605	2.07166	0.05170763847732988	1203.093650108144	0.05041516549867208	1265.302781622307
70.1201	1.2980009619332469	23.6488	2.07703	0.05192003847732987	1202.4987262601162	0.05061710237471602	1264.9325063964816
70.3301	1.303470961933247	23.6649	2.08353	0.05213883847732988	1203.317382153556	0.05082508134639311	1266.0569527786238
70.5401	1.309280961933247	23.6533	2.08974	0.052371238477329884	1202.7275431247422	0.0510459403515265	1265.715874108981
70.7501	1.314790961933247	23.6636	2.09571	0.05259163847732988	1203.251279503775	0.051255350221143206	1266.5322357928223
70.9501	1.3203009619332469	23.6536	2.10158	0.052812038477329876	1202.742797582384	0.05146471624744728	1266.2620964866362
71.1501	1.326220961933247	23.6553	2.10763	0.05304883847732988	1202.8292395090202	0.05168961239665581	1266.6379335515437
71.3501	1.331570961933247	23.6529	2.11305	0.05326283847732988	1202.7072038478864	0.05189281119489435	1266.7668033819575
71.5701	1.337540961933247	23.6624	2.12023	0.05350163847732988	1203.1902616732084	0.05211950953126261	1267.5629120726924
71.7601	1.343130961933247	23.653	2.12584	0.05372523847732988	1202.7122886671004	0.05233173157843234	1267.3282931953556
71.9701	1.348790961933247	23.6651	2.1319	0.05395163847732988	1203.327551791984	0.0525465652688773	1268.2490448360757
72.1901	1.354830961933247	23.6521	2.138	0.05419323847732988	1202.6665252941752	0.05277577152855957	1267.842919108144
72.3801	1.3600609619332469	23.6471	2.14359	0.054402438477329874	1202.4122843334794	0.05297419743161231	1267.826444656317
72.5901	1.365680961933247	23.6645	2.14973	0.054627238477329886	1203.2970428767005	0.053187376035315946	1269.0298373969918
72.8001	1.3721609619332469	23.6651	2.15661	0.05488643847732987	1203.327551791984	0.053433119880578445	1269.3739154314906
73.0101	1.377950961933247	23.6645	2.16312	0.055118038477329885	1203.2970428767005	0.05365264548202606	1269.6204155856358
73.2201	1.383340961933247	23.6537	2.16926	0.05533363847732988	1202.7478824015977	0.05385696193532776	1269.300298905782
73.4101	1.388490961933247	23.6488	2.17493	0.05553963847732988	1202.4987262601162	0.05405214181931501	1269.2850707860528
73.6201	1.394550961933247	23.6498	2.18172	0.05578203847732988	1202.549574452255	0.05428176102297398	1269.6302410852475
73.8401	1.400230961933247	23.654	2.18716	0.05600923847732988	1202.7631368592395	0.054496933803878836	1270.12898422333
74.0401	1.406270961933247	23.6481	2.19384	0.05625083847732988	1202.4631325256184	0.054725693513622525	1270.102691968261
74.2401	1.4118809619332469	23.6537	2.19949	0.056475238477329874	1202.7478824015977	0.05493812048491008	1270.6733558883316
74.4401	1.417600961933247	23.6742	2.20563	0.05670403847732988	1203.7902703404502	nan	nan
74.6501	1.423360961933247	23.6599	2.21175	0.05693443847732988	1203.0631411928605	nan	nan
74.8501	1.429030961933247	23.6637	2.21796	0.05716123847732988	1203.256364322989	nan	nan
75.0601	1.435330961933247	23.6654	2.22412	0.05741323847732988	1203.3428062496257	nan	nan
75.2801	1.441150961933247	23.6558	2.2304	0.05764603847732988	1202.8546636050899	nan	nan
75.4901	1.446810961933247	23.6533	2.23658	0.05787243847732988	1202.7275431247422	nan	nan
75.6901	1.452460961933247	23.6614	2.24274	0.05809843847732988	1203.1394134810691	nan	nan
75.9001	1.458700961933247	23.654	2.24873	0.058348038477329875	1202.7631368592395	nan	nan
76.1001	1.464440961933247	23.6602	2.25465	0.05857763847732988	1203.0783956505022	nan	nan
76.3001	1.4701809619332469	23.6517	2.26114	0.058807238477329875	1202.6461860173195	nan	nan
76.5101	1.475990961933247	23.6594	2.26678	0.059039638477329875	1203.0377170967909	nan	nan
76.7201	1.482080961933247	23.6489	2.27382	0.05928323847732988	1202.50381107933	nan	nan
76.9301	1.487810961933247	23.6417	2.27909	0.05951243847732988	1202.137704095928	nan	nan
77.1301	1.493550961933247	23.6417	2.28487	0.05974203847732988	1202.137704095928	nan	nan
77.3301	1.498890961933247	23.6371	2.29076	0.059955638477329876	1201.903802412088	nan	nan
77.5301	1.504790961933247	23.6346	2.2965	0.060191638477329876	1201.77668193174	nan	nan
77.7401	1.510890961933247	23.6562	2.30367	0.06043563847732988	1202.8750028819454	nan	nan
77.9401	1.516540961933247	23.6519	2.31017	0.06066163847732988	1202.6563556557473	nan	nan
78.1501	1.522400961933247	23.6401	2.31617	0.060896038477329884	1202.0563469885053	nan	nan
78.3701	1.5285809619332469	23.6276	2.32226	0.06114323847732987	1201.4207445867662	nan	nan
78.5701	1.534560961933247	23.6499	2.32848	0.06138243847732988	1202.5546592714688	nan	nan
78.7801	1.540630961933247	23.6346	2.33444	0.06162523847732988	1201.77668193174	nan	nan
78.9901	1.546220961933247	23.6172	2.34026	0.06184883847732988	1200.8919233885192	nan	nan
79.2001	1.552660961933247	23.6421	2.34724	0.06210643847732988	1202.1580433727836	nan	nan
79.4001	1.5585409619332469	23.643	2.35343	0.062341638477329875	1202.203806745709	nan	nan
79.6101	1.5644409619332469	23.6299	2.35923	0.06257763847732987	1201.537695428686	nan	nan
79.8201	1.571020961933247	23.622	2.36552	0.06284083847732988	1201.135994710787	nan	nan
80.0201	1.576590961933247	23.6202	2.37128	0.06306363847732988	1201.0444679649365	nan	nan
80.2301	1.582180961933247	23.6213	2.37699	0.06328723847732988	1201.1004009762896	nan	nan
80.4301	1.588240961933247	23.619	2.38341	0.06352963847732988	1200.9834501343696	nan	nan
80.6401	1.594780961933247	23.6149	2.38944	0.06379123847732987	1200.774972546599	nan	nan
80.8401	1.600430961933247	23.6014	2.39544	0.06401723847732989	1200.0885219527208	nan	nan
81.0501	1.6065009619332469	23.6235	2.4017	0.06426003847732988	1201.2122669989958	nan	nan
81.2601	1.612930961933247	23.604	2.4084	0.06451723847732987	1200.2207272522824	nan	nan
81.4701	1.618250961933247	23.5934	2.4135	0.06473003847732989	1199.6817364156075	nan	nan
81.6601	1.624100961933247	23.6029	2.41995	0.06496403847732987	1200.1647942409295	nan	nan
81.8701	1.6300209619332469	23.5849	2.42503	0.06520083847732988	1199.249526782425	nan	nan
82.0701	1.635860961933247	23.6048	2.43188	0.06543443847732988	1200.2614058059937	nan	nan
82.2701	1.641790961933247	23.6042	2.43727	0.06567163847732987	1200.23089689071	nan	nan
82.4801	1.648370961933247	23.5901	2.44417	0.06593483847732988	1199.5139373815482	nan	nan
82.6801	1.654300961933247	23.5857	2.44984	0.06617203847732987	1199.2902053361363	nan	nan
82.8901	1.659920961933247	23.5792	2.45566	0.06639683847732987	1198.9596920872318	nan	nan
83.0801	1.665770961933247	23.5704	2.4613	0.06663083847732988	1198.512227996407	nan	nan
83.3101	1.672310961933247	23.5671	2.4677	0.06689243847732988	1198.344428962348	nan	nan
83.5101	1.678540961933247	23.5781	2.47427	0.06714163847732987	1198.9037590758787	nan	nan
83.7201	1.6850309619332469	23.5642	2.48026	0.06740123847732987	1198.1969692051446	nan	nan
83.9301	1.690830961933247	23.5679	2.48652	0.06763323847732988	1198.3851075160596	nan	nan
84.1301	1.6968609619332469	23.5436	2.49207	0.06787443847732988	1197.1494964470785	nan	nan
84.3301	1.702850961933247	23.5543	2.49861	0.06811403847732989	1197.6935721029672	nan	nan
84.5401	1.709590961933247	23.5435	2.5051	0.06838363847732988	1197.1444116278644	nan	nan
84.7501	1.715450961933247	23.5328	2.51072	0.06861803847732988	1196.6003359719757	nan	nan
84.9601	1.722070961933247	23.5215	2.51745	0.06888283847732989	1196.0257514008033	nan	nan
85.1601	1.727860961933247	23.5313	2.5238	0.06911443847732988	1196.524063683767	nan	nan
85.3601	1.733710961933247	23.5102	2.52892	0.06934843847732988	1195.4511668296311	nan	nan
85.5601	1.739890961933247	23.516	2.5359	0.06959563847732989	1195.746086344038	nan	nan
85.7701	1.745810961933247	23.4991	2.54159	0.06983243847732988	1194.8867518968864	nan	nan
85.9801	1.752300961933247	23.4913	2.54819	0.07009203847732988	1194.4901359982011	nan	nan
86.1901	1.758630961933247	23.5064	2.55528	0.07034523847732987	1195.2579436995022	nan	nan
86.3901	1.764260961933247	23.4783	2.56042	0.07057043847732988	1193.8291095003924	nan	nan
86.6001	1.7713609619332469	23.4835	2.56701	0.07085443847732988	1194.093520099516	nan	nan
86.8001	1.777100961933247	23.4687	2.57283	0.07108403847732987	1193.3409668558565	nan	nan
87.0001	1.783090961933247	23.4674	2.57875	0.07132363847732988	1193.2748642060758	nan	nan
87.2001	1.789510961933247	23.4678	2.58543	0.07158043847732988	1193.2952034829314	nan	nan
87.4101	1.795360961933247	23.4331	2.59074	0.07181443847732988	1191.5307712157032	nan	nan
87.6201	1.8021009619332469	23.4376	2.59714	0.07208403847732987	1191.7595880803294	nan	nan
87.8301	1.808760961933247	23.426	2.60384	0.07235043847732987	1191.1697490515153	nan	nan
88.0301	1.815000961933247	23.4265	2.61008	0.07260003847732988	1191.195173147585	nan	nan
88.2401	1.821060961933247	23.4217	2.61588	0.07284243847732988	1190.951101825317	nan	nan
88.4401	1.827060961933247	23.3931	2.62176	0.07308243847732988	1189.4968435301378	nan	nan
88.6501	1.833670961933247	23.3905	2.6284	0.07334683847732988	1189.3646382305758	nan	nan
88.8601	1.839990961933247	23.387	2.63474	0.07359963847732988	1189.1866695580889	nan	nan
89.0601	1.8461309619332469	23.3861	2.64099	0.07384523847732988	1189.1409061851637	nan	nan
89.2701	1.8527709619332469	23.3678	2.64716	0.07411083847732987	1188.2103842690174	nan	nan
89.4601	1.858320961933247	23.3591	2.65228	0.07433283847732988	1187.768004997407	nan	nan
89.6701	1.864880961933247	23.346	2.65881	0.07459523847732988	1187.1018936803841	nan	nan
89.8801	1.870740961933247	23.3408	2.66494	0.07482963847732987	1186.8374830812606	nan	nan
90.0901	1.877600961933247	23.3239	2.67169	0.07510403847732988	1185.978148634109	nan	nan
90.3001	1.883980961933247	23.3131	2.67813	0.07535923847732988	1185.4289881590062	nan	nan
90.4901	1.890410961933247	23.3041	2.68413	0.07561643847732988	1184.971354429754	nan	nan
90.7001	1.896570961933247	23.29	2.69012	0.07586283847732987	1184.2543949205922	nan	nan
90.9001	1.9025609619332469	23.2801	2.69563	0.07610243847732988	1183.7509978184148	nan	nan
91.1101	1.909570961933247	23.2649	2.70251	0.07638283847732988	1182.9781052979	nan	nan
91.3201	1.915860961933247	23.2537	2.70815	0.07663443847732988	1182.4086055459413	nan	nan
91.5101	1.922010961933247	23.2361	2.71418	0.07688043847732988	1181.5136773642926	nan	nan
91.7201	1.928140961933247	23.2151	2.72002	0.07712563847732988	1180.4458653293705	nan	nan
91.9301	1.935460961933247	23.2189	2.72692	0.07741843847732988	1180.6390884594994	nan	nan
92.1401	1.941140961933247	23.1918	2.73248	0.07764563847732987	1179.2611024525286	nan	nan
92.3401	1.9476409619332469	23.1865	2.73885	0.07790563847732987	1178.991607034191	nan	nan
92.5401	1.953650961933247	23.1639	2.74442	0.07814603847732987	1177.8424378918467	nan	nan
92.7501	1.960730961933247	23.1571	2.75148	0.07842923847732988	1177.4966701853002	nan	nan
92.9601	1.966740961933247	23.1431	2.75724	0.07866963847732988	1176.7847954953525	nan	nan
93.1701	1.973370961933247	23.128	2.76391	0.07893483847732988	1176.0169877940514	nan	nan
93.3701	1.979780961933247	23.1208	2.77021	0.07919123847732988	1175.6508808106496	nan	nan
93.5801	1.985780961933247	23.1024	2.77608	0.07943123847732987	1174.7152740752892	nan	nan
93.7901	1.992760961933247	23.0912	2.7828	0.07971043847732988	1174.145774323331	nan	nan
93.9901	1.9989909619332469	23.0752	2.78863	0.07995963847732987	1173.3322032491046	nan	nan
94.2001	2.005140961933247	23.0604	2.79441	0.0802056384773299	1172.5796500054455	nan	nan
94.4001	2.0113909619332473	23.0513	2.80039	0.0804556384773299	1172.1169314569795	nan	nan
94.6001	2.0174909619332473	23.0298	2.80659	0.08069963847732989	1171.0236953259878	nan	nan
94.8101	2.0244909619332474	23.0236	2.81315	0.08097963847732989	1170.708436534725	nan	nan
95.0201	2.030620961933247	23.0076	2.81847	0.08122483847732989	1169.8948654604987	nan	nan
95.2301	2.037810961933247	22.9969	2.82579	0.08151243847732989	1169.35078980461	nan	nan
95.4401	2.0440809619332474	22.9612	2.83121	0.0817632384773299	1167.5355093452426	nan	nan
95.6501	2.0507809619332473	22.9536	2.8375	0.08203123847732989	1167.1490630849853	nan	nan
95.8401	2.056650961933247	22.9374	2.84309	0.08226603847732988	1166.3253223723311	nan	nan
96.0501	2.0634609619332474	22.9174	2.84958	0.08253843847732989	1165.3083585295483	nan	nan
96.2501	2.0698909619332473	22.913	2.85581	0.08279563847732989	1165.0846264841362	nan	nan
96.4601	2.076310961933247	22.8898	2.86192	0.08305243847732989	1163.9049484265079	nan	nan
96.6601	2.082400961933247	22.8638	2.86774	0.08329603847732989	1162.5828954308904	nan	nan
96.8701	2.0893609619332474	22.8678	2.87433	0.0835744384773299	1162.7862881994467	nan	nan
97.0801	2.0953209619332474	22.8314	2.87996	0.0838128384773299	1160.935414005582	nan	nan
97.2801	2.101600961933247	22.8286	2.8865	0.08406403847732989	1160.7930390675926	nan	nan
97.4901	2.1083209619332473	22.8078	2.89256	0.08433283847732989	1159.7353966710984	nan	nan
97.7001	2.1146409619332474	22.8048	2.89929	0.08458563847732989	1159.582852094681	nan	nan
97.9101	2.121650961933247	22.7738	2.90625	0.08486603847732989	1158.0065581383678	nan	nan
98.1101	2.1279209619332473	22.7709	2.91216	0.0851168384773299	1157.8590983811641	nan	nan
98.3201	2.134050961933247	22.7473	2.91817	0.08536203847732989	1156.6590810466803	nan	nan
98.5401	2.141100961933247	22.7447	2.92484	0.08564403847732988	1156.5268757471188	nan	nan
98.7501	2.147880961933247	22.7115	2.93135	0.08591523847732989	1154.838715768099	nan	nan
98.9601	2.1539509619332473	22.6863	2.93707	0.08615803847732989	1153.5573413261927	nan	nan
99.1801	2.1607309619332473	22.6736	2.94353	0.08642923847732989	1152.9115692860257	nan	nan
99.3901	2.1679809619332473	22.6633	2.95083	0.08671923847732989	1152.3878329069926	nan	nan
99.5901	2.174310961933247	22.6409	2.95621	0.08697243847732988	1151.2488334030757	nan	nan
99.8001	2.180500961933247	22.6193	2.96233	0.08722003847732988	1150.1505124528703	nan	nan
99.9901	2.187260961933247	22.6075	2.96838	0.08749043847732989	1149.5505037856285	nan	nan
100.2	2.1934809619332474	22.5887	2.97492	0.0877392384773299	1148.5945577734126	nan	nan
100.41	2.200300961933247	22.561	2.98112	0.08801203847732988	1147.1860628511586	nan	nan
100.62	2.2068209619332473	22.5592	2.98779	0.08827283847732989	1147.094536105308	nan	nan
100.83	2.2133309619332473	22.5233	2.99415	0.0885332384773299	1145.269086007513	nan	nan
101.02	2.219140961933247	22.5244	2.99975	0.08876563847732989	1145.325019018866	nan	nan
101.24	2.226030961933247	22.5091	3.00647	0.08904123847732988	1144.547041679137	nan	nan
101.43	2.2322609619332474	22.4918	3.01231	0.0892904384773299	1143.66736795513	nan	nan
101.64	2.238330961933247	22.4592	3.01811	0.08953323847732989	1142.009716891394	nan	nan
101.84	2.244630961933247	22.4315	3.02354	0.08978523847732989	1140.6012219691397	nan	nan
102.04	2.250800961933247	22.4309	3.02996	0.09003203847732989	1140.5707130538563	nan	nan
102.26	2.2579509619332474	22.4005	3.03725	0.0903180384773299	1139.0249280128264	nan	nan
102.46	2.264210961933247	22.3873	3.04332	0.09056843847732989	1138.3537318765896	nan	nan
102.66	2.270440961933247	22.3648	3.04932	0.09081763847732988	1137.209647553459	nan	nan
102.87	2.277300961933247	22.3456	3.05576	0.09109203847732988	1136.2333622643876	nan	nan
103.07	2.283720961933247	22.3351	3.06174	0.09134883847732989	1135.6994562469267	nan	nan
103.27	2.290050961933247	22.3087	3.06787	0.0916020384773299	1134.3570639744532	nan	nan
103.48	2.296470961933247	22.2982	3.07397	0.09185883847732988	1133.8231579569922	nan	nan
103.68	2.3027409619332473	22.2687	3.07971	0.09210963847732989	1132.3231362888876	nan	nan
103.89	2.309760961933247	22.2598	3.08599	0.09239043847732989	1131.8705873788492	nan	nan
104.1	2.3162209619332472	22.2417	3.09229	0.0926488384773299	1130.9502351011308	nan	nan
104.3	2.3224109619332474	22.2198	3.09844	0.0928964384773299	1129.8366596932835	nan	nan
104.51	2.3291009619332472	22.1882	3.10418	0.09316403847732989	1128.2298568216866	nan	nan
104.71	2.335640961933247	22.1827	3.1104	0.09342563847732988	1127.9501917649216	nan	nan
104.92	2.3420709619332474	22.1721	3.11682	0.09368283847732989	1127.4112009282464	nan	nan
105.14	2.348730961933247	22.142	3.12307	0.09394923847732989	1125.8806703448583	nan	nan
105.33	2.354920961933247	22.1182	3.12944	0.09419683847732989	1124.6704833719468	nan	nan
105.54	2.3611009619332473	22.1057	3.13512	0.09444403847732989	1124.0348809702075	nan	nan
105.73	2.367700961933247	22.092	3.14147	0.09470803847732988	1123.3382607379015	nan	nan
105.94	2.3741209619332473	22.0719	3.14739	0.0949648384773299	1122.3162120759046	nan	nan
106.15	2.380860961933247	22.0386	3.15392	0.09523443847732987	1120.6229672776713	nan	nan
106.36	2.3871409619332473	22.0252	3.15986	0.0954856384773299	1119.9416015030067	nan	nan
106.56	2.3939909619332473	22.0101	3.16617	0.09575963847732989	1119.1737938017059	nan	nan
106.77	2.4005009619332474	21.9784	3.17236	0.0960200384773299	1117.561906110895	nan	nan
106.97	2.4067409619332474	21.9554	3.17793	0.09626963847732989	1116.392397691695	nan	nan
107.18	2.412940961933247	21.9417	3.18404	0.09651763847732989	1115.6957774593884	nan	nan
107.39	2.419900961933247	21.9281	3.1905	0.09679603847732988	1115.0042420462962	nan	nan
107.59	2.4264009619332474	21.8953	3.19702	0.0970560384773299	1113.3364213441323	nan	nan
107.79	2.432740961933247	21.8869	3.20237	0.09730963847732989	1112.9092965301636	nan	nan
108	2.439380961933247	21.8694	3.20852	0.09757523847732989	1112.0194531677284	nan	nan
108.2	2.4459009619332472	21.8469	3.21556	0.09783603847732988	1110.875368844598	nan	nan
108.41	2.4528209619332473	21.8255	3.22134	0.09811283847732989	1109.7872175328203	nan	nan
108.6	2.458400961933247	21.7928	3.22637	0.09833603847732988	1108.1244816498704	nan	nan
108.81	2.465120961933247	21.7763	3.23318	0.09860483847732988	1107.2854864795745	nan	nan
109.01	2.4714609619332473	21.7596	3.2391	0.09885843847732989	1106.436321670851	nan	nan
109.22	2.4779709619332473	21.7408	3.24496	0.09911883847732988	1105.480375658635	nan	nan
109.43	2.484670961933247	21.7201	3.25129	0.09938683847732989	1104.4278180813549	nan	nan
109.64	2.490970961933247	21.6914	3.257	0.09963883847732989	1102.9684749669616	nan	nan
109.84	2.497210961933247	21.6778	3.26343	0.0998884384773299	1102.2769395538694	nan	nan
110.05	2.5043409619332473	21.6655	3.27023	0.1001736384773299	1101.6515067905577	nan	nan
110.26	2.5105209619332474	21.6308	3.27573	0.1004208384773299	1099.8870745233296	nan	nan
110.46	2.516700961933247	21.6141	3.28209	0.10066803847732989	1099.037909714606	nan	nan
110.66	2.5232009619332474	21.5989	3.28806	0.1009280384773299	1098.2650171940911	nan	nan
110.87	2.530210961933247	21.5762	3.29462	0.10120843847732988	1097.1107632325325	nan	nan
111.07	2.536700961933247	21.5463	3.30022	0.10146803847732988	1095.590402287572	nan	nan
111.27	2.5429709619332472	21.5099	3.30575	0.10171883847732989	1093.7395280937073	nan	nan
111.48	2.549320961933247	21.5074	3.31192	0.10197283847732988	1093.6124076133597	nan	nan
111.68	2.555880961933247	21.4791	3.31765	0.10223523847732988	1092.1734037758217	nan	nan
111.9	2.562730961933247	21.462	3.32473	0.10250923847732989	1091.3038996902426	nan	nan
112.08	2.5684809619332474	21.4347	3.32951	0.1027392384773299	1089.9157440448441	nan	nan
112.29	2.5756709619332474	21.4233	3.33694	0.1030268384773299	1089.336074654458	nan	nan
112.49	2.5821509619332472	21.3908	3.34251	0.1032860384773299	1087.6835084099357	nan	nan
112.69	2.588440961933247	21.3697	3.3487	0.10353763847732989	1086.6106115558	nan	nan
112.9	2.5945009619332473	21.3372	3.35403	0.10378003847732989	1084.9580453112778	nan	nan
113.11	2.6015609619332474	21.3343	3.36181	0.10406243847732989	1084.8105855540744	nan	nan
113.32	2.6077109619332473	21.2996	3.3671	0.10430843847732989	1083.0461532868462	nan	nan
113.52	2.614410961933247	21.2735	3.37313	0.10457643847732989	1081.7190154720145	nan	nan
113.72	2.6206709619332473	21.2579	3.37913	0.10482683847732989	1080.9257836746438	nan	nan
113.93	2.6276509619332473	21.2274	3.38525	0.1051060384773299	1079.3749138144	nan	nan
114.13	2.634180961933247	21.2074	3.39113	0.10536723847732989	1078.3579499716175	nan	nan
114.33	2.6405409619332474	21.1786	3.39753	0.1056216384773299	1076.89352203801	nan	nan
114.53	2.646870961933247	21.1448	3.40379	0.10587483847732988	1075.174853143707	nan	nan
114.74	2.653190961933247	21.1185	3.40969	0.1061276384773299	1073.8375456904478	nan	nan
114.94	2.659610961933247	21.0886	3.4151	0.10638443847732988	1072.3171847454873	nan	nan
115.14	2.6660109619332473	21.0721	3.42118	0.10664043847732989	1071.4781895751914	nan	nan
115.34	2.6724709619332474	21.0604	3.42751	0.1068988384773299	1070.8832657271637	nan	nan
115.56	2.6799909619332474	21.0256	3.43416	0.1071996384773299	1069.1137486407215	nan	nan
115.76	2.6863609619332474	20.9818	3.43961	0.1074544384773299	1066.8865978250271	nan	nan
115.98	2.693650961933247	20.9659	3.4471	0.10774603847732989	1066.078111570015	nan	nan
116.19	2.700560961933247	20.926	3.45309	0.10802243847732988	1064.049268703663	nan	nan
116.4	2.707330961933247	20.9011	3.45927	0.10829323847732988	1062.7831487193985	nan	nan
116.61	2.714240961933247	20.8732	3.46567	0.10856963847732988	1061.3644841587163	nan	nan
116.81	2.720680961933247	20.83	3.47094	0.10882723847732988	1059.1678422583054	nan	nan
117.02	2.727480961933247	20.8063	3.47771	0.10909923847732989	1057.9627401046077	nan	nan
117.22	2.7340909619332474	20.7606	3.48277	0.1093636384773299	1055.6389777238492	nan	nan
117.43	2.7412709619332474	20.7216	3.48967	0.1096508384773299	1053.6558982304225	nan	nan
117.64	2.747860961933247	20.6903	3.49574	0.10991443847732989	1052.0643498164675	nan	nan
117.84	2.755040961933247	20.6616	3.50122	0.11020163847732987	1050.6050067020742	nan	nan
118.05	2.7632809619332472	20.5751	3.5076	0.11053123847732989	1046.2066380820384	nan	nan
118.25	2.7720309619332473	20.4456	3.51401	0.11088123847732989	1039.6217972000197	nan	nan
118.46	2.783810961933247	20.1376	3.51963	0.11135243847732988	1023.9605540211643	nan	nan
